<?xml version="1.0" encoding="UTF-8"?>
<gc:CodeList xmlns:gc="http://docs.oasis-open.org/codelist/ns/genericode/1.0/"
             xmlns:xsi="http://www.w3.org/2001/XMLSchema-instance"
             xmlns:xoev-cl-3="http://xoev.de/schemata/genericode/3">
   <Annotation>
      <Description>
         <xoev-cl-3:nameKurz>BESTAT.Entscheidung.UeberEinrichtungDerBetreuung</xoev-cl-3:nameKurz>
         <xoev-cl-3:beschreibung-codeliste>Codeliste der verschiedenen Entscheidungsarten bei der Einrichtung der Betreuung.</xoev-cl-3:beschreibung-codeliste>
         <xoev-cl-3:herausgebernameKurz>AG IT-Standards</xoev-cl-3:herausgebernameKurz>
         <xoev-cl-3:datumGueltigkeitAb>2023-10-31</xoev-cl-3:datumGueltigkeitAb>
         <xoev-cl-3:versionCodelistenHandbuch>1.1</xoev-cl-3:versionCodelistenHandbuch>
      </Description>
   </Annotation>
   <Identification>
      <ShortName>bestat.entscheidung.ueber-einrichtung-der-betreuung</ShortName>
      <LongName>BESTAT.Entscheidung.UeberEinrichtungDerBetreuung</LongName>
      <Version>2.0</Version>
      <CanonicalUri>urn:xoev-de:xjustiz:codeliste:bestat.entscheidung.ueber-einrichtung-der-betreuung</CanonicalUri>
      <CanonicalVersionUri>urn:xoev-de:xjustiz:codeliste:bestat.entscheidung.ueber-einrichtung-der-betreuung_2.0</CanonicalVersionUri>
      <Agency>
         <LongName>BLK-AG IT-Standards in der Justiz</LongName>
      </Agency>
   </Identification>
   <ColumnSet>
      <Column Id="code" Use="required">
         <ShortName>code</ShortName>
         <LongName>Schlüssel</LongName>
         <Data Type="string"/>
      </Column>
      <Column Id="wert" Use="required">
         <ShortName>wert</ShortName>
         <LongName>Wert</LongName>
         <Data Type="string"/>
      </Column>
      <Key Id="codeKey">
         <Annotation>
            <AppInfo>
               <xoev-cl-3:empfohleneCodeSpalte/>
            </AppInfo>
         </Annotation>
         <ShortName>codeKey</ShortName>
         <ColumnRef Ref="code"/>
      </Key>
   </ColumnSet>
   <SimpleCodeList>
      <Row>
         <Value ColumnRef="code">
            <SimpleValue>1</SimpleValue>
         </Value>
         <Value ColumnRef="wert">
            <SimpleValue>101/201_EntschEinrBetrÜbern</SimpleValue>
         </Value>
      </Row>
      <Row>
         <Value ColumnRef="code">
            <SimpleValue>2</SimpleValue>
         </Value>
         <Value ColumnRef="wert">
            <SimpleValue>101/201_EntschEinrBetrEinr</SimpleValue>
         </Value>
      </Row>
      <Row>
         <Value ColumnRef="code">
            <SimpleValue>3</SimpleValue>
         </Value>
         <Value ColumnRef="wert">
            <SimpleValue>101/201_EntschEinrBetrAblVV</SimpleValue>
         </Value>
      </Row>
      <Row>
         <Value ColumnRef="code">
            <SimpleValue>4</SimpleValue>
         </Value>
         <Value ColumnRef="wert">
            <SimpleValue>101/201_EntschEinrBetrAblsonst</SimpleValue>
         </Value>
      </Row>
      <Row>
         <Value ColumnRef="code">
            <SimpleValue>5</SimpleValue>
         </Value>
         <Value ColumnRef="wert">
            <SimpleValue>101/201_EntschEinrBetrSonstErl</SimpleValue>
         </Value>
      </Row>
   </SimpleCodeList>
</gc:CodeList>
