<?xml version="1.0" encoding="UTF-8"?>
<gc:CodeList xmlns:gc="http://docs.oasis-open.org/codelist/ns/genericode/1.0/"
             xmlns:xsi="http://www.w3.org/2001/XMLSchema-instance"
             xmlns:xoev-cl-3="http://xoev.de/schemata/genericode/3">
   <Annotation>
      <Description>
         <xoev-cl-3:nameKurz>BESTAT.Geschaeftsanfall</xoev-cl-3:nameKurz>
         <xoev-cl-3:beschreibung-codeliste>Codeliste der verschiedenen Geschäftsanfälle.</xoev-cl-3:beschreibung-codeliste>
         <xoev-cl-3:herausgebernameKurz>AG IT-Standards</xoev-cl-3:herausgebernameKurz>
         <xoev-cl-3:datumGueltigkeitAb>2023-10-31</xoev-cl-3:datumGueltigkeitAb>
         <xoev-cl-3:versionCodelistenHandbuch>1.1</xoev-cl-3:versionCodelistenHandbuch>
      </Description>
   </Annotation>
   <Identification>
      <ShortName>bestat.geschaeftsanfall</ShortName>
      <LongName>BESTAT.Geschaeftsanfall</LongName>
      <Version>2.0</Version>
      <CanonicalUri>urn:xoev-de:xjustiz:codeliste:bestat.geschaeftsanfall</CanonicalUri>
      <CanonicalVersionUri>urn:xoev-de:xjustiz:codeliste:bestat.geschaeftsanfall_2.0</CanonicalVersionUri>
      <Agency>
         <LongName>BLK-AG IT-Standards in der Justiz</LongName>
      </Agency>
   </Identification>
   <ColumnSet>
      <Column Id="code" Use="required">
         <ShortName>code</ShortName>
         <LongName>Schlüssel</LongName>
         <Data Type="string"/>
      </Column>
      <Column Id="wert" Use="required">
         <ShortName>wert</ShortName>
         <LongName>Wert</LongName>
         <Data Type="string"/>
      </Column>
      <Key Id="codeKey">
         <Annotation>
            <AppInfo>
               <xoev-cl-3:empfohleneCodeSpalte/>
            </AppInfo>
         </Annotation>
         <ShortName>codeKey</ShortName>
         <ColumnRef Ref="code"/>
      </Key>
   </ColumnSet>
   <SimpleCodeList>
      <Row>
         <Value ColumnRef="code">
            <SimpleValue>1</SimpleValue>
         </Value>
         <Value ColumnRef="wert">
            <SimpleValue>301_ÄrztlMaßn1904Antrag</SimpleValue>
         </Value>
      </Row>
      <Row>
         <Value ColumnRef="code">
            <SimpleValue>10</SimpleValue>
         </Value>
         <Value ColumnRef="wert">
            <SimpleValue>310_UnterbringungAnordnung1846</SimpleValue>
         </Value>
      </Row>
      <Row>
         <Value ColumnRef="code">
            <SimpleValue>11</SimpleValue>
         </Value>
         <Value ColumnRef="wert">
            <SimpleValue>311_UnterbringungAnordnung1846VerlDarunter</SimpleValue>
         </Value>
      </Row>
      <Row>
         <Value ColumnRef="code">
            <SimpleValue>12</SimpleValue>
         </Value>
         <Value ColumnRef="wert">
            <SimpleValue>312_ÄrztlZwangsmaßnAntrag</SimpleValue>
         </Value>
      </Row>
      <Row>
         <Value ColumnRef="code">
            <SimpleValue>13</SimpleValue>
         </Value>
         <Value ColumnRef="wert">
            <SimpleValue>313_ÄrztlZwangsmaßnAntragVerlDarunter</SimpleValue>
         </Value>
      </Row>
      <Row>
         <Value ColumnRef="code">
            <SimpleValue>14</SimpleValue>
         </Value>
         <Value ColumnRef="wert">
            <SimpleValue>314_ÄrztlZwangsmaßnGenehmigung</SimpleValue>
         </Value>
      </Row>
      <Row>
         <Value ColumnRef="code">
            <SimpleValue>15</SimpleValue>
         </Value>
         <Value ColumnRef="wert">
            <SimpleValue>315_ÄrztlZwangsmaßnGenehmigungVerlDarunter</SimpleValue>
         </Value>
      </Row>
      <Row>
         <Value ColumnRef="code">
            <SimpleValue>16</SimpleValue>
         </Value>
         <Value ColumnRef="wert">
            <SimpleValue>316_ÄrztlZwangsmaßnAblehnung</SimpleValue>
         </Value>
      </Row>
      <Row>
         <Value ColumnRef="code">
            <SimpleValue>17</SimpleValue>
         </Value>
         <Value ColumnRef="wert">
            <SimpleValue>317_ÄrztlZwangsmaßnAblehnungVerlDarunter</SimpleValue>
         </Value>
      </Row>
      <Row>
         <Value ColumnRef="code">
            <SimpleValue>18</SimpleValue>
         </Value>
         <Value ColumnRef="wert">
            <SimpleValue>318_ÄrztlZwangsmaßnAnordnung1846</SimpleValue>
         </Value>
      </Row>
      <Row>
         <Value ColumnRef="code">
            <SimpleValue>19</SimpleValue>
         </Value>
         <Value ColumnRef="wert">
            <SimpleValue>319_ÄrztlZwangsmaßnAnordnung1846VerlDarunter</SimpleValue>
         </Value>
      </Row>
      <Row>
         <Value ColumnRef="code">
            <SimpleValue>2</SimpleValue>
         </Value>
         <Value ColumnRef="wert">
            <SimpleValue>302_ÄrztlMaßn1904Genehmigung</SimpleValue>
         </Value>
      </Row>
      <Row>
         <Value ColumnRef="code">
            <SimpleValue>20</SimpleValue>
         </Value>
         <Value ColumnRef="wert">
            <SimpleValue>320_UÄMaßnahmeAntrag</SimpleValue>
         </Value>
      </Row>
      <Row>
         <Value ColumnRef="code">
            <SimpleValue>21</SimpleValue>
         </Value>
         <Value ColumnRef="wert">
            <SimpleValue>321_UÄMaßnahmeAntragVerlDarunter</SimpleValue>
         </Value>
      </Row>
      <Row>
         <Value ColumnRef="code">
            <SimpleValue>22</SimpleValue>
         </Value>
         <Value ColumnRef="wert">
            <SimpleValue>322_UÄMaßnahmeGenehmigung</SimpleValue>
         </Value>
      </Row>
      <Row>
         <Value ColumnRef="code">
            <SimpleValue>23</SimpleValue>
         </Value>
         <Value ColumnRef="wert">
            <SimpleValue>323_UÄMaßnahmeGenehmigungVerlDarunter</SimpleValue>
         </Value>
      </Row>
      <Row>
         <Value ColumnRef="code">
            <SimpleValue>24</SimpleValue>
         </Value>
         <Value ColumnRef="wert">
            <SimpleValue>324_UÄMaßnahmeAblehnung</SimpleValue>
         </Value>
      </Row>
      <Row>
         <Value ColumnRef="code">
            <SimpleValue>25</SimpleValue>
         </Value>
         <Value ColumnRef="wert">
            <SimpleValue>325_UÄMaßnahmeAblehnungVerlDarunter</SimpleValue>
         </Value>
      </Row>
      <Row>
         <Value ColumnRef="code">
            <SimpleValue>26</SimpleValue>
         </Value>
         <Value ColumnRef="wert">
            <SimpleValue>326_UÄMaßnahmeAnordnung1846</SimpleValue>
         </Value>
      </Row>
      <Row>
         <Value ColumnRef="code">
            <SimpleValue>27</SimpleValue>
         </Value>
         <Value ColumnRef="wert">
            <SimpleValue>327_UÄMaßnahmeAnordnung1846VerlDarunter</SimpleValue>
         </Value>
      </Row>
      <Row>
         <Value ColumnRef="code">
            <SimpleValue>28</SimpleValue>
         </Value>
         <Value ColumnRef="wert">
            <SimpleValue>328_UÄMaßnahmeAntrag</SimpleValue>
         </Value>
      </Row>
      <Row>
         <Value ColumnRef="code">
            <SimpleValue>29</SimpleValue>
         </Value>
         <Value ColumnRef="wert">
            <SimpleValue>329_UÄMaßnahmeAntragVerlDarunter</SimpleValue>
         </Value>
      </Row>
      <Row>
         <Value ColumnRef="code">
            <SimpleValue>3</SimpleValue>
         </Value>
         <Value ColumnRef="wert">
            <SimpleValue>303_ÄrztlMaßn1904Ablehnung</SimpleValue>
         </Value>
      </Row>
      <Row>
         <Value ColumnRef="code">
            <SimpleValue>30</SimpleValue>
         </Value>
         <Value ColumnRef="wert">
            <SimpleValue>330_UÄMaßnahmeGenehmigung</SimpleValue>
         </Value>
      </Row>
      <Row>
         <Value ColumnRef="code">
            <SimpleValue>31</SimpleValue>
         </Value>
         <Value ColumnRef="wert">
            <SimpleValue>331_UÄMaßnahmeGenehmigungVerlDarunter</SimpleValue>
         </Value>
      </Row>
      <Row>
         <Value ColumnRef="code">
            <SimpleValue>32</SimpleValue>
         </Value>
         <Value ColumnRef="wert">
            <SimpleValue>332_UÄMaßnahmeAblehnung</SimpleValue>
         </Value>
      </Row>
      <Row>
         <Value ColumnRef="code">
            <SimpleValue>33</SimpleValue>
         </Value>
         <Value ColumnRef="wert">
            <SimpleValue>333_UÄMaßnahmeAblehnungVerlDarunter</SimpleValue>
         </Value>
      </Row>
      <Row>
         <Value ColumnRef="code">
            <SimpleValue>34</SimpleValue>
         </Value>
         <Value ColumnRef="wert">
            <SimpleValue>334_PflegschaftBestandBeginn</SimpleValue>
         </Value>
      </Row>
      <Row>
         <Value ColumnRef="code">
            <SimpleValue>35</SimpleValue>
         </Value>
         <Value ColumnRef="wert">
            <SimpleValue>335_PflegschaftBestandKorrektur</SimpleValue>
         </Value>
      </Row>
      <Row>
         <Value ColumnRef="code">
            <SimpleValue>36</SimpleValue>
         </Value>
         <Value ColumnRef="wert">
            <SimpleValue>336_PflegschaftEingänge</SimpleValue>
         </Value>
      </Row>
      <Row>
         <Value ColumnRef="code">
            <SimpleValue>37</SimpleValue>
         </Value>
         <Value ColumnRef="wert">
            <SimpleValue>337_PflegschaftErledigungen</SimpleValue>
         </Value>
      </Row>
      <Row>
         <Value ColumnRef="code">
            <SimpleValue>38</SimpleValue>
         </Value>
         <Value ColumnRef="wert">
            <SimpleValue>338_PflegschaftBestandEnde</SimpleValue>
         </Value>
      </Row>
      <Row>
         <Value ColumnRef="code">
            <SimpleValue>39</SimpleValue>
         </Value>
         <Value ColumnRef="wert">
            <SimpleValue>339_Zuweisungssachen</SimpleValue>
         </Value>
      </Row>
      <Row>
         <Value ColumnRef="code">
            <SimpleValue>4</SimpleValue>
         </Value>
         <Value ColumnRef="wert">
            <SimpleValue>304_UnterbringungAntrag</SimpleValue>
         </Value>
      </Row>
      <Row>
         <Value ColumnRef="code">
            <SimpleValue>40</SimpleValue>
         </Value>
         <Value ColumnRef="wert">
            <SimpleValue>340_RechtshilfeersuchenRichter</SimpleValue>
         </Value>
      </Row>
      <Row>
         <Value ColumnRef="code">
            <SimpleValue>41</SimpleValue>
         </Value>
         <Value ColumnRef="wert">
            <SimpleValue>341_RechtshilfeersuchenRechtspfl</SimpleValue>
         </Value>
      </Row>
      <Row>
         <Value ColumnRef="code">
            <SimpleValue>42</SimpleValue>
         </Value>
         <Value ColumnRef="wert">
            <SimpleValue>342_RechtshilfeersuchenGeschäftsst</SimpleValue>
         </Value>
      </Row>
      <Row>
         <Value ColumnRef="code">
            <SimpleValue>5</SimpleValue>
         </Value>
         <Value ColumnRef="wert">
            <SimpleValue>305_UnterbringungAntragVerlDarunter</SimpleValue>
         </Value>
      </Row>
      <Row>
         <Value ColumnRef="code">
            <SimpleValue>6</SimpleValue>
         </Value>
         <Value ColumnRef="wert">
            <SimpleValue>306_UnterbringungGenehmigung</SimpleValue>
         </Value>
      </Row>
      <Row>
         <Value ColumnRef="code">
            <SimpleValue>7</SimpleValue>
         </Value>
         <Value ColumnRef="wert">
            <SimpleValue>307_UnterbringungGenehmigungVerlDarunter</SimpleValue>
         </Value>
      </Row>
      <Row>
         <Value ColumnRef="code">
            <SimpleValue>8</SimpleValue>
         </Value>
         <Value ColumnRef="wert">
            <SimpleValue>308_UnterbringungAblehnung</SimpleValue>
         </Value>
      </Row>
      <Row>
         <Value ColumnRef="code">
            <SimpleValue>9</SimpleValue>
         </Value>
         <Value ColumnRef="wert">
            <SimpleValue>309_UnterbringungAblehnungVerlDarunter</SimpleValue>
         </Value>
      </Row>
   </SimpleCodeList>
</gc:CodeList>
