<?xml version="1.0" encoding="UTF-8"?>
<gc:CodeList xmlns:gc="http://docs.oasis-open.org/codelist/ns/genericode/1.0/"
             xmlns:xsi="http://www.w3.org/2001/XMLSchema-instance"
             xmlns:xoev-cl-4="http://xoev.de/schemata/genericode/4">
   <Annotation>
      <Description>
         <xoev-cl-4:shortName>Bewertungsvorschlag</xoev-cl-4:shortName>
         <xoev-cl-4:codelistDescription>Die Werteliste der Bewertungsvorschläge.</xoev-cl-4:codelistDescription>
         <xoev-cl-4:agencyShortName>ag-xdomea</xoev-cl-4:agencyShortName>
         <xoev-cl-4:validFrom>2016-01-01</xoev-cl-4:validFrom>
         <xoev-cl-4:versionHandbook>1.2</xoev-cl-4:versionHandbook>
      </Description>
   </Annotation>
   <Identification>
      <ShortName>bewertungsvorschlag</ShortName>
      <LongName>Bewertungsvorschlag</LongName>
      <Version>1.0</Version>
      <CanonicalUri>urn:xoev-de:xdomea:codeliste:bewertungsvorschlag</CanonicalUri>
      <CanonicalVersionUri>urn:xoev-de:xdomea:codeliste:bewertungsvorschlag_1.0</CanonicalVersionUri>
      <Agency>
         <LongName>AG xdomea des IT-Planungsrates</LongName>
      </Agency>
   </Identification>
   <ColumnSet>
      <Column Id="code" Use="required">
         <ShortName>code</ShortName>
         <LongName>Code</LongName>
         <Data Type="string"/>
      </Column>
      <Column Id="beschreibung" Use="required">
         <ShortName>beschreibung</ShortName>
         <LongName>Beschreibung</LongName>
         <Data Type="string"/>
      </Column>
      <Key Id="codeKey">
         <Annotation>
            <AppInfo>
               <xoev-cl-4:recommendedKeyColumn/>
            </AppInfo>
         </Annotation>
         <ShortName>codeKey</ShortName>
         <ColumnRef Ref="code"/>
      </Key>
   </ColumnSet>
   <SimpleCodeList>
      <Row>
         <Value ColumnRef="code">
            <SimpleValue>A</SimpleValue>
         </Value>
         <Value ColumnRef="beschreibung">
            <SimpleValue>Das Schriftgutobjekt ist archivwürdig.</SimpleValue>
         </Value>
      </Row>
      <Row>
         <Value ColumnRef="code">
            <SimpleValue>V</SimpleValue>
         </Value>
         <Value ColumnRef="beschreibung">
            <SimpleValue>Das Schriftgutobjekt ist zum Vernichten markiert.</SimpleValue>
         </Value>
      </Row>
   </SimpleCodeList>
</gc:CodeList>
