<?xml version="1.0" encoding="UTF-8"?>
<gc:CodeList xmlns:gc="http://docs.oasis-open.org/codelist/ns/genericode/1.0/"
             xmlns:xoev-cl-2="http://xoev.de/schemata/genericode/2"
             xmlns:xsi="http://www.w3.org/2001/XMLSchema-instance">
   <Annotation>
      <Description>
         <xoev-cl-2:nameKurz>BfJ GZR Gewerbeart</xoev-cl-2:nameKurz>
         <xoev-cl-2:beschreibung-codeliste>Für die Verwendung in XBfJ. Diese Codeliste enthält Bezeichnungen und Schlüssel zu den Arten von Gewerbe, die im GZR von Entscheidungen betroffen sind.</xoev-cl-2:beschreibung-codeliste>
         <xoev-cl-2:herausgebernameKurz>BfJ</xoev-cl-2:herausgebernameKurz>
         <xoev-cl-2:datumGueltigkeitAb>2019-05-17</xoev-cl-2:datumGueltigkeitAb>
         <xoev-cl-2:versionXOEVHandbuch>2.1</xoev-cl-2:versionXOEVHandbuch>
      </Description>
   </Annotation>
   <Identification>
      <ShortName>gzr.gewerbeart</ShortName>
      <LongName>BfJ GZR Gewerbeart</LongName>
      <Version>1.0</Version>
      <CanonicalUri>urn:xoev-de:bund:bfj:codeliste:gzr.gewerbeart</CanonicalUri>
      <CanonicalVersionUri>urn:xoev-de:bund:bfj:codeliste:gzr.gewerbeart_1.0</CanonicalVersionUri>
      <Agency>
         <LongName>Bundesamt für Justiz, Bonn</LongName>
      </Agency>
   </Identification>
   <ColumnSet>
      <Column Id="schluessel" Use="required">
         <ShortName>schluessel</ShortName>
         <LongName>Schlüssel</LongName>
         <Data Type="string"/>
      </Column>
      <Column Id="wert" Use="required">
         <ShortName>wert</ShortName>
         <LongName>Wert</LongName>
         <Data Type="string"/>
      </Column>
      <Key Id="codeKey">
         <Annotation>
            <AppInfo>
               <xoev-cl-2:xoev-code/>
            </AppInfo>
         </Annotation>
         <ShortName>codeKey</ShortName>
         <ColumnRef Ref="schluessel"/>
      </Key>
   </ColumnSet>
   <SimpleCodeList>
      <Row>
         <Value ColumnRef="schluessel">
            <SimpleValue>S</SimpleValue>
         </Value>
         <Value ColumnRef="wert">
            <SimpleValue>Stehendes Gewerbe</SimpleValue>
         </Value>
      </Row>
      <Row>
         <Value ColumnRef="schluessel">
            <SimpleValue>R</SimpleValue>
         </Value>
         <Value ColumnRef="wert">
            <SimpleValue>Reisegewerbe</SimpleValue>
         </Value>
      </Row>
      <Row>
         <Value ColumnRef="schluessel">
            <SimpleValue>M</SimpleValue>
         </Value>
         <Value ColumnRef="wert">
            <SimpleValue>Marktverkehr</SimpleValue>
         </Value>
      </Row>
      <Row>
         <Value ColumnRef="schluessel">
            <SimpleValue>W</SimpleValue>
         </Value>
         <Value ColumnRef="wert">
            <SimpleValue>Sonstige wirtschaftliche Unternehmungen</SimpleValue>
         </Value>
      </Row>
   </SimpleCodeList>
</gc:CodeList>
