<?xml version="1.0" encoding="UTF-8"?>
<gc:CodeList xmlns:gc="http://docs.oasis-open.org/codelist/ns/genericode/1.0/"
             xmlns:xoev-cl-2="http://xoev.de/schemata/genericode/2"
             xmlns:xsi="http://www.w3.org/2001/XMLSchema-instance">
   <Annotation>
      <Description>
         <xoev-cl-2:nameKurz>BfJ Nachrichtencode BZR Anfrage unbeschränkte Auskunft</xoev-cl-2:nameKurz>
         <xoev-cl-2:beschreibung-codeliste>Für die Verwendung in XBfJ. Diese Codeliste bildet die relevanten Nachrichtencodes für BZR-Anfragen für unbeschränkte Auskünfte ab. Der Nachrichtencode wird benötigt, um die fachlich-rechtliche Rolle einer eingehenden Nachricht beim BfJ näher zu bestimmen. Vom Nachrichtencode hängt die weitere Verarbeitung im BfJ und der Umfang der ggf. zu erteilenden Auskunft ab.</xoev-cl-2:beschreibung-codeliste>
         <xoev-cl-2:herausgebernameKurz>BfJ</xoev-cl-2:herausgebernameKurz>
         <xoev-cl-2:datumGueltigkeitAb>2019-05-17</xoev-cl-2:datumGueltigkeitAb>
         <xoev-cl-2:versionXOEVHandbuch>2.1</xoev-cl-2:versionXOEVHandbuch>
      </Description>
   </Annotation>
   <Identification>
      <ShortName>nachrichtencode.bzr.anfrageunbeschraenkteauskunft</ShortName>
      <LongName>BfJ Nachrichtencode BZR Anfrage unbeschränkte Auskunft</LongName>
      <Version>1.0</Version>
      <CanonicalUri>urn:xoev-de:bund:bfj:codeliste:nachrichtencode.bzr.anfrageunbeschraenkteauskunft</CanonicalUri>
      <CanonicalVersionUri>urn:xoev-de:bund:bfj:codeliste:nachrichtencode.bzr.anfrageunbeschraenkteauskunft_1.0</CanonicalVersionUri>
      <Agency>
         <LongName>Bundesamt für Justiz, Bonn</LongName>
      </Agency>
   </Identification>
   <ColumnSet>
      <Column Id="schluessel" Use="required">
         <ShortName>schluessel</ShortName>
         <LongName>Schlüssel</LongName>
         <Data Type="string"/>
      </Column>
      <Column Id="wert" Use="required">
         <ShortName>wert</ShortName>
         <LongName>Wert</LongName>
         <Data Type="string"/>
      </Column>
      <Key Id="codeKey">
         <Annotation>
            <AppInfo>
               <xoev-cl-2:xoev-code/>
            </AppInfo>
         </Annotation>
         <ShortName>codeKey</ShortName>
         <ColumnRef Ref="schluessel"/>
      </Key>
   </ColumnSet>
   <SimpleCodeList>
      <Row>
         <Value ColumnRef="schluessel">
            <SimpleValue>RB</SimpleValue>
         </Value>
         <Value ColumnRef="wert">
            <SimpleValue>Ersuchen um unbeschränkte Auskunft aus dem Zentralregister (ohne Auskunft aus dem Erziehungsregister)</SimpleValue>
         </Value>
      </Row>
      <Row>
         <Value ColumnRef="schluessel">
            <SimpleValue>SB</SimpleValue>
         </Value>
         <Value ColumnRef="wert">
            <SimpleValue>Ersuchen um Auskunft aus dem Erziehungsregister (ohne Auskunft aus dem Zentralregister)</SimpleValue>
         </Value>
      </Row>
      <Row>
         <Value ColumnRef="schluessel">
            <SimpleValue>TR</SimpleValue>
         </Value>
         <Value ColumnRef="wert">
            <SimpleValue>Ersuchen um unbeschränkte Auskunft aus dem Zentral- und Erziehungsregister gemäß §§ 41 Abs. 1, 61 Abs. 1 Nr. 1, 4 und 5 BZRG</SimpleValue>
         </Value>
      </Row>
      <Row>
         <Value ColumnRef="schluessel">
            <SimpleValue>TS</SimpleValue>
         </Value>
         <Value ColumnRef="wert">
            <SimpleValue>Ersuchen um unbeschränkte Auskunft aus dem Zentral- und Erziehungsregister für ein Strafverfahren gegen den Betroffenen</SimpleValue>
         </Value>
      </Row>
      <Row>
         <Value ColumnRef="schluessel">
            <SimpleValue>AU</SimpleValue>
         </Value>
         <Value ColumnRef="wert">
            <SimpleValue>Ersuchen einer Justizbehörde um Auskunft ausschließlich aus einem ausländischen Strafregister</SimpleValue>
         </Value>
      </Row>
      <Row>
         <Value ColumnRef="schluessel">
            <SimpleValue>AV</SimpleValue>
         </Value>
         <Value ColumnRef="wert">
            <SimpleValue>Ersuchen einer Verwaltungsbehörde um Auskunft ausschließlich aus einem ausländischen Strafregister</SimpleValue>
         </Value>
      </Row>
   </SimpleCodeList>
</gc:CodeList>
