<?xml version="1.0" encoding="UTF-8"?>
<gc:CodeList xmlns:gc="http://docs.oasis-open.org/codelist/ns/genericode/1.0/"
             xmlns:xoev-cl-3="http://xoev.de/schemata/genericode/3"
             xmlns:xsi="http://www.w3.org/2001/XMLSchema-instance">
   <Annotation>
      <Description>
         <xoev-cl-3:nameKurz>BfJ Nachrichtencode BZR Auskunft</xoev-cl-3:nameKurz>
         <xoev-cl-3:beschreibung-codeliste>Für die Verwendung in XBfJ. Diese Codeliste bildet die relevanten Nachrichtencodes für BZR-Auskünfte ab. Der Nachrichtencode wird benötigt, um die fachlich-rechtliche Rolle einer eingehenden Nachricht beim BfJ näher zu bestimmen. Vom Nachrichtencode hängt die weitere Verarbeitung im BfJ und der Umfang der zu erteilenden Auskunft ab.</xoev-cl-3:beschreibung-codeliste>
         <xoev-cl-3:herausgebernameKurz>BfJ</xoev-cl-3:herausgebernameKurz>
         <xoev-cl-3:datumGueltigkeitAb>2020-09-01</xoev-cl-3:datumGueltigkeitAb>
         <xoev-cl-3:versionCodelistenHandbuch>1.0</xoev-cl-3:versionCodelistenHandbuch>
         <xoev-cl-3:aenderungZurVorversion>Ergänzung der Schlüsseltabelle bzgl. der Nachrichtencodes für Nachricht 0105</xoev-cl-3:aenderungZurVorversion>
      </Description>
   </Annotation>
   <Identification>
      <ShortName>nachrichtencode.bzr.auskunft</ShortName>
      <LongName xml:lang="de-DE">BfJ Nachrichtencode BZR Auskunft</LongName>
      <Version>3.0</Version>
      <CanonicalUri>urn:xoev-de:bund:bfj:codeliste:nachrichtencode.bzr.auskunft</CanonicalUri>
      <CanonicalVersionUri>urn:xoev-de:bund:bfj:codeliste:nachrichtencode.bzr.auskunft_3.0</CanonicalVersionUri>
      <Agency>
         <LongName xml:lang="de-DE">Bundesamt für Justiz, Bonn</LongName>
      </Agency>
   </Identification>
   <ColumnSet>
      <Column Id="schluessel" Use="required">
         <ShortName>schluessel</ShortName>
         <LongName xml:lang="de-DE">Schlüssel</LongName>
         <Data Type="string"/>
      </Column>
      <Column Id="wert" Use="required">
         <ShortName>wert</ShortName>
         <LongName xml:lang="de-DE">Wert</LongName>
         <Data Type="string"/>
      </Column>
      <Key Id="schluesselKey">
         <Annotation>
            <AppInfo>
               <xoev-cl-3:empfohleneCodeSpalte/>
            </AppInfo>
         </Annotation>
         <ShortName>schluesselKey</ShortName>
         <ColumnRef Ref="schluessel"/>
      </Key>
   </ColumnSet>
   <SimpleCodeList>
      <Row>
         <Value ColumnRef="schluessel">
            <SimpleValue>OB</SimpleValue>
         </Value>
         <Value ColumnRef="wert">
            <SimpleValue>Führungszeugnis zur Vorlage bei einer Behörde nach § 30 Abs. 5 BZRG</SimpleValue>
         </Value>
      </Row>
      <Row>
         <Value ColumnRef="schluessel">
            <SimpleValue>OE</SimpleValue>
         </Value>
         <Value ColumnRef="wert">
            <SimpleValue>erweitertes Führungszeugnis zur Vorlage bei einer Behörde nach §§ 30 Abs. 5, 30a BZRG</SimpleValue>
         </Value>
      </Row>
      <Row>
         <Value ColumnRef="schluessel">
            <SimpleValue>OG</SimpleValue>
         </Value>
         <Value ColumnRef="wert">
            <SimpleValue>Führungszeugnis zur Vorlage bei einer Behörde nach § 30 Abs. 5 BZRG für gewerberechtliche Entscheidungen i. S. d. § 149 Abs. 2 Satz 1 Nr. 1 GewO</SimpleValue>
         </Value>
      </Row>
      <Row>
         <Value ColumnRef="schluessel">
            <SimpleValue>OH</SimpleValue>
         </Value>
         <Value ColumnRef="wert">
            <SimpleValue>erweitertes Führungszeugnis zur Vorlage bei einer Behörde nach §§ 30 Abs. 5, 30a BZRG für gewerberechtliche Entscheidungen i. S. d. § 149 Abs. 2 Satz 1 Nr. 1 GewO</SimpleValue>
         </Value>
      </Row>
      <Row>
         <Value ColumnRef="schluessel">
            <SimpleValue>PB</SimpleValue>
         </Value>
         <Value ColumnRef="wert">
            <SimpleValue>Führungszeugnis zur Vorlage bei einer Behörde nach § 30 Abs. 5 BZRG mit vorheriger Einsichtnahme bei einem Amtsgericht, sollte das Führungszeugnis Eintragungen enthalten</SimpleValue>
         </Value>
      </Row>
      <Row>
         <Value ColumnRef="schluessel">
            <SimpleValue>PE</SimpleValue>
         </Value>
         <Value ColumnRef="wert">
            <SimpleValue>erweitertes Führungszeugnis zur Vorlage bei einer Behörde nach §§ 30 Abs. 5, 30a BZRG mit vorheriger Einsichtnahme beim Amtsgericht, sollte das Führungszeugnis Eintragungen enthalten</SimpleValue>
         </Value>
      </Row>
      <Row>
         <Value ColumnRef="schluessel">
            <SimpleValue>PG</SimpleValue>
         </Value>
         <Value ColumnRef="wert">
            <SimpleValue>Führungszeugnis zur Vorlage bei einer Behörde nach § 30 Abs. 5 BZRG für gewerberechtliche Entscheidungen i. S. d. § 149 Abs. 2 Satz 1 Nr. 1 GewO mit Einsichtnahme bei einem Amtsgericht, sollte das Führungszeugnis Eintragungen enthalten</SimpleValue>
         </Value>
      </Row>
      <Row>
         <Value ColumnRef="schluessel">
            <SimpleValue>PH</SimpleValue>
         </Value>
         <Value ColumnRef="wert">
            <SimpleValue>erweitertes Behördenführungszeugnis zur Vorlage bei einer Behörde nach §§ 30 Abs. 5, 30a BZRG für gewerberechtliche Entscheidungen i. S. d. § 149 Abs. 2 Satz 1 Nr. 1 GewO mit Einsichtnahme bei einem Amtsgericht, sollte das Führungszeugnis Eintragungen enthalten</SimpleValue>
         </Value>
      </Row>
      <Row>
         <Value ColumnRef="schluessel">
            <SimpleValue>OF</SimpleValue>
         </Value>
         <Value ColumnRef="wert">
            <SimpleValue>erweitertes Behördenführungszeugnis nach § 31 BZRG</SimpleValue>
         </Value>
      </Row>
      <Row>
         <Value ColumnRef="schluessel">
            <SimpleValue>OU</SimpleValue>
         </Value>
         <Value ColumnRef="wert">
            <SimpleValue>Behördenführungszeugnis nach § 31 BZRG</SimpleValue>
         </Value>
      </Row>
      <Row>
         <Value ColumnRef="schluessel">
            <SimpleValue>OW</SimpleValue>
         </Value>
         <Value ColumnRef="wert">
            <SimpleValue>Behördenführungszeugnis nach § 31 BZRG</SimpleValue>
         </Value>
      </Row>
      <Row>
         <Value ColumnRef="schluessel">
            <SimpleValue>OX</SimpleValue>
         </Value>
         <Value ColumnRef="wert">
            <SimpleValue>erweitertes Behördenführungszeugnis nach § 31 BZRG</SimpleValue>
         </Value>
      </Row>
      <Row>
         <Value ColumnRef="schluessel">
            <SimpleValue>AE</SimpleValue>
         </Value>
         <Value ColumnRef="wert">
            <SimpleValue>Erstauskunft im Ähnlichenservice</SimpleValue>
         </Value>
      </Row>
      <Row>
         <Value ColumnRef="schluessel">
            <SimpleValue>AF</SimpleValue>
         </Value>
         <Value ColumnRef="wert">
            <SimpleValue>Folgeauskunft im Ähnlichenservice</SimpleValue>
         </Value>
      </Row>
      <Row>
         <Value ColumnRef="schluessel">
            <SimpleValue>RB</SimpleValue>
         </Value>
         <Value ColumnRef="wert">
            <SimpleValue>Auskunft aus dem Zentralregister</SimpleValue>
         </Value>
      </Row>
      <Row>
         <Value ColumnRef="schluessel">
            <SimpleValue>SB</SimpleValue>
         </Value>
         <Value ColumnRef="wert">
            <SimpleValue>Auskunft aus dem Erziehungsregister</SimpleValue>
         </Value>
      </Row>
      <Row>
         <Value ColumnRef="schluessel">
            <SimpleValue>TR</SimpleValue>
         </Value>
         <Value ColumnRef="wert">
            <SimpleValue>Auskunft aus dem Zentralregister und aus dem Erziehungsregister</SimpleValue>
         </Value>
      </Row>
      <Row>
         <Value ColumnRef="schluessel">
            <SimpleValue>TS</SimpleValue>
         </Value>
         <Value ColumnRef="wert">
            <SimpleValue>Auskunft aus dem Zentralregister und aus dem Erziehungsregister</SimpleValue>
         </Value>
      </Row>
   </SimpleCodeList>
</gc:CodeList>
