<?xml version="1.0" encoding="UTF-8"?>
<gc:CodeList xmlns:gc="http://docs.oasis-open.org/codelist/ns/genericode/1.0/"
             xmlns:xoev-cl-4="http://xoev.de/schemata/genericode/4"
             xmlns:xsi="http://www.w3.org/2001/XMLSchema-instance">
   <Annotation>
      <Description>
         <xoev-cl-4:shortName>BfJ BZR Freiheitsentziehung Art</xoev-cl-4:shortName>
         <xoev-cl-4:codelistDescription>Für die Verwendung in XBfJ. Diese Codeliste enthält die Arten von Freiheitsentziehung bei gerichtlichen Entscheidungen zu Straftaten.</xoev-cl-4:codelistDescription>
         <xoev-cl-4:agencyShortName>BfJ</xoev-cl-4:agencyShortName>
         <xoev-cl-4:validFrom>2023-02-28</xoev-cl-4:validFrom>
         <xoev-cl-4:versionHandbook>1.2</xoev-cl-4:versionHandbook>
      </Description>
   </Annotation>
   <Identification>
      <ShortName>bzr.freiheitsentziehungart</ShortName>
      <LongName>BfJ BZR Freiheitsentziehung Art</LongName>
      <Version>2.0</Version>
      <CanonicalUri>urn:xoev-de:bund:bfj:codeliste:bzr.freiheitsentziehungart</CanonicalUri>
      <CanonicalVersionUri>urn:xoev-de:bund:bfj:codeliste:bzr.freiheitsentziehungart_2.0</CanonicalVersionUri>
      <Agency>
         <LongName>Bundesamt für Justiz, Bonn</LongName>
      </Agency>
   </Identification>
   <ColumnSet>
      <Column Id="schluessel" Use="required">
         <ShortName>schluessel</ShortName>
         <LongName>Schlüssel</LongName>
         <Data Type="string"/>
      </Column>
      <Column Id="wert" Use="required">
         <ShortName>wert</ShortName>
         <LongName>Wert</LongName>
         <Data Type="string"/>
      </Column>
      <Key Id="schluesselKey">
         <Annotation>
            <AppInfo>
               <xoev-cl-4:recommendedKeyColumn/>
            </AppInfo>
         </Annotation>
         <ShortName>schluesselKey</ShortName>
         <ColumnRef Ref="schluessel"/>
      </Key>
   </ColumnSet>
   <SimpleCodeList>
      <Row>
         <Value ColumnRef="schluessel">
            <SimpleValue>1</SimpleValue>
         </Value>
         <Value ColumnRef="wert">
            <SimpleValue>Zuchthaus</SimpleValue>
         </Value>
      </Row>
      <Row>
         <Value ColumnRef="schluessel">
            <SimpleValue>2</SimpleValue>
         </Value>
         <Value ColumnRef="wert">
            <SimpleValue>Gefängnisstrafe</SimpleValue>
         </Value>
      </Row>
      <Row>
         <Value ColumnRef="schluessel">
            <SimpleValue>3</SimpleValue>
         </Value>
         <Value ColumnRef="wert">
            <SimpleValue>Haftstrafe</SimpleValue>
         </Value>
      </Row>
      <Row>
         <Value ColumnRef="schluessel">
            <SimpleValue>A</SimpleValue>
         </Value>
         <Value ColumnRef="wert">
            <SimpleValue>Jugendarrest</SimpleValue>
         </Value>
      </Row>
      <Row>
         <Value ColumnRef="schluessel">
            <SimpleValue>F</SimpleValue>
         </Value>
         <Value ColumnRef="wert">
            <SimpleValue>Freiheitsstrafe</SimpleValue>
         </Value>
      </Row>
      <Row>
         <Value ColumnRef="schluessel">
            <SimpleValue>J</SimpleValue>
         </Value>
         <Value ColumnRef="wert">
            <SimpleValue>Jugendstrafe</SimpleValue>
         </Value>
      </Row>
      <Row>
         <Value ColumnRef="schluessel">
            <SimpleValue>S</SimpleValue>
         </Value>
         <Value ColumnRef="wert">
            <SimpleValue>Strafarrest</SimpleValue>
         </Value>
      </Row>
   </SimpleCodeList>
</gc:CodeList>
