<?xml version="1.0" encoding="UTF-8"?>
<gc:CodeList xmlns:gc="http://docs.oasis-open.org/codelist/ns/genericode/1.0/"
             xmlns:xoev-cl-2="http://xoev.de/schemata/genericode/2"
             xmlns:xsi="http://www.w3.org/2001/XMLSchema-instance">
   <Annotation>
      <Description>
         <xoev-cl-2:nameKurz>BfJ Nachrichtencode BZR Antrag Behördenführungszeugnis</xoev-cl-2:nameKurz>
         <xoev-cl-2:beschreibung-codeliste>Für die Verwendung in XBfJ. Diese Codeliste enthält die Nachrichtencodes für die Beantragung eines Behördenführungszeugnisses.</xoev-cl-2:beschreibung-codeliste>
         <xoev-cl-2:herausgebernameKurz>BfJ</xoev-cl-2:herausgebernameKurz>
         <xoev-cl-2:datumGueltigkeitAb>2019-05-17</xoev-cl-2:datumGueltigkeitAb>
         <xoev-cl-2:versionXOEVHandbuch>2.1</xoev-cl-2:versionXOEVHandbuch>
      </Description>
   </Annotation>
   <Identification>
      <ShortName>nachrichtencode.bzr.antragbehoerdenfuehrungszeugnis</ShortName>
      <LongName>BfJ Nachrichtencode BZR Antrag Behördenführungszeugnis</LongName>
      <Version>1.0</Version>
      <CanonicalUri>urn:xoev-de:bund:bfj:codeliste:nachrichtencode.bzr.antragbehoerdenfuehrungszeugnis</CanonicalUri>
      <CanonicalVersionUri>urn:xoev-de:bund:bfj:codeliste:nachrichtencode.bzr.antragbehoerdenfuehrungszeugnis_1.0</CanonicalVersionUri>
      <Agency>
         <LongName>Bundesamt für Justiz, Bonn</LongName>
      </Agency>
   </Identification>
   <ColumnSet>
      <Column Id="schluessel" Use="required">
         <ShortName>schluessel</ShortName>
         <LongName>Schlüssel</LongName>
         <Data Type="string"/>
      </Column>
      <Column Id="wert" Use="required">
         <ShortName>wert</ShortName>
         <LongName>Wert</LongName>
         <Data Type="string"/>
      </Column>
      <Key Id="codeKey">
         <Annotation>
            <AppInfo>
               <xoev-cl-2:xoev-code/>
            </AppInfo>
         </Annotation>
         <ShortName>codeKey</ShortName>
         <ColumnRef Ref="schluessel"/>
      </Key>
   </ColumnSet>
   <SimpleCodeList>
      <Row>
         <Value ColumnRef="schluessel">
            <SimpleValue>OU</SimpleValue>
         </Value>
         <Value ColumnRef="wert">
            <SimpleValue>Antrag einer Behörde auf Erteilung eines Führungszeugnisses für hoheitliche Aufgaben nach § 31 BZRG</SimpleValue>
         </Value>
      </Row>
      <Row>
         <Value ColumnRef="schluessel">
            <SimpleValue>OF</SimpleValue>
         </Value>
         <Value ColumnRef="wert">
            <SimpleValue>Antrag einer Behörde auf Erteilung eines erweiterten Führungszeugnisses für hoheitliche Aufgaben nach § 31 BZRG</SimpleValue>
         </Value>
      </Row>
      <Row>
         <Value ColumnRef="schluessel">
            <SimpleValue>OW</SimpleValue>
         </Value>
         <Value ColumnRef="wert">
            <SimpleValue>Antrag einer Behörde auf Erteilung eines Führungszeugnisses nach § 31 BZRG für gewerberechtliche Entscheidungen i. S. V. § 149 Abs. 2 Nr. 1 GewO</SimpleValue>
         </Value>
      </Row>
      <Row>
         <Value ColumnRef="schluessel">
            <SimpleValue>OX</SimpleValue>
         </Value>
         <Value ColumnRef="wert">
            <SimpleValue>Antrag einer Behörde auf Erteilung eines erweiterten Führungszeugnisses nach § 31 BZRG für gewerberechtliche Entscheidungen i. S. V. § 149 Abs. 2 Nr. 1 GewO</SimpleValue>
         </Value>
      </Row>
   </SimpleCodeList>
</gc:CodeList>
