<?xml version="1.0" encoding="UTF-8"?>
<gc:CodeList xmlns:gc="http://docs.oasis-open.org/codelist/ns/genericode/1.0/"
             xmlns:xoev-cl-4="http://xoev.de/schemata/genericode/4"
             xmlns:xsi="http://www.w3.org/2001/XMLSchema-instance">
   <Annotation>
      <Description>
         <xoev-cl-4:shortName>BfJ GZR Textkennzahl</xoev-cl-4:shortName>
         <xoev-cl-4:codelistDescription>Für die Verwendung in XBfJ. Benachrichtigungen aus dem BZR und aus dem GZR. Diese Codeliste listet die möglichen Anlässe einer durch das BfJ zu versendenden Benachrichtigung auf. Die Eintragungen in der Spalte "TypZusatz" der Codeliste haben folgende Bedeutung. Typ 0: kein Zusatztext; Typ 1: Angabe eines frei editierbaren Textes; Typ 2: Angabe einer Zahl (nur Ziffern); Typ 3: Angabe eines Datums (im Format TT.MM.JJJJ); Typ 4: Angabe einer Dauer (im Format..J..M..W..T); Typ 5: Angabe von Freizeiten (im Format .. Freizeiten); Typ 6: Bezeichnung einer Entscheidung (im Format Entscheidungsdatum [Format TT.MM.JJJJ]+Aktenzeichen+Behördenkennzeichen+Behördenbezeichnung)</xoev-cl-4:codelistDescription>
         <xoev-cl-4:agencyShortName>BfJ</xoev-cl-4:agencyShortName>
         <xoev-cl-4:validFrom>2025-08-29</xoev-cl-4:validFrom>
         <xoev-cl-4:versionHandbook>1.2</xoev-cl-4:versionHandbook>
		 <xoev-cl-4:changes>TKZ 8942, 8943, 8944 und 8946 hinzugefügt, TKZ 8701 entfernt</xoev-cl-4:changes>
      </Description>
   </Annotation>
   <Identification>
      <ShortName>bzr.textkennzahl</ShortName>
      <LongName>BfJ GZR Textkennzahl</LongName>
      <Version>4.0</Version>
      <CanonicalUri>urn:xoev-de:bund:bfj:codeliste:gzr.textkennzahl</CanonicalUri>
      <CanonicalVersionUri>urn:xoev-de:bund:bfj:codeliste:gzr.textkennzahl_4.0</CanonicalVersionUri>
      <Agency>
         <LongName>Bundesamt für Justiz, Bonn</LongName>
      </Agency>
   </Identification>
   <ColumnSet>
      <Column Id="schluessel" Use="required">
         <ShortName>schluessel</ShortName>
         <LongName>Schlüssel</LongName>
         <Data Type="integer"/>
      </Column>
      <Column Id="wert" Use="required">
         <ShortName>wert</ShortName>
         <LongName>Wert</LongName>
         <Data Type="string"/>
      </Column>
      <Column Id="typ-zusatz" Use="optional">
         <ShortName>typ-zusatz</ShortName>
         <LongName>Typ Zusatz</LongName>
         <Data Type="string"/>
      </Column>
      <Key Id="schluesselKey">
         <Annotation>
            <AppInfo>
               <xoev-cl-4:recommendedKeyColumn/>
            </AppInfo>
         </Annotation>
         <ShortName>schluesselKey</ShortName>
         <ColumnRef Ref="schluessel"/>
      </Key>
   </ColumnSet>
   <SimpleCodeList>
      <Row>
         <Value ColumnRef="schluessel">
            <SimpleValue>8400</SimpleValue>
         </Value>
         <Value ColumnRef="wert">
            <SimpleValue>Ablehnung der Zulassung zu:</SimpleValue>
         </Value>
         <Value ColumnRef="typ-zusatz">
            <SimpleValue>1</SimpleValue>
         </Value>
      </Row>
      <Row>
         <Value ColumnRef="schluessel">
            <SimpleValue>8401</SimpleValue>
         </Value>
         <Value ColumnRef="wert">
            <SimpleValue>Rücknahme der Zulassung zu:</SimpleValue>
         </Value>
         <Value ColumnRef="typ-zusatz">
            <SimpleValue>1</SimpleValue>
         </Value>
      </Row>
      <Row>
         <Value ColumnRef="schluessel">
            <SimpleValue>8402</SimpleValue>
         </Value>
         <Value ColumnRef="wert">
            <SimpleValue>Widerruf der Zulassung zu:</SimpleValue>
         </Value>
         <Value ColumnRef="typ-zusatz">
            <SimpleValue>1</SimpleValue>
         </Value>
      </Row>
      <Row>
         <Value ColumnRef="schluessel">
            <SimpleValue>8403</SimpleValue>
         </Value>
         <Value ColumnRef="wert">
            <SimpleValue>Untersagung der Ausübung des Gewerbes:</SimpleValue>
         </Value>
         <Value ColumnRef="typ-zusatz">
            <SimpleValue>1</SimpleValue>
         </Value>
      </Row>
      <Row>
         <Value ColumnRef="schluessel">
            <SimpleValue>8404</SimpleValue>
         </Value>
         <Value ColumnRef="wert">
            <SimpleValue>Teiluntersagung der Ausübung des Gewerbes:</SimpleValue>
         </Value>
         <Value ColumnRef="typ-zusatz">
            <SimpleValue>1</SimpleValue>
         </Value>
      </Row>
      <Row>
         <Value ColumnRef="schluessel">
            <SimpleValue>8405</SimpleValue>
         </Value>
         <Value ColumnRef="wert">
            <SimpleValue>Untersagung des Betriebs der wirtschaftlichen Unternehmung:</SimpleValue>
         </Value>
         <Value ColumnRef="typ-zusatz">
            <SimpleValue>1</SimpleValue>
         </Value>
      </Row>
      <Row>
         <Value ColumnRef="schluessel">
            <SimpleValue>8406</SimpleValue>
         </Value>
         <Value ColumnRef="wert">
            <SimpleValue>Teiluntersagung des Betriebs der wirtschaftlichen Unternehmung:</SimpleValue>
         </Value>
         <Value ColumnRef="typ-zusatz">
            <SimpleValue>1</SimpleValue>
         </Value>
      </Row>
      <Row>
         <Value ColumnRef="schluessel">
            <SimpleValue>8407</SimpleValue>
         </Value>
         <Value ColumnRef="wert">
            <SimpleValue>Untersagung der Leitung der wirtschaftlichen Unternehmung:</SimpleValue>
         </Value>
         <Value ColumnRef="typ-zusatz">
            <SimpleValue>1</SimpleValue>
         </Value>
      </Row>
      <Row>
         <Value ColumnRef="schluessel">
            <SimpleValue>8408</SimpleValue>
         </Value>
         <Value ColumnRef="wert">
            <SimpleValue>Ablehnung der Erteilung eines Sprengstoffbefähigungsscheins</SimpleValue>
         </Value>
         <Value ColumnRef="typ-zusatz">
            <SimpleValue>0</SimpleValue>
         </Value>
      </Row>
      <Row>
         <Value ColumnRef="schluessel">
            <SimpleValue>8409</SimpleValue>
         </Value>
         <Value ColumnRef="wert">
            <SimpleValue>Entzug des Sprengstoffbefähigungsscheins</SimpleValue>
         </Value>
         <Value ColumnRef="typ-zusatz">
            <SimpleValue>0</SimpleValue>
         </Value>
      </Row>
      <Row>
         <Value ColumnRef="schluessel">
            <SimpleValue>8410</SimpleValue>
         </Value>
         <Value ColumnRef="wert">
            <SimpleValue>Verbot der Beaufsichtigung, Anweisung oder Ausbildung von Kindern und Jugendlichen</SimpleValue>
         </Value>
         <Value ColumnRef="typ-zusatz">
            <SimpleValue>0</SimpleValue>
         </Value>
      </Row>
      <Row>
         <Value ColumnRef="schluessel">
            <SimpleValue>8411</SimpleValue>
         </Value>
         <Value ColumnRef="wert">
            <SimpleValue>Entzug der Befugnis zur Einstellung von Auszubildenden</SimpleValue>
         </Value>
         <Value ColumnRef="typ-zusatz">
            <SimpleValue>0</SimpleValue>
         </Value>
      </Row>
      <Row>
         <Value ColumnRef="schluessel">
            <SimpleValue>8412</SimpleValue>
         </Value>
         <Value ColumnRef="wert">
            <SimpleValue>Entzug der Befugnis zur Ausbildung von Auszubildenden</SimpleValue>
         </Value>
         <Value ColumnRef="typ-zusatz">
            <SimpleValue>0</SimpleValue>
         </Value>
      </Row>
      <Row>
         <Value ColumnRef="schluessel">
            <SimpleValue>8413</SimpleValue>
         </Value>
         <Value ColumnRef="wert">
            <SimpleValue>Verbot der Beschäftigung von Kindern und Jugendlichen</SimpleValue>
         </Value>
         <Value ColumnRef="typ-zusatz">
            <SimpleValue>0</SimpleValue>
         </Value>
      </Row>
      <Row>
         <Value ColumnRef="schluessel">
            <SimpleValue>8414</SimpleValue>
         </Value>
         <Value ColumnRef="wert">
            <SimpleValue>Untersagung der Führung von Kraftverkehrsgeschäften</SimpleValue>
         </Value>
         <Value ColumnRef="typ-zusatz">
            <SimpleValue>0</SimpleValue>
         </Value>
      </Row>
      <Row>
         <Value ColumnRef="schluessel">
            <SimpleValue>8415</SimpleValue>
         </Value>
         <Value ColumnRef="wert">
            <SimpleValue>Verzicht während eines Rücknahmeverfahrens auf die Zulassung zu:</SimpleValue>
         </Value>
         <Value ColumnRef="typ-zusatz">
            <SimpleValue>1</SimpleValue>
         </Value>
      </Row>
      <Row>
         <Value ColumnRef="schluessel">
            <SimpleValue>8416</SimpleValue>
         </Value>
         <Value ColumnRef="wert">
            <SimpleValue>Verzicht während eines Widerrufsverfahrens auf die Zulassung zu:</SimpleValue>
         </Value>
         <Value ColumnRef="typ-zusatz">
            <SimpleValue>1</SimpleValue>
         </Value>
      </Row>
      <Row>
         <Value ColumnRef="schluessel">
            <SimpleValue>8417</SimpleValue>
         </Value>
         <Value ColumnRef="wert">
            <SimpleValue>Als Vertretungsberechtigter einer juristischen Person (§ 151 Abs. 1 Nr. 1 GewO)</SimpleValue>
         </Value>
         <Value ColumnRef="typ-zusatz">
            <SimpleValue>0</SimpleValue>
         </Value>
      </Row>
      <Row>
         <Value ColumnRef="schluessel">
            <SimpleValue>8418</SimpleValue>
         </Value>
         <Value ColumnRef="wert">
            <SimpleValue>Als mit der Leitung des Betriebes Beauftragter (§ 151 Abs. 1 Nr. 2 GewO)</SimpleValue>
         </Value>
         <Value ColumnRef="typ-zusatz">
            <SimpleValue>0</SimpleValue>
         </Value>
      </Row>
      <Row>
         <Value ColumnRef="schluessel">
            <SimpleValue>8419</SimpleValue>
         </Value>
         <Value ColumnRef="wert">
            <SimpleValue>Als mit der Leitung einer Zweigniederlassung Beauftragter (§ 151 Abs. 1 Nr. 2 GewO)</SimpleValue>
         </Value>
         <Value ColumnRef="typ-zusatz">
            <SimpleValue>0</SimpleValue>
         </Value>
      </Row>
      <Row>
         <Value ColumnRef="schluessel">
            <SimpleValue>8420</SimpleValue>
         </Value>
         <Value ColumnRef="wert">
            <SimpleValue>Als Vertretungsberechtigter eines Gewerbetreibenden oder mit der Leitung des Gewerbebetriebes Beauftragter</SimpleValue>
         </Value>
         <Value ColumnRef="typ-zusatz">
            <SimpleValue>0</SimpleValue>
         </Value>
      </Row>
      <Row>
         <Value ColumnRef="schluessel">
            <SimpleValue>8422</SimpleValue>
         </Value>
         <Value ColumnRef="wert">
            <SimpleValue>Befristet bis:</SimpleValue>
         </Value>
         <Value ColumnRef="typ-zusatz">
            <SimpleValue>3</SimpleValue>
         </Value>
      </Row>
      <Row>
         <Value ColumnRef="schluessel">
            <SimpleValue>8423</SimpleValue>
         </Value>
         <Value ColumnRef="wert">
            <SimpleValue>Eintragung befristet bis:</SimpleValue>
         </Value>
         <Value ColumnRef="typ-zusatz">
            <SimpleValue>3</SimpleValue>
         </Value>
      </Row>
      <Row>
         <Value ColumnRef="schluessel">
            <SimpleValue>8425</SimpleValue>
         </Value>
         <Value ColumnRef="wert">
            <SimpleValue>Angewendete Rechtsvorschriften:</SimpleValue>
         </Value>
         <Value ColumnRef="typ-zusatz">
            <SimpleValue>1</SimpleValue>
         </Value>
      </Row>
      <Row>
         <Value ColumnRef="schluessel">
            <SimpleValue>8433</SimpleValue>
         </Value>
         <Value ColumnRef="wert">
            <SimpleValue>Untersagung erstreckt auf:</SimpleValue>
         </Value>
         <Value ColumnRef="typ-zusatz">
            <SimpleValue>1</SimpleValue>
         </Value>
      </Row>
      <Row>
         <Value ColumnRef="schluessel">
            <SimpleValue>8434</SimpleValue>
         </Value>
         <Value ColumnRef="wert">
            <SimpleValue>Untersagung erstreckt auf:</SimpleValue>
         </Value>
         <Value ColumnRef="typ-zusatz">
            <SimpleValue>1</SimpleValue>
         </Value>
      </Row>
      <Row>
         <Value ColumnRef="schluessel">
            <SimpleValue>8500</SimpleValue>
         </Value>
         <Value ColumnRef="wert">
            <SimpleValue>Unanfechtbar geworden am:</SimpleValue>
         </Value>
         <Value ColumnRef="typ-zusatz">
            <SimpleValue>3</SimpleValue>
         </Value>
      </Row>
      <Row>
         <Value ColumnRef="schluessel">
            <SimpleValue>8600</SimpleValue>
         </Value>
         <Value ColumnRef="wert">
            <SimpleValue>Rechtliche Bezeichnung der Ordnungswidrigkeit:</SimpleValue>
         </Value>
         <Value ColumnRef="typ-zusatz">
            <SimpleValue>1</SimpleValue>
         </Value>
      </Row>
      <Row>
         <Value ColumnRef="schluessel">
            <SimpleValue>8602</SimpleValue>
         </Value>
         <Value ColumnRef="wert">
            <SimpleValue>Nebenfolgen:</SimpleValue>
         </Value>
         <Value ColumnRef="typ-zusatz">
            <SimpleValue>1</SimpleValue>
         </Value>
      </Row>
      <Row>
         <Value ColumnRef="schluessel">
            <SimpleValue>8603</SimpleValue>
         </Value>
         <Value ColumnRef="wert">
            <SimpleValue>Als Vertreter (§ 9 Abs. 1 OWiG)</SimpleValue>
         </Value>
         <Value ColumnRef="typ-zusatz">
            <SimpleValue>0</SimpleValue>
         </Value>
      </Row>
      <Row>
         <Value ColumnRef="schluessel">
            <SimpleValue>8604</SimpleValue>
         </Value>
         <Value ColumnRef="wert">
            <SimpleValue>Als Beauftragter (§ 9 Abs. 2 OWiG)</SimpleValue>
         </Value>
         <Value ColumnRef="typ-zusatz">
            <SimpleValue>0</SimpleValue>
         </Value>
      </Row>
      <Row>
         <Value ColumnRef="schluessel">
            <SimpleValue>8605</SimpleValue>
         </Value>
         <Value ColumnRef="wert">
            <SimpleValue>Als Verantwortlicher: (Bezeichnung der Rechtsvorschrift)</SimpleValue>
         </Value>
         <Value ColumnRef="typ-zusatz">
            <SimpleValue>1</SimpleValue>
         </Value>
      </Row>
      <Row>
         <Value ColumnRef="schluessel">
            <SimpleValue>8606</SimpleValue>
         </Value>
         <Value ColumnRef="wert">
            <SimpleValue>Angewendete Bußgeldvorschriften:</SimpleValue>
         </Value>
         <Value ColumnRef="typ-zusatz">
            <SimpleValue>1</SimpleValue>
         </Value>
      </Row>
      <Row>
         <Value ColumnRef="schluessel">
            <SimpleValue>8920</SimpleValue>
         </Value>
         <Value ColumnRef="wert">
            <SimpleValue>Hinweis: Geldbuße aus einer Entscheidung nach § 20 OWiG. Festsetzung mehrerer Geldbußen in einer Entscheidung</SimpleValue>
         </Value>
         <Value ColumnRef="typ-zusatz">
            <SimpleValue>0</SimpleValue>
         </Value>
      </Row>
      <Row>
         <Value ColumnRef="schluessel">
            <SimpleValue>8921</SimpleValue>
         </Value>
         <Value ColumnRef="wert">
            <SimpleValue>Entscheidungsnummer und Gesamtzahl der Entscheidungen:</SimpleValue>
         </Value>
         <Value ColumnRef="typ-zusatz">
            <SimpleValue>1</SimpleValue>
         </Value>
      </Row>
      <Row>
         <Value ColumnRef="schluessel">
            <SimpleValue>8940</SimpleValue>
         </Value>
         <Value ColumnRef="wert">
            <SimpleValue>Weitere Rechtsvorschriften:</SimpleValue>
         </Value>
         <Value ColumnRef="typ-zusatz">
            <SimpleValue>1</SimpleValue>
         </Value>
      </Row>
      <Row>
         <Value ColumnRef="schluessel">
            <SimpleValue>8942</SimpleValue>
         </Value>
         <Value ColumnRef="wert">
            <SimpleValue>Anmerkung: Geburtsdatum war nicht zu ermitteln</SimpleValue>
         </Value>
         <Value ColumnRef="typ-zusatz">
            <SimpleValue>0</SimpleValue>
         </Value>
      </Row>
      <Row>
         <Value ColumnRef="schluessel">
            <SimpleValue>8943</SimpleValue>
         </Value>
         <Value ColumnRef="wert">
            <SimpleValue>Anmerkung: Geburtsort war nicht zu ermitteln</SimpleValue>
         </Value>
         <Value ColumnRef="typ-zusatz">
            <SimpleValue>0</SimpleValue>
         </Value>
      </Row>
      <Row>
         <Value ColumnRef="schluessel">
            <SimpleValue>8944</SimpleValue>
         </Value>
         <Value ColumnRef="wert">
            <SimpleValue>Anmerkung: Vorname war nicht zu ermitteln</SimpleValue>
         </Value>
         <Value ColumnRef="typ-zusatz">
            <SimpleValue>0</SimpleValue>
         </Value>
      </Row>
      <Row>
         <Value ColumnRef="schluessel">
            <SimpleValue>8946</SimpleValue>
         </Value>
         <Value ColumnRef="wert">
            <SimpleValue>Freitext</SimpleValue>
         </Value>
         <Value ColumnRef="typ-zusatz">
            <SimpleValue>1</SimpleValue>
         </Value>
      </Row>
      <Row>
         <Value ColumnRef="schluessel">
            <SimpleValue>8965</SimpleValue>
         </Value>
         <Value ColumnRef="wert">
            <SimpleValue>Hinweis: Gesamtanzahl der wegen gleichartiger Ordnungswidrigkeiten nach § 20 OWiG erkannten Geldbußen gleicher Höhe:</SimpleValue>
         </Value>
         <Value ColumnRef="typ-zusatz">
            <SimpleValue>2</SimpleValue>
         </Value>
      </Row>
      <Row>
         <Value ColumnRef="schluessel">
            <SimpleValue>9000</SimpleValue>
         </Value>
         <Value ColumnRef="wert">
            <SimpleValue>Berichtigungsmitteilung</SimpleValue>
         </Value>
         <Value ColumnRef="typ-zusatz">
            <SimpleValue>1</SimpleValue>
         </Value>
      </Row>
      <Row>
         <Value ColumnRef="schluessel">
            <SimpleValue>9001</SimpleValue>
         </Value>
         <Value ColumnRef="wert">
            <SimpleValue>Löschungsmitteilung</SimpleValue>
         </Value>
         <Value ColumnRef="typ-zusatz">
            <SimpleValue>1</SimpleValue>
         </Value>
      </Row>
   </SimpleCodeList>
</gc:CodeList>
