<?xml version="1.0" encoding="UTF-8"?>
<gc:CodeList xmlns:gc="http://docs.oasis-open.org/codelist/ns/genericode/1.0/"
             xmlns:xoev-cl-3="http://xoev.de/schemata/genericode/3"
             xmlns:xsi="http://www.w3.org/2001/XMLSchema-instance">
   <Annotation>
      <Description>
         <xoev-cl-3:nameKurz>BfJ Benachrichtigung Grund</xoev-cl-3:nameKurz>
         <xoev-cl-3:beschreibung-codeliste>Für die Verwendung in XBfJ. Benachrichtigungen aus dem BZR und aus dem GZR. Diese Codeliste listet die möglichen Anlässe einer durch das BfJ zu versendenden Benachrichtigung auf.</xoev-cl-3:beschreibung-codeliste>
         <xoev-cl-3:herausgebernameKurz>BfJ</xoev-cl-3:herausgebernameKurz>
         <xoev-cl-3:datumGueltigkeitAb>2020-08-28</xoev-cl-3:datumGueltigkeitAb>
         <xoev-cl-3:versionCodelistenHandbuch>1.0</xoev-cl-3:versionCodelistenHandbuch>
      </Description>
   </Annotation>
   <Identification>
      <ShortName>bfj.benachrichtigunggrund</ShortName>
      <LongName xml:lang="de-DE">BfJ Benachrichtigung Grund</LongName>
      <Version>1.0</Version>
      <CanonicalUri>urn:xoev-de:bund:bfj:codeliste:bfj.benachrichtigunggrund</CanonicalUri>
      <CanonicalVersionUri>urn:xoev-de:bund:bfj:codeliste:bfj.benachrichtigunggrund_1.0</CanonicalVersionUri>
      <Agency>
         <LongName xml:lang="de-DE">Bundesamt für Justiz, Bonn</LongName>
      </Agency>
   </Identification>
   <ColumnSet>
      <Column Id="schluessel" Use="required">
         <ShortName>schluessel</ShortName>
         <LongName xml:lang="de-DE">Schlüssel</LongName>
         <Data Type="integer"/>
      </Column>
      <Column Id="wert" Use="required">
         <ShortName>wert</ShortName>
         <LongName xml:lang="de-DE">Wert</LongName>
         <Data Type="string"/>
      </Column>
      <Key Id="schluesselKey">
         <Annotation>
            <AppInfo>
               <xoev-cl-3:empfohleneCodeSpalte/>
            </AppInfo>
         </Annotation>
         <ShortName>schluesselKey</ShortName>
         <ColumnRef Ref="schluessel"/>
      </Key>
   </ColumnSet>
   <SimpleCodeList>
      <Row>
         <Value ColumnRef="schluessel">
            <SimpleValue>1</SimpleValue>
         </Value>
         <Value ColumnRef="wert">
            <SimpleValue>Änderung von Personendaten im Register</SimpleValue>
         </Value>
      </Row>
      <Row>
         <Value ColumnRef="schluessel">
            <SimpleValue>2</SimpleValue>
         </Value>
         <Value ColumnRef="wert">
            <SimpleValue>Änderung von Entscheidungsdaten im Register</SimpleValue>
         </Value>
      </Row>
      <Row>
         <Value ColumnRef="schluessel">
            <SimpleValue>3</SimpleValue>
         </Value>
         <Value ColumnRef="wert">
            <SimpleValue>Änderung von Personen- und Entscheidungsdaten im Register</SimpleValue>
         </Value>
      </Row>
      <Row>
         <Value ColumnRef="schluessel">
            <SimpleValue>4</SimpleValue>
         </Value>
         <Value ColumnRef="wert">
            <SimpleValue>Löschung aus dem Register</SimpleValue>
         </Value>
      </Row>
   </SimpleCodeList>
</gc:CodeList>
