<?xml version="1.0" encoding="UTF-8"?>
<gc:CodeList xmlns:gc="http://docs.oasis-open.org/codelist/ns/genericode/1.0/"
             xmlns:xoev-cl-4="http://xoev.de/schemata/genericode/4"
             xmlns:xsi="http://www.w3.org/2001/XMLSchema-instance">
   <Annotation>
      <Description>
         <xoev-cl-4:shortName>BfJ Nachrichtencode GZR Auskunft</xoev-cl-4:shortName>
         <xoev-cl-4:codelistDescription>Für die Verwendung in XBfJ. Diese Codeliste bildet die relevanten Nachrichtencodes für GZR-Auskünfte ab. Der Nachrichtencode wird benötigt, um die fachlich-rechtliche Rolle einer eingehenden Nachricht beim BfJ näher zu bestimmen. Vom Nachrichtencode hängt die weitere Verarbeitung im BfJ und der Umfang der zu erteilenden Auskunft ab.</xoev-cl-4:codelistDescription>
         <xoev-cl-4:agencyShortName>BfJ</xoev-cl-4:agencyShortName>
         <xoev-cl-4:validFrom>2023-10-31</xoev-cl-4:validFrom>
         <xoev-cl-4:versionHandbook>1.2</xoev-cl-4:versionHandbook>
         <xoev-cl-4:changes>Neue Einträge mit den Schlüsseln 16 und 17 aufgenommen.</xoev-cl-4:changes>
      </Description>
   </Annotation>
   <Identification>
      <ShortName>nachrichtencode.gzr.auskunft</ShortName>
      <LongName>BfJ Nachrichtencode GZR Auskunft</LongName>
      <Version>3.0</Version>
      <CanonicalUri>urn:xoev-de:bund:bfj:codeliste:nachrichtencode.gzr.auskunft</CanonicalUri>
      <CanonicalVersionUri>urn:xoev-de:bund:bfj:codeliste:nachrichtencode.gzr.auskunft_3.0</CanonicalVersionUri>
      <Agency>
         <LongName>Bundesamt für Justiz, Bonn</LongName>
      </Agency>
   </Identification>
   <ColumnSet>
      <Column Id="schluessel" Use="required">
         <ShortName>schluessel</ShortName>
         <LongName>Schlüssel</LongName>
         <Data Type="string"/>
      </Column>
      <Column Id="wert" Use="required">
         <ShortName>wert</ShortName>
         <LongName>Wert</LongName>
         <Data Type="string"/>
      </Column>
      <Key Id="schluesselKey">
         <Annotation>
            <AppInfo>
               <xoev-cl-4:recommendedKeyColumn/>
            </AppInfo>
         </Annotation>
         <ShortName>schluesselKey</ShortName>
         <ColumnRef Ref="schluessel"/>
      </Key>
   </ColumnSet>
   <SimpleCodeList>
      <Row>
         <Value ColumnRef="schluessel">
            <SimpleValue>2</SimpleValue>
         </Value>
         <Value ColumnRef="wert">
            <SimpleValue>Auskunft nach § 150a Abs. 1 Nr. 1 a, b GewO</SimpleValue>
         </Value>
      </Row>
      <Row>
         <Value ColumnRef="schluessel">
            <SimpleValue>3</SimpleValue>
         </Value>
         <Value ColumnRef="wert">
            <SimpleValue>Auskunft nach § 150a Abs. 1 Nr. 2 a, b GewO</SimpleValue>
         </Value>
      </Row>
      <Row>
         <Value ColumnRef="schluessel">
            <SimpleValue>4</SimpleValue>
         </Value>
         <Value ColumnRef="wert">
            <SimpleValue>Auskunft nach § 150a Abs. 1 Nr. 2 c GewO </SimpleValue>
         </Value>
      </Row>
      <Row>
         <Value ColumnRef="schluessel">
            <SimpleValue>5</SimpleValue>
         </Value>
         <Value ColumnRef="wert">
            <SimpleValue>Auskunft nach § 150a Abs. 2 Nr. 1 1. Alt. GewO </SimpleValue>
         </Value>
      </Row>
      <Row>
         <Value ColumnRef="schluessel">
            <SimpleValue>6</SimpleValue>
         </Value>
         <Value ColumnRef="wert">
            <SimpleValue>Auskunft nach § 150a Abs. 2 Nr. 1 2. Alt. GewO </SimpleValue>
         </Value>
      </Row>
      <Row>
         <Value ColumnRef="schluessel">
            <SimpleValue>7</SimpleValue>
         </Value>
         <Value ColumnRef="wert">
            <SimpleValue>Auskunft nach § 150a Abs. 2 Nr. 2 GewO </SimpleValue>
         </Value>
      </Row>
      <Row>
         <Value ColumnRef="schluessel">
            <SimpleValue>8</SimpleValue>
         </Value>
         <Value ColumnRef="wert">
            <SimpleValue>Auskunft nach § 150a Abs. 2 Nr. 3 GewO </SimpleValue>
         </Value>
      </Row>
      <Row>
         <Value ColumnRef="schluessel">
            <SimpleValue>9</SimpleValue>
         </Value>
         <Value ColumnRef="wert">
            <SimpleValue>Auskunft nach § 150 Abs. 5 GewO</SimpleValue>
         </Value>
      </Row>
      <Row>
         <Value ColumnRef="schluessel">
            <SimpleValue>10</SimpleValue>
         </Value>
         <Value ColumnRef="wert">
            <SimpleValue>Auskunft nach § 150a Abs. 1 Nr. 4 GewO</SimpleValue>
         </Value>
      </Row>
      <Row>
         <Value ColumnRef="schluessel">
            <SimpleValue>11</SimpleValue>
         </Value>
         <Value ColumnRef="wert">
            <SimpleValue>Auskunft nach § 150a Abs. 2 Nr. 4 GewO </SimpleValue>
         </Value>
      </Row>
      <Row>
         <Value ColumnRef="schluessel">
            <SimpleValue>14</SimpleValue>
         </Value>
         <Value ColumnRef="wert">
            <SimpleValue>Auskunft nach § 150a Abs. 2 Nr. 5 GewO</SimpleValue>
         </Value>
      </Row>
      <Row>
         <Value ColumnRef="schluessel">
            <SimpleValue>15</SimpleValue>
         </Value>
         <Value ColumnRef="wert">
            <SimpleValue>Auskunft nach § 150a Abs. 2 Nr. 6 GewO</SimpleValue>
         </Value>
      </Row>
      <Row>
         <Value ColumnRef="schluessel">
            <SimpleValue>16</SimpleValue>
         </Value>
         <Value ColumnRef="wert">
            <SimpleValue>Auskunft nach § 150c Abs. 3 Satz 2 GewO</SimpleValue>
         </Value>
      </Row>
      <Row>
         <Value ColumnRef="schluessel">
            <SimpleValue>17</SimpleValue>
         </Value>
         <Value ColumnRef="wert">
            <SimpleValue>Auskunft nach § 150a Abs. 2 Nr. 7 GewO</SimpleValue>
         </Value>
      </Row>
   </SimpleCodeList>
</gc:CodeList>
