<?xml version="1.0" encoding="UTF-8"?>
<gc:CodeList xmlns:gc="http://docs.oasis-open.org/codelist/ns/genericode/1.0/"
             xmlns:xoev-cl-4="http://xoev.de/schemata/genericode/4"
             xmlns:xsi="http://www.w3.org/2001/XMLSchema-instance">
   <Annotation>
      <Description>
         <xoev-cl-4:shortName>BfJ BZR Hinweisart</xoev-cl-4:shortName>
         <xoev-cl-4:codelistDescription>Für die Verwendung in XBfJ. Diese Codeliste listet die definierten Arten von Hinweisen gemäß §§ 22, 23 und 28 BZRG.</xoev-cl-4:codelistDescription>
         <xoev-cl-4:agencyShortName>BfJ</xoev-cl-4:agencyShortName>
         <xoev-cl-4:validFrom>2019-05-17</xoev-cl-4:validFrom>
         <xoev-cl-4:versionHandbook>1.2</xoev-cl-4:versionHandbook>
      </Description>
   </Annotation>
   <Identification>
      <ShortName>bzr.hinweisart</ShortName>
      <LongName>BfJ BZR Hinweisart</LongName>
      <Version>1.0</Version>
      <CanonicalUri>urn:xoev-de:bund:bfj:codeliste:bzr.hinweisart</CanonicalUri>
      <CanonicalVersionUri>urn:xoev-de:bund:bfj:codeliste:bzr.hinweisart_1.0</CanonicalVersionUri>
      <Agency>
         <LongName>Bundesamt für Justiz, Bonn</LongName>
      </Agency>
   </Identification>
   <ColumnSet>
      <Column Id="schluessel" Use="required">
         <ShortName>schluessel</ShortName>
         <LongName>Schlüssel</LongName>
         <Data Type="string"/>
      </Column>
      <Column Id="wert" Use="required">
         <ShortName>wert</ShortName>
         <LongName>Wert</LongName>
         <Data Type="string"/>
      </Column>
      <Key Id="schluesselKey">
         <Annotation>
            <AppInfo>
               <xoev-cl-4:recommendedKeyColumn/>
            </AppInfo>
         </Annotation>
         <ShortName>schluesselKey</ShortName>
         <ColumnRef Ref="schluessel"/>
      </Key>
   </ColumnSet>
   <SimpleCodeList>
      <Row>
         <Value ColumnRef="schluessel">
            <SimpleValue>H1</SimpleValue>
         </Value>
         <Value ColumnRef="wert">
            <SimpleValue>Hinweis nach § 22 Abs. 1 bis 3 BZRG</SimpleValue>
         </Value>
      </Row>
      <Row>
         <Value ColumnRef="schluessel">
            <SimpleValue>H2</SimpleValue>
         </Value>
         <Value ColumnRef="wert">
            <SimpleValue>Hinweis nach § 28 Abs. 1 Satz 1 Alt. 1 BZRG auf vorhandene Registereintragungen bei Eingang eines Suchvermerks</SimpleValue>
         </Value>
      </Row>
      <Row>
         <Value ColumnRef="schluessel">
            <SimpleValue>H3</SimpleValue>
         </Value>
         <Value ColumnRef="wert">
            <SimpleValue>Hinweis nach § 28 Abs. 1 Satz 1 Alt. 2 BZRG aufgrund Suchvermerks bei Eingang einer neuen Mitteilung</SimpleValue>
         </Value>
      </Row>
      <Row>
         <Value ColumnRef="schluessel">
            <SimpleValue>H4</SimpleValue>
         </Value>
         <Value ColumnRef="wert">
            <SimpleValue>Hinweis nach § 28 Abs. 2 BZRG aufgrund Suchvermerks bei Erledigung eines anderen Suchvermerks</SimpleValue>
         </Value>
      </Row>
      <Row>
         <Value ColumnRef="schluessel">
            <SimpleValue>H5</SimpleValue>
         </Value>
         <Value ColumnRef="wert">
            <SimpleValue>Hinweis nach § 28 Abs. 1 Satz 2 BZRG aufgrund Suchvermerks bei Eingang einer Anfrage</SimpleValue>
         </Value>
      </Row>
      <Row>
         <Value ColumnRef="schluessel">
            <SimpleValue>H6</SimpleValue>
         </Value>
         <Value ColumnRef="wert">
            <SimpleValue>Hinweis nach § 23 BZRG auf Gesamtstrafenbildung</SimpleValue>
         </Value>
      </Row>
      <Row>
         <Value ColumnRef="schluessel">
            <SimpleValue>H9</SimpleValue>
         </Value>
         <Value ColumnRef="wert">
            <SimpleValue>Hinweis nach § 22 Abs. 4 BZRG bei bestehender Führungsaufsicht</SimpleValue>
         </Value>
      </Row>
   </SimpleCodeList>
</gc:CodeList>
