<?xml version="1.0" encoding="UTF-8"?>
<gc:CodeList xmlns:gc="http://docs.oasis-open.org/codelist/ns/genericode/1.0/"
             xmlns:xoev-cl-4="http://xoev.de/schemata/genericode/4"
             xmlns:xsi="http://www.w3.org/2001/XMLSchema-instance">
   <Annotation>
      <Description>
         <xoev-cl-4:shortName>BfJ Nachrichtencode GZR Anfrage öffentliche Stelle</xoev-cl-4:shortName>
         <xoev-cl-4:codelistDescription>Für die Verwendung in XBfJ. Diese Codeliste bildet die relevanten Nachrichtencodes für GZR-Anfragen einer öffentlichen Stelle ab. Der Nachrichtencode wird benötigt, um die fachlich-rechtliche Rolle einer eingehenden Nachricht beim BfJ näher zu bestimmen. Vom Nachrichtencode hängt die weitere Verarbeitung im BfJ und der Umfang der ggf. zu erteilenden Auskunft ab.</xoev-cl-4:codelistDescription>
         <xoev-cl-4:agencyShortName>BfJ</xoev-cl-4:agencyShortName>
         <xoev-cl-4:validFrom>2024-12-01</xoev-cl-4:validFrom>
         <xoev-cl-4:versionHandbook>1.2</xoev-cl-4:versionHandbook>
         <xoev-cl-4:changes>Wegen Änderungen in § 150a GewO wurde für den Schlüssel 2 die Angaben der Vorschriften in der Spalte "Wert" angepasst.</xoev-cl-4:changes>
      </Description>
   </Annotation>
   <Identification>
      <ShortName>nachrichtencode.gzr.anfrageoeffentlichestelle</ShortName>
      <LongName>BfJ Nachrichtencode GZR Anfrage öffentliche Stelle</LongName>
      <Version>3.1</Version>
      <CanonicalUri>urn:xoev-de:bund:bfj:codeliste:nachrichtencode.gzr.anfrageoeffentlichestelle</CanonicalUri>
      <CanonicalVersionUri>urn:xoev-de:bund:bfj:codeliste:nachrichtencode.gzr.anfrageoeffentlichestelle_3.1</CanonicalVersionUri>
      <Agency>
         <LongName>Bundesamt für Justiz, Bonn</LongName>
      </Agency>
   </Identification>
   <ColumnSet>
      <Column Id="schluessel" Use="required">
         <ShortName>schluessel</ShortName>
         <LongName>Schlüssel</LongName>
         <Data Type="string"/>
      </Column>
      <Column Id="wert" Use="required">
         <ShortName>wert</ShortName>
         <LongName>Wert</LongName>
         <Data Type="string"/>
      </Column>
      <Key Id="schluesselKey">
         <Annotation>
            <AppInfo>
               <xoev-cl-4:recommendedKeyColumn/>
            </AppInfo>
         </Annotation>
         <ShortName>schluesselKey</ShortName>
         <ColumnRef Ref="schluessel"/>
      </Key>
   </ColumnSet>
   <SimpleCodeList>
      <Row>
         <Value ColumnRef="schluessel">
            <SimpleValue>2</SimpleValue>
         </Value>
         <Value ColumnRef="wert">
            <SimpleValue>Antrag nach § 150a Abs. 1 Nr. 1 a, b GewO für die Verfolgung wegen einer in § 148 Nr. 1 GewO, § 404 Abs. 1, 2 Nr. 3 SGB III, § 8 Abs. 1 SchwarzArbG, § 21 Abs. 1 Nr. 1 bis 8, 10 und 11 sowie Abs. 2 MiLoG, § 23 Abs. 1 Nr. 1 bis 9 und 11 sowie Abs. 2 AEntG, § 16 Abs. 1 bis 2 AÜG bezeichneten Ordnungswidrigkeit</SimpleValue>
         </Value>
      </Row>
      <Row>
         <Value ColumnRef="schluessel">
            <SimpleValue>3</SimpleValue>
         </Value>
         <Value ColumnRef="wert">
            <SimpleValue>Antrag nach § 150a Abs. 1 Nr. 2 a, b GewO für die Vorbereitung der Entscheidung über die in § 149 Abs. 2 Satz 1 Nr. 1 Bst. a und c GewO bezeichneten Anträge und der übrigen in § 149 Abs. 2 Satz 1 Nr. 1 Bst. a bis e GewO bezeichneten Entscheidungen </SimpleValue>
         </Value>
      </Row>
      <Row>
         <Value ColumnRef="schluessel">
            <SimpleValue>4</SimpleValue>
         </Value>
         <Value ColumnRef="wert">
            <SimpleValue>Antrag nach § 150a Abs. 1 Nr. 2 c GewO für die Vorbereitung von Verwaltungsentscheidungen auf Grund des StVG, des FahrlG, des FPersG, des BinSchAufgG oder der auf Grund dieser Gesetze erlassenen Rechtsvorschriften</SimpleValue>
         </Value>
      </Row>
      <Row>
         <Value ColumnRef="schluessel">
            <SimpleValue>5</SimpleValue>
         </Value>
         <Value ColumnRef="wert">
            <SimpleValue>Antrag nach § 150a Abs. 2 Nr. 1 1. Alt. GewO für Zwecke der Rechtspflege</SimpleValue>
         </Value>
      </Row>
      <Row>
         <Value ColumnRef="schluessel">
            <SimpleValue>6</SimpleValue>
         </Value>
         <Value ColumnRef="wert">
            <SimpleValue>Antrag nach § 150a Abs. 2 Nr. 1 2. Alt. GewO zur Verfolgung von Straftaten nach § 148 Nr. 1 GewO, nach § 95 Abs. 1 Nr. 4 AufenthG und § 27 Abs. 2 Nr. 2 JuSchG</SimpleValue>
         </Value>
      </Row>
      <Row>
         <Value ColumnRef="schluessel">
            <SimpleValue>7</SimpleValue>
         </Value>
         <Value ColumnRef="wert">
            <SimpleValue>Antrag nach § 150a Abs. 2 Nr. 2 GewO für Zwecke der Verhütung oder Verfolgung der in § 74c Abs. 1 Nr. 1 bis 6 GVG aufgeführten Straftaten</SimpleValue>
         </Value>
      </Row>
      <Row>
         <Value ColumnRef="schluessel">
            <SimpleValue>8</SimpleValue>
         </Value>
         <Value ColumnRef="wert">
            <SimpleValue>Antrag nach § 150a Abs. 2 Nr. 3 GewO für die Aufhebung der in § 149 Abs. 2 Satz 1 Nr. 3 GewO bezeichneten Bußgeldentscheidungen</SimpleValue>
         </Value>
      </Row>
      <Row>
         <Value ColumnRef="schluessel">
            <SimpleValue>10</SimpleValue>
         </Value>
         <Value ColumnRef="wert">
            <SimpleValue>Antrag nach § 150a Abs. 1 Nr. 4 GewO für die Vorbereitung von vergaberechtlichen Entscheidungen</SimpleValue>
         </Value>
      </Row>
      <Row>
         <Value ColumnRef="schluessel">
            <SimpleValue>11</SimpleValue>
         </Value>
         <Value ColumnRef="wert">
            <SimpleValue>Antrag nach § 150a Abs. 2 Nr. 4 GewO zur Verfolgung von Ordnungswidrigkeiten nach § 81 Abs. 1 bis 3 GWB</SimpleValue>
         </Value>
      </Row>
      <Row>
         <Value ColumnRef="schluessel">
            <SimpleValue>14</SimpleValue>
         </Value>
         <Value ColumnRef="wert">
            <SimpleValue>Antrag nach § 150a Abs. 2 Nr. 5 GewO zur Erfüllung der Aufgaben nach dem Geldwäschegesetz</SimpleValue>
         </Value>
      </Row>
      <Row>
         <Value ColumnRef="schluessel">
            <SimpleValue>15</SimpleValue>
         </Value>
         <Value ColumnRef="wert">
            <SimpleValue>Antrag nach § 150a Abs. 2 Nr. 6 GewO für die den Sicherheitsbehörden übertragenen Sicherheitsaufgaben des Bundes</SimpleValue>
         </Value>
      </Row>
      <Row>
         <Value ColumnRef="schluessel">
            <SimpleValue>16</SimpleValue>
         </Value>
         <Value ColumnRef="wert">
            <SimpleValue>Antrag nach § 150c Abs. 3 S. 2 GewO zur Bewertung der Beschränkung der Auskunft</SimpleValue>
         </Value>
      </Row>
      <Row>
         <Value ColumnRef="schluessel">
            <SimpleValue>17</SimpleValue>
         </Value>
         <Value ColumnRef="wert">
            <SimpleValue>Antrag nach § 150a Abs. 2 Nr. 7 GewO für die Zentralstelle für Sanktionsdurchsetzung</SimpleValue>
         </Value>
      </Row>
   </SimpleCodeList>
</gc:CodeList>
