<?xml version="1.0" encoding="UTF-8"?>
<gc:CodeList xmlns:gc="http://docs.oasis-open.org/codelist/ns/genericode/1.0/"
             xmlns:xoev-cl-4="http://xoev.de/schemata/genericode/4"
             xmlns:xsi="http://www.w3.org/2001/XMLSchema-instance">
   <Annotation>
      <Description>
         <xoev-cl-4:shortName>BfJ GZR Gewerbeschlüssel</xoev-cl-4:shortName>
         <xoev-cl-4:codelistDescription>Für die Verwendung in XBfJ. Diese Codeliste enthält die im GZR verwendeten Schlüsselnummern zur Angabe der Gewerbe oder wirtschaftlichen Unternehmungen.</xoev-cl-4:codelistDescription>
         <xoev-cl-4:agencyShortName>BfJ</xoev-cl-4:agencyShortName>
         <xoev-cl-4:validFrom>2025-04-01</xoev-cl-4:validFrom>
         <xoev-cl-4:versionHandbook>1.2</xoev-cl-4:versionHandbook>
         <xoev-cl-4:changes>Wertbeschreibung des Schlüssels 2300 geändert. Leerzeichen vor den Kommata in den Wertbeschreibungen der Schlüssel 2400 und 2570 ergänzt.</xoev-cl-4:changes>
      </Description>
   </Annotation>
   <Identification>
      <ShortName>gzr.gewerbeschluessel</ShortName>
      <LongName>BfJ GZR Gewerbeschlüssel</LongName>
      <Version>2.0</Version>
      <CanonicalUri>urn:xoev-de:bund:bfj:codeliste:gzr.gewerbeschluessel</CanonicalUri>
      <CanonicalVersionUri>urn:xoev-de:bund:bfj:codeliste:gzr.gewerbeschluessel_2.0</CanonicalVersionUri>
      <Agency>
         <LongName>Bundesamt für Justiz, Bonn</LongName>
      </Agency>
   </Identification>
   <ColumnSet>
      <Column Id="schluessel" Use="required">
         <ShortName>schluessel</ShortName>
         <LongName>Schlüssel</LongName>
         <Data Type="integer"/>
      </Column>
      <Column Id="wert" Use="required">
         <ShortName>wert</ShortName>
         <LongName>Wert</LongName>
         <Data Type="string"/>
      </Column>
      <Key Id="schluesselKey">
         <Annotation>
            <AppInfo>
               <xoev-cl-4:recommendedKeyColumn/>
            </AppInfo>
         </Annotation>
         <ShortName>schluesselKey</ShortName>
         <ColumnRef Ref="schluessel"/>
      </Key>
   </ColumnSet>
   <SimpleCodeList>
      <Row>
         <Value ColumnRef="schluessel">
            <SimpleValue>0</SimpleValue>
         </Value>
         <Value ColumnRef="wert">
            <SimpleValue>Gewerbl.Landwirtschaft, Weinbau</SimpleValue>
         </Value>
      </Row>
      <Row>
         <Value ColumnRef="schluessel">
            <SimpleValue>50</SimpleValue>
         </Value>
         <Value ColumnRef="wert">
            <SimpleValue>Gewerbl.Forstwirtschaft</SimpleValue>
         </Value>
      </Row>
      <Row>
         <Value ColumnRef="schluessel">
            <SimpleValue>90</SimpleValue>
         </Value>
         <Value ColumnRef="wert">
            <SimpleValue>Dienstleistungen</SimpleValue>
         </Value>
      </Row>
      <Row>
         <Value ColumnRef="schluessel">
            <SimpleValue>500</SimpleValue>
         </Value>
         <Value ColumnRef="wert">
            <SimpleValue>Hochsee- und Küstenfischerei</SimpleValue>
         </Value>
      </Row>
      <Row>
         <Value ColumnRef="schluessel">
            <SimpleValue>510</SimpleValue>
         </Value>
         <Value ColumnRef="wert">
            <SimpleValue>Binnenfischerei und Fischzucht</SimpleValue>
         </Value>
      </Row>
      <Row>
         <Value ColumnRef="schluessel">
            <SimpleValue>550</SimpleValue>
         </Value>
         <Value ColumnRef="wert">
            <SimpleValue>Gewerbliche Gärtnerei</SimpleValue>
         </Value>
      </Row>
      <Row>
         <Value ColumnRef="schluessel">
            <SimpleValue>555</SimpleValue>
         </Value>
         <Value ColumnRef="wert">
            <SimpleValue>Gewerbliche Tierhaltung pp.</SimpleValue>
         </Value>
      </Row>
      <Row>
         <Value ColumnRef="schluessel">
            <SimpleValue>1000</SimpleValue>
         </Value>
         <Value ColumnRef="wert">
            <SimpleValue>Energie- und Wasserversorgung</SimpleValue>
         </Value>
      </Row>
      <Row>
         <Value ColumnRef="schluessel">
            <SimpleValue>1100</SimpleValue>
         </Value>
         <Value ColumnRef="wert">
            <SimpleValue>Bergbau</SimpleValue>
         </Value>
      </Row>
      <Row>
         <Value ColumnRef="schluessel">
            <SimpleValue>1140</SimpleValue>
         </Value>
         <Value ColumnRef="wert">
            <SimpleValue>Erzgewinnung</SimpleValue>
         </Value>
      </Row>
      <Row>
         <Value ColumnRef="schluessel">
            <SimpleValue>2000</SimpleValue>
         </Value>
         <Value ColumnRef="wert">
            <SimpleValue>Chemische Industrie</SimpleValue>
         </Value>
      </Row>
      <Row>
         <Value ColumnRef="schluessel">
            <SimpleValue>2006</SimpleValue>
         </Value>
         <Value ColumnRef="wert">
            <SimpleValue>Sprengstoffverarbeitung</SimpleValue>
         </Value>
      </Row>
      <Row>
         <Value ColumnRef="schluessel">
            <SimpleValue>2010</SimpleValue>
         </Value>
         <Value ColumnRef="wert">
            <SimpleValue>Spalt- und Brutstoffverarbeitung</SimpleValue>
         </Value>
      </Row>
      <Row>
         <Value ColumnRef="schluessel">
            <SimpleValue>2050</SimpleValue>
         </Value>
         <Value ColumnRef="wert">
            <SimpleValue>Mineralölverarbeitung</SimpleValue>
         </Value>
      </Row>
      <Row>
         <Value ColumnRef="schluessel">
            <SimpleValue>2100</SimpleValue>
         </Value>
         <Value ColumnRef="wert">
            <SimpleValue>Herstellung von Kunststoffwaren</SimpleValue>
         </Value>
      </Row>
      <Row>
         <Value ColumnRef="schluessel">
            <SimpleValue>2130</SimpleValue>
         </Value>
         <Value ColumnRef="wert">
            <SimpleValue>Herstellung von Gummiwaren</SimpleValue>
         </Value>
      </Row>
      <Row>
         <Value ColumnRef="schluessel">
            <SimpleValue>2160</SimpleValue>
         </Value>
         <Value ColumnRef="wert">
            <SimpleValue>Reparatur von Bereifungen</SimpleValue>
         </Value>
      </Row>
      <Row>
         <Value ColumnRef="schluessel">
            <SimpleValue>2210</SimpleValue>
         </Value>
         <Value ColumnRef="wert">
            <SimpleValue>Gewinnung von Steinen und Erden</SimpleValue>
         </Value>
      </Row>
      <Row>
         <Value ColumnRef="schluessel">
            <SimpleValue>2220</SimpleValue>
         </Value>
         <Value ColumnRef="wert">
            <SimpleValue>Verarbeitung von Steinen und Erden</SimpleValue>
         </Value>
      </Row>
      <Row>
         <Value ColumnRef="schluessel">
            <SimpleValue>2230</SimpleValue>
         </Value>
         <Value ColumnRef="wert">
            <SimpleValue>Grobkeramik</SimpleValue>
         </Value>
      </Row>
      <Row>
         <Value ColumnRef="schluessel">
            <SimpleValue>2240</SimpleValue>
         </Value>
         <Value ColumnRef="wert">
            <SimpleValue>Feinkeramik</SimpleValue>
         </Value>
      </Row>
      <Row>
         <Value ColumnRef="schluessel">
            <SimpleValue>2260</SimpleValue>
         </Value>
         <Value ColumnRef="wert">
            <SimpleValue>Herstellung von Schleifmitteln</SimpleValue>
         </Value>
      </Row>
      <Row>
         <Value ColumnRef="schluessel">
            <SimpleValue>2270</SimpleValue>
         </Value>
         <Value ColumnRef="wert">
            <SimpleValue>Glasverarbeitung und -herstellung</SimpleValue>
         </Value>
      </Row>
      <Row>
         <Value ColumnRef="schluessel">
            <SimpleValue>2300</SimpleValue>
         </Value>
         <Value ColumnRef="wert">
            <SimpleValue>Metallerzeugung und -bearbeitung</SimpleValue>
         </Value>
      </Row>
      <Row>
         <Value ColumnRef="schluessel">
            <SimpleValue>2400</SimpleValue>
         </Value>
         <Value ColumnRef="wert">
            <SimpleValue>Stahl-, Leichtmetallkonstr.</SimpleValue>
         </Value>
      </Row>
      <Row>
         <Value ColumnRef="schluessel">
            <SimpleValue>2410</SimpleValue>
         </Value>
         <Value ColumnRef="wert">
            <SimpleValue>Kessel- und Behälterbau</SimpleValue>
         </Value>
      </Row>
      <Row>
         <Value ColumnRef="schluessel">
            <SimpleValue>2420</SimpleValue>
         </Value>
         <Value ColumnRef="wert">
            <SimpleValue>Maschinenbau</SimpleValue>
         </Value>
      </Row>
      <Row>
         <Value ColumnRef="schluessel">
            <SimpleValue>2430</SimpleValue>
         </Value>
         <Value ColumnRef="wert">
            <SimpleValue>Büromaschinenherstellung</SimpleValue>
         </Value>
      </Row>
      <Row>
         <Value ColumnRef="schluessel">
            <SimpleValue>2440</SimpleValue>
         </Value>
         <Value ColumnRef="wert">
            <SimpleValue>Kraftwagenherstellung</SimpleValue>
         </Value>
      </Row>
      <Row>
         <Value ColumnRef="schluessel">
            <SimpleValue>2450</SimpleValue>
         </Value>
         <Value ColumnRef="wert">
            <SimpleValue>Straßenfahrzeugbau</SimpleValue>
         </Value>
      </Row>
      <Row>
         <Value ColumnRef="schluessel">
            <SimpleValue>2460</SimpleValue>
         </Value>
         <Value ColumnRef="wert">
            <SimpleValue>Schiffsbau</SimpleValue>
         </Value>
      </Row>
      <Row>
         <Value ColumnRef="schluessel">
            <SimpleValue>2470</SimpleValue>
         </Value>
         <Value ColumnRef="wert">
            <SimpleValue>Schienenfahrzeugbau</SimpleValue>
         </Value>
      </Row>
      <Row>
         <Value ColumnRef="schluessel">
            <SimpleValue>2480</SimpleValue>
         </Value>
         <Value ColumnRef="wert">
            <SimpleValue>Luft- und Raumfahrzeugbau</SimpleValue>
         </Value>
      </Row>
      <Row>
         <Value ColumnRef="schluessel">
            <SimpleValue>2490</SimpleValue>
         </Value>
         <Value ColumnRef="wert">
            <SimpleValue>Kfz.-, Fahrrad-Reparaturen</SimpleValue>
         </Value>
      </Row>
      <Row>
         <Value ColumnRef="schluessel">
            <SimpleValue>2500</SimpleValue>
         </Value>
         <Value ColumnRef="wert">
            <SimpleValue>Elektrotechnik</SimpleValue>
         </Value>
      </Row>
      <Row>
         <Value ColumnRef="schluessel">
            <SimpleValue>2520</SimpleValue>
         </Value>
         <Value ColumnRef="wert">
            <SimpleValue>Feinmechanik, Optik</SimpleValue>
         </Value>
      </Row>
      <Row>
         <Value ColumnRef="schluessel">
            <SimpleValue>2540</SimpleValue>
         </Value>
         <Value ColumnRef="wert">
            <SimpleValue>Herstellung von Uhren</SimpleValue>
         </Value>
      </Row>
      <Row>
         <Value ColumnRef="schluessel">
            <SimpleValue>2560</SimpleValue>
         </Value>
         <Value ColumnRef="wert">
            <SimpleValue>Herstellung von Metallwaren</SimpleValue>
         </Value>
      </Row>
      <Row>
         <Value ColumnRef="schluessel">
            <SimpleValue>2563</SimpleValue>
         </Value>
         <Value ColumnRef="wert">
            <SimpleValue>Herstellung von Handelswaffen</SimpleValue>
         </Value>
      </Row>
      <Row>
         <Value ColumnRef="schluessel">
            <SimpleValue>2570</SimpleValue>
         </Value>
         <Value ColumnRef="wert">
            <SimpleValue>Herstellung v.Stempeln u.ä.; Foto-, Filmlabore</SimpleValue>
         </Value>
      </Row>
      <Row>
         <Value ColumnRef="schluessel">
            <SimpleValue>2580</SimpleValue>
         </Value>
         <Value ColumnRef="wert">
            <SimpleValue>Musikinstrumente, Spielwaren, Sportgeräte</SimpleValue>
         </Value>
      </Row>
      <Row>
         <Value ColumnRef="schluessel">
            <SimpleValue>2590</SimpleValue>
         </Value>
         <Value ColumnRef="wert">
            <SimpleValue>Reparatur von Gebrauchsgütern</SimpleValue>
         </Value>
      </Row>
      <Row>
         <Value ColumnRef="schluessel">
            <SimpleValue>2600</SimpleValue>
         </Value>
         <Value ColumnRef="wert">
            <SimpleValue>Holzbearbeitung</SimpleValue>
         </Value>
      </Row>
      <Row>
         <Value ColumnRef="schluessel">
            <SimpleValue>2610</SimpleValue>
         </Value>
         <Value ColumnRef="wert">
            <SimpleValue>Holzverarbeitung</SimpleValue>
         </Value>
      </Row>
      <Row>
         <Value ColumnRef="schluessel">
            <SimpleValue>2640</SimpleValue>
         </Value>
         <Value ColumnRef="wert">
            <SimpleValue>Erzeugung v.Zellstoff, Papier u.ä.</SimpleValue>
         </Value>
      </Row>
      <Row>
         <Value ColumnRef="schluessel">
            <SimpleValue>2650</SimpleValue>
         </Value>
         <Value ColumnRef="wert">
            <SimpleValue>Papierverarbeitung</SimpleValue>
         </Value>
      </Row>
      <Row>
         <Value ColumnRef="schluessel">
            <SimpleValue>2680</SimpleValue>
         </Value>
         <Value ColumnRef="wert">
            <SimpleValue>Druckerei, Vervielfältigung</SimpleValue>
         </Value>
      </Row>
      <Row>
         <Value ColumnRef="schluessel">
            <SimpleValue>2690</SimpleValue>
         </Value>
         <Value ColumnRef="wert">
            <SimpleValue>Reparatur von Gebrauchsgütern</SimpleValue>
         </Value>
      </Row>
      <Row>
         <Value ColumnRef="schluessel">
            <SimpleValue>2700</SimpleValue>
         </Value>
         <Value ColumnRef="wert">
            <SimpleValue>Ledererzeugung</SimpleValue>
         </Value>
      </Row>
      <Row>
         <Value ColumnRef="schluessel">
            <SimpleValue>2710</SimpleValue>
         </Value>
         <Value ColumnRef="wert">
            <SimpleValue>Lederverarbeitung</SimpleValue>
         </Value>
      </Row>
      <Row>
         <Value ColumnRef="schluessel">
            <SimpleValue>2720</SimpleValue>
         </Value>
         <Value ColumnRef="wert">
            <SimpleValue>Herstellung von Schuhen</SimpleValue>
         </Value>
      </Row>
      <Row>
         <Value ColumnRef="schluessel">
            <SimpleValue>2750</SimpleValue>
         </Value>
         <Value ColumnRef="wert">
            <SimpleValue>Textilgewerbe</SimpleValue>
         </Value>
      </Row>
      <Row>
         <Value ColumnRef="schluessel">
            <SimpleValue>2760</SimpleValue>
         </Value>
         <Value ColumnRef="wert">
            <SimpleValue>Bekleidungsgewerbe</SimpleValue>
         </Value>
      </Row>
      <Row>
         <Value ColumnRef="schluessel">
            <SimpleValue>2790</SimpleValue>
         </Value>
         <Value ColumnRef="wert">
            <SimpleValue>Reparatur best. Gebrauchsgüter</SimpleValue>
         </Value>
      </Row>
      <Row>
         <Value ColumnRef="schluessel">
            <SimpleValue>2810</SimpleValue>
         </Value>
         <Value ColumnRef="wert">
            <SimpleValue>Mahl- und Schälmühlen</SimpleValue>
         </Value>
      </Row>
      <Row>
         <Value ColumnRef="schluessel">
            <SimpleValue>2820</SimpleValue>
         </Value>
         <Value ColumnRef="wert">
            <SimpleValue>Stärkeerzeugnisse</SimpleValue>
         </Value>
      </Row>
      <Row>
         <Value ColumnRef="schluessel">
            <SimpleValue>2830</SimpleValue>
         </Value>
         <Value ColumnRef="wert">
            <SimpleValue>Herstellung von Teigwaren</SimpleValue>
         </Value>
      </Row>
      <Row>
         <Value ColumnRef="schluessel">
            <SimpleValue>2840</SimpleValue>
         </Value>
         <Value ColumnRef="wert">
            <SimpleValue>Herstellung von Backwaren</SimpleValue>
         </Value>
      </Row>
      <Row>
         <Value ColumnRef="schluessel">
            <SimpleValue>2850</SimpleValue>
         </Value>
         <Value ColumnRef="wert">
            <SimpleValue>Zuckerindustrie</SimpleValue>
         </Value>
      </Row>
      <Row>
         <Value ColumnRef="schluessel">
            <SimpleValue>2860</SimpleValue>
         </Value>
         <Value ColumnRef="wert">
            <SimpleValue>Obst- und Gemüseverarbeitung</SimpleValue>
         </Value>
      </Row>
      <Row>
         <Value ColumnRef="schluessel">
            <SimpleValue>2870</SimpleValue>
         </Value>
         <Value ColumnRef="wert">
            <SimpleValue>Süßwarenherstellung</SimpleValue>
         </Value>
      </Row>
      <Row>
         <Value ColumnRef="schluessel">
            <SimpleValue>2875</SimpleValue>
         </Value>
         <Value ColumnRef="wert">
            <SimpleValue>Speiseeisherstellung</SimpleValue>
         </Value>
      </Row>
      <Row>
         <Value ColumnRef="schluessel">
            <SimpleValue>2880</SimpleValue>
         </Value>
         <Value ColumnRef="wert">
            <SimpleValue>Milchverwertung</SimpleValue>
         </Value>
      </Row>
      <Row>
         <Value ColumnRef="schluessel">
            <SimpleValue>2890</SimpleValue>
         </Value>
         <Value ColumnRef="wert">
            <SimpleValue>Fettherstellung</SimpleValue>
         </Value>
      </Row>
      <Row>
         <Value ColumnRef="schluessel">
            <SimpleValue>2910</SimpleValue>
         </Value>
         <Value ColumnRef="wert">
            <SimpleValue>Fleischverarbeitung</SimpleValue>
         </Value>
      </Row>
      <Row>
         <Value ColumnRef="schluessel">
            <SimpleValue>2920</SimpleValue>
         </Value>
         <Value ColumnRef="wert">
            <SimpleValue>Fischverarbeitung</SimpleValue>
         </Value>
      </Row>
      <Row>
         <Value ColumnRef="schluessel">
            <SimpleValue>2930</SimpleValue>
         </Value>
         <Value ColumnRef="wert">
            <SimpleValue>Brauerei, Mälzerei</SimpleValue>
         </Value>
      </Row>
      <Row>
         <Value ColumnRef="schluessel">
            <SimpleValue>2940</SimpleValue>
         </Value>
         <Value ColumnRef="wert">
            <SimpleValue>Alkoholbrennerei pp.</SimpleValue>
         </Value>
      </Row>
      <Row>
         <Value ColumnRef="schluessel">
            <SimpleValue>2950</SimpleValue>
         </Value>
         <Value ColumnRef="wert">
            <SimpleValue>Mineralwassergewerbe</SimpleValue>
         </Value>
      </Row>
      <Row>
         <Value ColumnRef="schluessel">
            <SimpleValue>2960</SimpleValue>
         </Value>
         <Value ColumnRef="wert">
            <SimpleValue>sonst. Ernährungsgewerbe</SimpleValue>
         </Value>
      </Row>
      <Row>
         <Value ColumnRef="schluessel">
            <SimpleValue>2970</SimpleValue>
         </Value>
         <Value ColumnRef="wert">
            <SimpleValue>Futtermittelherstellung</SimpleValue>
         </Value>
      </Row>
      <Row>
         <Value ColumnRef="schluessel">
            <SimpleValue>2990</SimpleValue>
         </Value>
         <Value ColumnRef="wert">
            <SimpleValue>Tabakverarbeitung</SimpleValue>
         </Value>
      </Row>
      <Row>
         <Value ColumnRef="schluessel">
            <SimpleValue>3000</SimpleValue>
         </Value>
         <Value ColumnRef="wert">
            <SimpleValue>Hoch-, Tiefbau</SimpleValue>
         </Value>
      </Row>
      <Row>
         <Value ColumnRef="schluessel">
            <SimpleValue>3005</SimpleValue>
         </Value>
         <Value ColumnRef="wert">
            <SimpleValue>Fertigteilbau</SimpleValue>
         </Value>
      </Row>
      <Row>
         <Value ColumnRef="schluessel">
            <SimpleValue>3008</SimpleValue>
         </Value>
         <Value ColumnRef="wert">
            <SimpleValue>Gerüstbau</SimpleValue>
         </Value>
      </Row>
      <Row>
         <Value ColumnRef="schluessel">
            <SimpleValue>3020</SimpleValue>
         </Value>
         <Value ColumnRef="wert">
            <SimpleValue>Spezialbau</SimpleValue>
         </Value>
      </Row>
      <Row>
         <Value ColumnRef="schluessel">
            <SimpleValue>3025</SimpleValue>
         </Value>
         <Value ColumnRef="wert">
            <SimpleValue>Abbruchgewerbe</SimpleValue>
         </Value>
      </Row>
      <Row>
         <Value ColumnRef="schluessel">
            <SimpleValue>3050</SimpleValue>
         </Value>
         <Value ColumnRef="wert">
            <SimpleValue>Stukkateurgewerbe</SimpleValue>
         </Value>
      </Row>
      <Row>
         <Value ColumnRef="schluessel">
            <SimpleValue>3080</SimpleValue>
         </Value>
         <Value ColumnRef="wert">
            <SimpleValue>Zimmerei, Dachdeckerei</SimpleValue>
         </Value>
      </Row>
      <Row>
         <Value ColumnRef="schluessel">
            <SimpleValue>3100</SimpleValue>
         </Value>
         <Value ColumnRef="wert">
            <SimpleValue>Bauinstallation</SimpleValue>
         </Value>
      </Row>
      <Row>
         <Value ColumnRef="schluessel">
            <SimpleValue>3162</SimpleValue>
         </Value>
         <Value ColumnRef="wert">
            <SimpleValue>Glaser-, Malergewerbe, Tapeten</SimpleValue>
         </Value>
      </Row>
      <Row>
         <Value ColumnRef="schluessel">
            <SimpleValue>3163</SimpleValue>
         </Value>
         <Value ColumnRef="wert">
            <SimpleValue>Bautischlerei, Parkettlegerei</SimpleValue>
         </Value>
      </Row>
      <Row>
         <Value ColumnRef="schluessel">
            <SimpleValue>3165</SimpleValue>
         </Value>
         <Value ColumnRef="wert">
            <SimpleValue>Sonstige Ausbaugewerbe</SimpleValue>
         </Value>
      </Row>
      <Row>
         <Value ColumnRef="schluessel">
            <SimpleValue>4000</SimpleValue>
         </Value>
         <Value ColumnRef="wert">
            <SimpleValue>Warengroßhandel</SimpleValue>
         </Value>
      </Row>
      <Row>
         <Value ColumnRef="schluessel">
            <SimpleValue>4010</SimpleValue>
         </Value>
         <Value ColumnRef="wert">
            <SimpleValue>Getreidegroßhandel</SimpleValue>
         </Value>
      </Row>
      <Row>
         <Value ColumnRef="schluessel">
            <SimpleValue>4020</SimpleValue>
         </Value>
         <Value ColumnRef="wert">
            <SimpleValue>Großhandel m.textilen Rohstoffen</SimpleValue>
         </Value>
      </Row>
      <Row>
         <Value ColumnRef="schluessel">
            <SimpleValue>4040</SimpleValue>
         </Value>
         <Value ColumnRef="wert">
            <SimpleValue>Großhandel m. techn. Chemiekalien o.ä.</SimpleValue>
         </Value>
      </Row>
      <Row>
         <Value ColumnRef="schluessel">
            <SimpleValue>4044</SimpleValue>
         </Value>
         <Value ColumnRef="wert">
            <SimpleValue>Großhandel m. radioaktiven Stoffen</SimpleValue>
         </Value>
      </Row>
      <Row>
         <Value ColumnRef="schluessel">
            <SimpleValue>4050</SimpleValue>
         </Value>
         <Value ColumnRef="wert">
            <SimpleValue>Brennstoffgroßhandel</SimpleValue>
         </Value>
      </Row>
      <Row>
         <Value ColumnRef="schluessel">
            <SimpleValue>4060</SimpleValue>
         </Value>
         <Value ColumnRef="wert">
            <SimpleValue>Großhandel m. Erzen, Eisen, Nichteisen-Metallen</SimpleValue>
         </Value>
      </Row>
      <Row>
         <Value ColumnRef="schluessel">
            <SimpleValue>4070</SimpleValue>
         </Value>
         <Value ColumnRef="wert">
            <SimpleValue>Holz-, Baustoffgroßhandel</SimpleValue>
         </Value>
      </Row>
      <Row>
         <Value ColumnRef="schluessel">
            <SimpleValue>4080</SimpleValue>
         </Value>
         <Value ColumnRef="wert">
            <SimpleValue>Schrottgroßhandel o.ä.</SimpleValue>
         </Value>
      </Row>
      <Row>
         <Value ColumnRef="schluessel">
            <SimpleValue>4110</SimpleValue>
         </Value>
         <Value ColumnRef="wert">
            <SimpleValue>Nahrungsmittelgroßhandel</SimpleValue>
         </Value>
      </Row>
      <Row>
         <Value ColumnRef="schluessel">
            <SimpleValue>4120</SimpleValue>
         </Value>
         <Value ColumnRef="wert">
            <SimpleValue>Bekleidungsgroßhandel</SimpleValue>
         </Value>
      </Row>
      <Row>
         <Value ColumnRef="schluessel">
            <SimpleValue>4130</SimpleValue>
         </Value>
         <Value ColumnRef="wert">
            <SimpleValue>Metall-, Glaswarengroßhandel</SimpleValue>
         </Value>
      </Row>
      <Row>
         <Value ColumnRef="schluessel">
            <SimpleValue>4135</SimpleValue>
         </Value>
         <Value ColumnRef="wert">
            <SimpleValue>Großhandel mit Waffen, Munition</SimpleValue>
         </Value>
      </Row>
      <Row>
         <Value ColumnRef="schluessel">
            <SimpleValue>4140</SimpleValue>
         </Value>
         <Value ColumnRef="wert">
            <SimpleValue>Großhandel m. elektrotechn. Erzeugnissen</SimpleValue>
         </Value>
      </Row>
      <Row>
         <Value ColumnRef="schluessel">
            <SimpleValue>4160</SimpleValue>
         </Value>
         <Value ColumnRef="wert">
            <SimpleValue>Maschinengroßhandel</SimpleValue>
         </Value>
      </Row>
      <Row>
         <Value ColumnRef="schluessel">
            <SimpleValue>4165</SimpleValue>
         </Value>
         <Value ColumnRef="wert">
            <SimpleValue>Gebrauchtwagengroßhandel</SimpleValue>
         </Value>
      </Row>
      <Row>
         <Value ColumnRef="schluessel">
            <SimpleValue>4170</SimpleValue>
         </Value>
         <Value ColumnRef="wert">
            <SimpleValue>Großhandel m. techn. Bedarf</SimpleValue>
         </Value>
      </Row>
      <Row>
         <Value ColumnRef="schluessel">
            <SimpleValue>4173</SimpleValue>
         </Value>
         <Value ColumnRef="wert">
            <SimpleValue>Sprengstoffgroßhandel</SimpleValue>
         </Value>
      </Row>
      <Row>
         <Value ColumnRef="schluessel">
            <SimpleValue>4180</SimpleValue>
         </Value>
         <Value ColumnRef="wert">
            <SimpleValue>Arzneimittelgroßhandel</SimpleValue>
         </Value>
      </Row>
      <Row>
         <Value ColumnRef="schluessel">
            <SimpleValue>4185</SimpleValue>
         </Value>
         <Value ColumnRef="wert">
            <SimpleValue>Pflegemittelgroßhandel</SimpleValue>
         </Value>
      </Row>
      <Row>
         <Value ColumnRef="schluessel">
            <SimpleValue>4190</SimpleValue>
         </Value>
         <Value ColumnRef="wert">
            <SimpleValue>Papierwarengroßhandel</SimpleValue>
         </Value>
      </Row>
      <Row>
         <Value ColumnRef="schluessel">
            <SimpleValue>4200</SimpleValue>
         </Value>
         <Value ColumnRef="wert">
            <SimpleValue>Handelsvermittlung</SimpleValue>
         </Value>
      </Row>
      <Row>
         <Value ColumnRef="schluessel">
            <SimpleValue>4290</SimpleValue>
         </Value>
         <Value ColumnRef="wert">
            <SimpleValue>Versandhandelsvertretung</SimpleValue>
         </Value>
      </Row>
      <Row>
         <Value ColumnRef="schluessel">
            <SimpleValue>4300</SimpleValue>
         </Value>
         <Value ColumnRef="wert">
            <SimpleValue>Einzelhandel m. versch. Waren</SimpleValue>
         </Value>
      </Row>
      <Row>
         <Value ColumnRef="schluessel">
            <SimpleValue>4307</SimpleValue>
         </Value>
         <Value ColumnRef="wert">
            <SimpleValue>Gebrauchtwareneinzelhandel</SimpleValue>
         </Value>
      </Row>
      <Row>
         <Value ColumnRef="schluessel">
            <SimpleValue>4309</SimpleValue>
         </Value>
         <Value ColumnRef="wert">
            <SimpleValue>Einzelhandel mit Blindenwaren</SimpleValue>
         </Value>
      </Row>
      <Row>
         <Value ColumnRef="schluessel">
            <SimpleValue>4310</SimpleValue>
         </Value>
         <Value ColumnRef="wert">
            <SimpleValue>Nahrungsmitteleinzelhandel</SimpleValue>
         </Value>
      </Row>
      <Row>
         <Value ColumnRef="schluessel">
            <SimpleValue>4320</SimpleValue>
         </Value>
         <Value ColumnRef="wert">
            <SimpleValue>Einzelhandel mit Bekleidung</SimpleValue>
         </Value>
      </Row>
      <Row>
         <Value ColumnRef="schluessel">
            <SimpleValue>4330</SimpleValue>
         </Value>
         <Value ColumnRef="wert">
            <SimpleValue>Einzelhandel mit Metall-, Glaswaren</SimpleValue>
         </Value>
      </Row>
      <Row>
         <Value ColumnRef="schluessel">
            <SimpleValue>4332</SimpleValue>
         </Value>
         <Value ColumnRef="wert">
            <SimpleValue>Einzelhandel mit Waffen, Munition</SimpleValue>
         </Value>
      </Row>
      <Row>
         <Value ColumnRef="schluessel">
            <SimpleValue>4334</SimpleValue>
         </Value>
         <Value ColumnRef="wert">
            <SimpleValue>Einzelhandel mit Möbeln o.ä.</SimpleValue>
         </Value>
      </Row>
      <Row>
         <Value ColumnRef="schluessel">
            <SimpleValue>4337</SimpleValue>
         </Value>
         <Value ColumnRef="wert">
            <SimpleValue>Einzelhandel mit Kunstgegenständen</SimpleValue>
         </Value>
      </Row>
      <Row>
         <Value ColumnRef="schluessel">
            <SimpleValue>4340</SimpleValue>
         </Value>
         <Value ColumnRef="wert">
            <SimpleValue>Elektrohandel pp.</SimpleValue>
         </Value>
      </Row>
      <Row>
         <Value ColumnRef="schluessel">
            <SimpleValue>4350</SimpleValue>
         </Value>
         <Value ColumnRef="wert">
            <SimpleValue>Papierwarenhandel</SimpleValue>
         </Value>
      </Row>
      <Row>
         <Value ColumnRef="schluessel">
            <SimpleValue>4360</SimpleValue>
         </Value>
         <Value ColumnRef="wert">
            <SimpleValue>Einzelhandel mit pharm. Erzeugnissen</SimpleValue>
         </Value>
      </Row>
      <Row>
         <Value ColumnRef="schluessel">
            <SimpleValue>4365</SimpleValue>
         </Value>
         <Value ColumnRef="wert">
            <SimpleValue>Einzelhandel m. med. und Pflegeartikeln pp.</SimpleValue>
         </Value>
      </Row>
      <Row>
         <Value ColumnRef="schluessel">
            <SimpleValue>4370</SimpleValue>
         </Value>
         <Value ColumnRef="wert">
            <SimpleValue>Einzelhandel mit Brennstoffen</SimpleValue>
         </Value>
      </Row>
      <Row>
         <Value ColumnRef="schluessel">
            <SimpleValue>4380</SimpleValue>
         </Value>
         <Value ColumnRef="wert">
            <SimpleValue>Einzelhandel mit Maschinen o.ä.</SimpleValue>
         </Value>
      </Row>
      <Row>
         <Value ColumnRef="schluessel">
            <SimpleValue>4385</SimpleValue>
         </Value>
         <Value ColumnRef="wert">
            <SimpleValue>Einzelhandel mit Gebrauchtwagen</SimpleValue>
         </Value>
      </Row>
      <Row>
         <Value ColumnRef="schluessel">
            <SimpleValue>4390</SimpleValue>
         </Value>
         <Value ColumnRef="wert">
            <SimpleValue>Einzelhandel mit sonstigen Waren</SimpleValue>
         </Value>
      </Row>
      <Row>
         <Value ColumnRef="schluessel">
            <SimpleValue>5000</SimpleValue>
         </Value>
         <Value ColumnRef="wert">
            <SimpleValue>Eisenbahnverkehr</SimpleValue>
         </Value>
      </Row>
      <Row>
         <Value ColumnRef="schluessel">
            <SimpleValue>5010</SimpleValue>
         </Value>
         <Value ColumnRef="wert">
            <SimpleValue>Personenbeförderung</SimpleValue>
         </Value>
      </Row>
      <Row>
         <Value ColumnRef="schluessel">
            <SimpleValue>5016</SimpleValue>
         </Value>
         <Value ColumnRef="wert">
            <SimpleValue>Abschlepp- und Bergungsunternehmen</SimpleValue>
         </Value>
      </Row>
      <Row>
         <Value ColumnRef="schluessel">
            <SimpleValue>5017</SimpleValue>
         </Value>
         <Value ColumnRef="wert">
            <SimpleValue>Güterbeförderung</SimpleValue>
         </Value>
      </Row>
      <Row>
         <Value ColumnRef="schluessel">
            <SimpleValue>5018</SimpleValue>
         </Value>
         <Value ColumnRef="wert">
            <SimpleValue>Möbeltransporte</SimpleValue>
         </Value>
      </Row>
      <Row>
         <Value ColumnRef="schluessel">
            <SimpleValue>5020</SimpleValue>
         </Value>
         <Value ColumnRef="wert">
            <SimpleValue>Binnenschifffahrt</SimpleValue>
         </Value>
      </Row>
      <Row>
         <Value ColumnRef="schluessel">
            <SimpleValue>5030</SimpleValue>
         </Value>
         <Value ColumnRef="wert">
            <SimpleValue>See- und Küstenschifffahrt</SimpleValue>
         </Value>
      </Row>
      <Row>
         <Value ColumnRef="schluessel">
            <SimpleValue>5040</SimpleValue>
         </Value>
         <Value ColumnRef="wert">
            <SimpleValue>Luftfahrt</SimpleValue>
         </Value>
      </Row>
      <Row>
         <Value ColumnRef="schluessel">
            <SimpleValue>5050</SimpleValue>
         </Value>
         <Value ColumnRef="wert">
            <SimpleValue>Transport in Rohrleitungen</SimpleValue>
         </Value>
      </Row>
      <Row>
         <Value ColumnRef="schluessel">
            <SimpleValue>5090</SimpleValue>
         </Value>
         <Value ColumnRef="wert">
            <SimpleValue>Spedition und Lagerei</SimpleValue>
         </Value>
      </Row>
      <Row>
         <Value ColumnRef="schluessel">
            <SimpleValue>5093</SimpleValue>
         </Value>
         <Value ColumnRef="wert">
            <SimpleValue>Schiffsmakler</SimpleValue>
         </Value>
      </Row>
      <Row>
         <Value ColumnRef="schluessel">
            <SimpleValue>5096</SimpleValue>
         </Value>
         <Value ColumnRef="wert">
            <SimpleValue>Reiseveranstaltg., Reisebüros</SimpleValue>
         </Value>
      </Row>
      <Row>
         <Value ColumnRef="schluessel">
            <SimpleValue>5097</SimpleValue>
         </Value>
         <Value ColumnRef="wert">
            <SimpleValue>Vermittlung genehmigungspflichtiger Pers.Beförd.</SimpleValue>
         </Value>
      </Row>
      <Row>
         <Value ColumnRef="schluessel">
            <SimpleValue>5098</SimpleValue>
         </Value>
         <Value ColumnRef="wert">
            <SimpleValue>Vermittlung genehmigungsfreier Pers.Beförd.</SimpleValue>
         </Value>
      </Row>
      <Row>
         <Value ColumnRef="schluessel">
            <SimpleValue>6010</SimpleValue>
         </Value>
         <Value ColumnRef="wert">
            <SimpleValue>Kreditbanken</SimpleValue>
         </Value>
      </Row>
      <Row>
         <Value ColumnRef="schluessel">
            <SimpleValue>6020</SimpleValue>
         </Value>
         <Value ColumnRef="wert">
            <SimpleValue>Sparkassenwesen</SimpleValue>
         </Value>
      </Row>
      <Row>
         <Value ColumnRef="schluessel">
            <SimpleValue>6030</SimpleValue>
         </Value>
         <Value ColumnRef="wert">
            <SimpleValue>Kreditgenossenschaften</SimpleValue>
         </Value>
      </Row>
      <Row>
         <Value ColumnRef="schluessel">
            <SimpleValue>6040</SimpleValue>
         </Value>
         <Value ColumnRef="wert">
            <SimpleValue>Hypothekenbanken o.ä.</SimpleValue>
         </Value>
      </Row>
      <Row>
         <Value ColumnRef="schluessel">
            <SimpleValue>6070</SimpleValue>
         </Value>
         <Value ColumnRef="wert">
            <SimpleValue>Sonstige Kreditinstitute</SimpleValue>
         </Value>
      </Row>
      <Row>
         <Value ColumnRef="schluessel">
            <SimpleValue>6080</SimpleValue>
         </Value>
         <Value ColumnRef="wert">
            <SimpleValue>Bausparkassen</SimpleValue>
         </Value>
      </Row>
      <Row>
         <Value ColumnRef="schluessel">
            <SimpleValue>6090</SimpleValue>
         </Value>
         <Value ColumnRef="wert">
            <SimpleValue>Effektenbörsen</SimpleValue>
         </Value>
      </Row>
      <Row>
         <Value ColumnRef="schluessel">
            <SimpleValue>6095</SimpleValue>
         </Value>
         <Value ColumnRef="wert">
            <SimpleValue>Darlehensvermittlung</SimpleValue>
         </Value>
      </Row>
      <Row>
         <Value ColumnRef="schluessel">
            <SimpleValue>6096</SimpleValue>
         </Value>
         <Value ColumnRef="wert">
            <SimpleValue>Vermittlung von Bausparverträgen</SimpleValue>
         </Value>
      </Row>
      <Row>
         <Value ColumnRef="schluessel">
            <SimpleValue>6100</SimpleValue>
         </Value>
         <Value ColumnRef="wert">
            <SimpleValue>Lebensversicherungen o.ä.</SimpleValue>
         </Value>
      </Row>
      <Row>
         <Value ColumnRef="schluessel">
            <SimpleValue>6120</SimpleValue>
         </Value>
         <Value ColumnRef="wert">
            <SimpleValue>Krankenversicherungen</SimpleValue>
         </Value>
      </Row>
      <Row>
         <Value ColumnRef="schluessel">
            <SimpleValue>6140</SimpleValue>
         </Value>
         <Value ColumnRef="wert">
            <SimpleValue>Schaden-, Unfallversicherungen</SimpleValue>
         </Value>
      </Row>
      <Row>
         <Value ColumnRef="schluessel">
            <SimpleValue>6160</SimpleValue>
         </Value>
         <Value ColumnRef="wert">
            <SimpleValue>Rückversicherungen</SimpleValue>
         </Value>
      </Row>
      <Row>
         <Value ColumnRef="schluessel">
            <SimpleValue>6190</SimpleValue>
         </Value>
         <Value ColumnRef="wert">
            <SimpleValue>Vermittlung von Versicherungen</SimpleValue>
         </Value>
      </Row>
      <Row>
         <Value ColumnRef="schluessel">
            <SimpleValue>7000</SimpleValue>
         </Value>
         <Value ColumnRef="wert">
            <SimpleValue>Beherbergungsgewerbe</SimpleValue>
         </Value>
      </Row>
      <Row>
         <Value ColumnRef="schluessel">
            <SimpleValue>7002</SimpleValue>
         </Value>
         <Value ColumnRef="wert">
            <SimpleValue>Gastwirtschaften</SimpleValue>
         </Value>
      </Row>
      <Row>
         <Value ColumnRef="schluessel">
            <SimpleValue>7003</SimpleValue>
         </Value>
         <Value ColumnRef="wert">
            <SimpleValue>Speisewirtschaften</SimpleValue>
         </Value>
      </Row>
      <Row>
         <Value ColumnRef="schluessel">
            <SimpleValue>7005</SimpleValue>
         </Value>
         <Value ColumnRef="wert">
            <SimpleValue>Sonstige Bewirtungsstätten</SimpleValue>
         </Value>
      </Row>
      <Row>
         <Value ColumnRef="schluessel">
            <SimpleValue>7009</SimpleValue>
         </Value>
         <Value ColumnRef="wert">
            <SimpleValue>Heime</SimpleValue>
         </Value>
      </Row>
      <Row>
         <Value ColumnRef="schluessel">
            <SimpleValue>7010</SimpleValue>
         </Value>
         <Value ColumnRef="wert">
            <SimpleValue>Wäscherei, Reinigung</SimpleValue>
         </Value>
      </Row>
      <Row>
         <Value ColumnRef="schluessel">
            <SimpleValue>7016</SimpleValue>
         </Value>
         <Value ColumnRef="wert">
            <SimpleValue>Gebäudereinigung</SimpleValue>
         </Value>
      </Row>
      <Row>
         <Value ColumnRef="schluessel">
            <SimpleValue>7018</SimpleValue>
         </Value>
         <Value ColumnRef="wert">
            <SimpleValue>Schornsteinfegergewerbe</SimpleValue>
         </Value>
      </Row>
      <Row>
         <Value ColumnRef="schluessel">
            <SimpleValue>7020</SimpleValue>
         </Value>
         <Value ColumnRef="wert">
            <SimpleValue>Friseurgewerbe</SimpleValue>
         </Value>
      </Row>
      <Row>
         <Value ColumnRef="schluessel">
            <SimpleValue>7025</SimpleValue>
         </Value>
         <Value ColumnRef="wert">
            <SimpleValue>Sonstige Körperpflege</SimpleValue>
         </Value>
      </Row>
      <Row>
         <Value ColumnRef="schluessel">
            <SimpleValue>7062</SimpleValue>
         </Value>
         <Value ColumnRef="wert">
            <SimpleValue>Unterrichtsanstalten</SimpleValue>
         </Value>
      </Row>
      <Row>
         <Value ColumnRef="schluessel">
            <SimpleValue>7063</SimpleValue>
         </Value>
         <Value ColumnRef="wert">
            <SimpleValue>Kraftfahrschulen</SimpleValue>
         </Value>
      </Row>
      <Row>
         <Value ColumnRef="schluessel">
            <SimpleValue>7066</SimpleValue>
         </Value>
         <Value ColumnRef="wert">
            <SimpleValue>Erziehungsanst., Kindergärten</SimpleValue>
         </Value>
      </Row>
      <Row>
         <Value ColumnRef="schluessel">
            <SimpleValue>7068</SimpleValue>
         </Value>
         <Value ColumnRef="wert">
            <SimpleValue>Sporteinrichtungén</SimpleValue>
         </Value>
      </Row>
      <Row>
         <Value ColumnRef="schluessel">
            <SimpleValue>7070</SimpleValue>
         </Value>
         <Value ColumnRef="wert">
            <SimpleValue>Theater o.ä.</SimpleValue>
         </Value>
      </Row>
      <Row>
         <Value ColumnRef="schluessel">
            <SimpleValue>7071</SimpleValue>
         </Value>
         <Value ColumnRef="wert">
            <SimpleValue>Filmtheater</SimpleValue>
         </Value>
      </Row>
      <Row>
         <Value ColumnRef="schluessel">
            <SimpleValue>7073</SimpleValue>
         </Value>
         <Value ColumnRef="wert">
            <SimpleValue>Filmvertrieb</SimpleValue>
         </Value>
      </Row>
      <Row>
         <Value ColumnRef="schluessel">
            <SimpleValue>7080</SimpleValue>
         </Value>
         <Value ColumnRef="wert">
            <SimpleValue>Verlags- und Pressewesen</SimpleValue>
         </Value>
      </Row>
      <Row>
         <Value ColumnRef="schluessel">
            <SimpleValue>7085</SimpleValue>
         </Value>
         <Value ColumnRef="wert">
            <SimpleValue>Leihbüchereien und Lesezirkel</SimpleValue>
         </Value>
      </Row>
      <Row>
         <Value ColumnRef="schluessel">
            <SimpleValue>7087</SimpleValue>
         </Value>
         <Value ColumnRef="wert">
            <SimpleValue>Korrespondenz- und Nachrichtenbüros</SimpleValue>
         </Value>
      </Row>
      <Row>
         <Value ColumnRef="schluessel">
            <SimpleValue>7106</SimpleValue>
         </Value>
         <Value ColumnRef="wert">
            <SimpleValue>Krankenhäuser, Sanatorien</SimpleValue>
         </Value>
      </Row>
      <Row>
         <Value ColumnRef="schluessel">
            <SimpleValue>7109</SimpleValue>
         </Value>
         <Value ColumnRef="wert">
            <SimpleValue>Sonstige Anstalten</SimpleValue>
         </Value>
      </Row>
      <Row>
         <Value ColumnRef="schluessel">
            <SimpleValue>7115</SimpleValue>
         </Value>
         <Value ColumnRef="wert">
            <SimpleValue>Einrichtungen des Veterinärwesens</SimpleValue>
         </Value>
      </Row>
      <Row>
         <Value ColumnRef="schluessel">
            <SimpleValue>7120</SimpleValue>
         </Value>
         <Value ColumnRef="wert">
            <SimpleValue>lizensierte Postdienstleistungen</SimpleValue>
         </Value>
      </Row>
      <Row>
         <Value ColumnRef="schluessel">
            <SimpleValue>7121</SimpleValue>
         </Value>
         <Value ColumnRef="wert">
            <SimpleValue>nicht lizensierte Postdienstleistungen</SimpleValue>
         </Value>
      </Row>
      <Row>
         <Value ColumnRef="schluessel">
            <SimpleValue>7130</SimpleValue>
         </Value>
         <Value ColumnRef="wert">
            <SimpleValue>Architektur- und Ingenieursbüros</SimpleValue>
         </Value>
      </Row>
      <Row>
         <Value ColumnRef="schluessel">
            <SimpleValue>7140</SimpleValue>
         </Value>
         <Value ColumnRef="wert">
            <SimpleValue>Wirtschaftswerbung</SimpleValue>
         </Value>
      </Row>
      <Row>
         <Value ColumnRef="schluessel">
            <SimpleValue>7171</SimpleValue>
         </Value>
         <Value ColumnRef="wert">
            <SimpleValue>Gew.Vermittlung v.Verträgen über Grundstücke</SimpleValue>
         </Value>
      </Row>
      <Row>
         <Value ColumnRef="schluessel">
            <SimpleValue>7172</SimpleValue>
         </Value>
         <Value ColumnRef="wert">
            <SimpleValue>Gew.Vermittlung v.Verträgen über gewerbliche Räume</SimpleValue>
         </Value>
      </Row>
      <Row>
         <Value ColumnRef="schluessel">
            <SimpleValue>7173</SimpleValue>
         </Value>
         <Value ColumnRef="wert">
            <SimpleValue>Gew.Vermittlung v.Verträgen über Wohnräume</SimpleValue>
         </Value>
      </Row>
      <Row>
         <Value ColumnRef="schluessel">
            <SimpleValue>7174</SimpleValue>
         </Value>
         <Value ColumnRef="wert">
            <SimpleValue>Grundstücksverwaltung</SimpleValue>
         </Value>
      </Row>
      <Row>
         <Value ColumnRef="schluessel">
            <SimpleValue>7175</SimpleValue>
         </Value>
         <Value ColumnRef="wert">
            <SimpleValue>Vermögensverwaltung</SimpleValue>
         </Value>
      </Row>
      <Row>
         <Value ColumnRef="schluessel">
            <SimpleValue>7178</SimpleValue>
         </Value>
         <Value ColumnRef="wert">
            <SimpleValue>Bauträger</SimpleValue>
         </Value>
      </Row>
      <Row>
         <Value ColumnRef="schluessel">
            <SimpleValue>7179</SimpleValue>
         </Value>
         <Value ColumnRef="wert">
            <SimpleValue>Baubetreuer</SimpleValue>
         </Value>
      </Row>
      <Row>
         <Value ColumnRef="schluessel">
            <SimpleValue>7180</SimpleValue>
         </Value>
         <Value ColumnRef="wert">
            <SimpleValue>Messeeinrichtungen</SimpleValue>
         </Value>
      </Row>
      <Row>
         <Value ColumnRef="schluessel">
            <SimpleValue>7181</SimpleValue>
         </Value>
         <Value ColumnRef="wert">
            <SimpleValue>Schaustellung</SimpleValue>
         </Value>
      </Row>
      <Row>
         <Value ColumnRef="schluessel">
            <SimpleValue>7182</SimpleValue>
         </Value>
         <Value ColumnRef="wert">
            <SimpleValue>Lotteriewesen</SimpleValue>
         </Value>
      </Row>
      <Row>
         <Value ColumnRef="schluessel">
            <SimpleValue>7183</SimpleValue>
         </Value>
         <Value ColumnRef="wert">
            <SimpleValue>Leihhäuser</SimpleValue>
         </Value>
      </Row>
      <Row>
         <Value ColumnRef="schluessel">
            <SimpleValue>7184</SimpleValue>
         </Value>
         <Value ColumnRef="wert">
            <SimpleValue>Vermietung beweglicher Sachen</SimpleValue>
         </Value>
      </Row>
      <Row>
         <Value ColumnRef="schluessel">
            <SimpleValue>7185</SimpleValue>
         </Value>
         <Value ColumnRef="wert">
            <SimpleValue>Bewachungsgewerbe o.ä.</SimpleValue>
         </Value>
      </Row>
      <Row>
         <Value ColumnRef="schluessel">
            <SimpleValue>7187</SimpleValue>
         </Value>
         <Value ColumnRef="wert">
            <SimpleValue>Fotografisches Gewerbe</SimpleValue>
         </Value>
      </Row>
      <Row>
         <Value ColumnRef="schluessel">
            <SimpleValue>7188</SimpleValue>
         </Value>
         <Value ColumnRef="wert">
            <SimpleValue>Abfüll- und Verpackungsgewerbe</SimpleValue>
         </Value>
      </Row>
      <Row>
         <Value ColumnRef="schluessel">
            <SimpleValue>7189</SimpleValue>
         </Value>
         <Value ColumnRef="wert">
            <SimpleValue>Hyg. Einrichtg., (z.B. Müllabfuhr)</SimpleValue>
         </Value>
      </Row>
      <Row>
         <Value ColumnRef="schluessel">
            <SimpleValue>7201</SimpleValue>
         </Value>
         <Value ColumnRef="wert">
            <SimpleValue>Auskunftbüros</SimpleValue>
         </Value>
      </Row>
      <Row>
         <Value ColumnRef="schluessel">
            <SimpleValue>7202</SimpleValue>
         </Value>
         <Value ColumnRef="wert">
            <SimpleValue>Übersetzungsbüros</SimpleValue>
         </Value>
      </Row>
      <Row>
         <Value ColumnRef="schluessel">
            <SimpleValue>7203</SimpleValue>
         </Value>
         <Value ColumnRef="wert">
            <SimpleValue>Arbeitsvermittlung</SimpleValue>
         </Value>
      </Row>
      <Row>
         <Value ColumnRef="schluessel">
            <SimpleValue>7204</SimpleValue>
         </Value>
         <Value ColumnRef="wert">
            <SimpleValue>Gewerbsm. Arbeitnehmerüberlassung</SimpleValue>
         </Value>
      </Row>
      <Row>
         <Value ColumnRef="schluessel">
            <SimpleValue>7205</SimpleValue>
         </Value>
         <Value ColumnRef="wert">
            <SimpleValue>Ehevermittlung</SimpleValue>
         </Value>
      </Row>
      <Row>
         <Value ColumnRef="schluessel">
            <SimpleValue>7999</SimpleValue>
         </Value>
         <Value ColumnRef="wert">
            <SimpleValue>Sonst. gewerbl. Dienstleistungen</SimpleValue>
         </Value>
      </Row>
      <Row>
         <Value ColumnRef="schluessel">
            <SimpleValue>8999</SimpleValue>
         </Value>
         <Value ColumnRef="wert">
            <SimpleValue>Sonst. gewerbl. Tätigkeiten</SimpleValue>
         </Value>
      </Row>
   </SimpleCodeList>
</gc:CodeList>
