<?xml version="1.0" encoding="UTF-8"?>
<gc:CodeList xmlns:gc="http://docs.oasis-open.org/codelist/ns/genericode/1.0/"
             xmlns:xoev-cl-2="http://xoev.de/schemata/genericode/2"
             xmlns:xsi="http://www.w3.org/2001/XMLSchema-instance">
   <Annotation>
      <Description>
         <xoev-cl-2:nameKurz>BfJ Nachrichtencode GZR Mitteilungen</xoev-cl-2:nameKurz>
         <xoev-cl-2:beschreibung-codeliste>Für die Verwendung in XBfJ. Diese Codeliste bildet die relevanten Nachrichtencodes für GZR-Mitteilungen ab. Der Nachrichtencode wird benötigt, um die fachlich-rechtliche Rolle einer eingehenden Nachricht beim BfJ näher zu bestimmen. Vom Nachrichtencode hängt die weitere Verarbeitung im BfJ ab.</xoev-cl-2:beschreibung-codeliste>
         <xoev-cl-2:herausgebernameKurz>BfJ</xoev-cl-2:herausgebernameKurz>
         <xoev-cl-2:datumGueltigkeitAb>2019-05-17</xoev-cl-2:datumGueltigkeitAb>
         <xoev-cl-2:versionXOEVHandbuch>2.1</xoev-cl-2:versionXOEVHandbuch>
      </Description>
   </Annotation>
   <Identification>
      <ShortName>nachrichtencode.gzr.mitteilung</ShortName>
      <LongName>BfJ Nachrichtencode GZR Mitteilungen</LongName>
      <Version>1.0</Version>
      <CanonicalUri>urn:xoev-de:bund:bfj:codeliste:nachrichtencode.gzr.mitteilung</CanonicalUri>
      <CanonicalVersionUri>urn:xoev-de:bund:bfj:codeliste:nachrichtencode.gzr.mitteilung_1.0</CanonicalVersionUri>
      <Agency>
         <LongName>Bundesamt für Justiz, Bonn</LongName>
      </Agency>
   </Identification>
   <ColumnSet>
      <Column Id="schluessel" Use="required">
         <ShortName>schluessel</ShortName>
         <LongName>Schlüssel</LongName>
         <Data Type="string"/>
      </Column>
      <Column Id="wert" Use="required">
         <ShortName>wert</ShortName>
         <LongName>Wert</LongName>
         <Data Type="string"/>
      </Column>
      <Key Id="codeKey">
         <Annotation>
            <AppInfo>
               <xoev-cl-2:xoev-code/>
            </AppInfo>
         </Annotation>
         <ShortName>codeKey</ShortName>
         <ColumnRef Ref="schluessel"/>
      </Key>
   </ColumnSet>
   <SimpleCodeList>
      <Row>
         <Value ColumnRef="schluessel">
            <SimpleValue>G</SimpleValue>
         </Value>
         <Value ColumnRef="wert">
            <SimpleValue>Erstmitteilung einer Entscheidung zum GZR</SimpleValue>
         </Value>
      </Row>
      <Row>
         <Value ColumnRef="schluessel">
            <SimpleValue>Z</SimpleValue>
         </Value>
         <Value ColumnRef="wert">
            <SimpleValue>Berichtigungsmitteilung zu einer Entscheidung im GZR</SimpleValue>
         </Value>
      </Row>
   </SimpleCodeList>
</gc:CodeList>
