<?xml version="1.0" encoding="UTF-8"?>
<gc:CodeList xmlns:gc="http://docs.oasis-open.org/codelist/ns/genericode/1.0/"
             xmlns:xoev-cl-3="http://xoev.de/schemata/genericode/3"
             xmlns:xsi="http://www.w3.org/2001/XMLSchema-instance">
   <Annotation>
      <Description>
         <xoev-cl-3:nameKurz>BfJ Hinweis Anlass</xoev-cl-3:nameKurz>
         <xoev-cl-3:beschreibung-codeliste>Für die Verwendung in XBfJ. Diese Codeliste enthält die möglichen Anlässe für die Versendung einer Benachrichtigung oder eines Hinweises.</xoev-cl-3:beschreibung-codeliste>
         <xoev-cl-3:herausgebernameKurz>BfJ</xoev-cl-3:herausgebernameKurz>
         <xoev-cl-3:datumGueltigkeitAb>2020-08-28</xoev-cl-3:datumGueltigkeitAb>
         <xoev-cl-3:versionCodelistenHandbuch>1.0</xoev-cl-3:versionCodelistenHandbuch>
      </Description>
   </Annotation>
   <Identification>
      <ShortName>bfj.hinweisanlass</ShortName>
      <LongName xml:lang="de-DE">BfJ Hinweis Anlass</LongName>
      <Version>1.0</Version>
      <CanonicalUri>urn:xoev-de:bund:bfj:codeliste:bfj.hinweisanlass</CanonicalUri>
      <CanonicalVersionUri>urn:xoev-de:bund:bfj:codeliste:bfj.hinweisanlass_1.0</CanonicalVersionUri>
      <Agency>
         <LongName xml:lang="de-DE">Bundesamt für Justiz, Bonn</LongName>
      </Agency>
   </Identification>
   <ColumnSet>
      <Column Id="schluessel" Use="required">
         <ShortName>schluessel</ShortName>
         <LongName xml:lang="de-DE">Schlüssel</LongName>
         <Data Type="integer"/>
      </Column>
      <Column Id="wert" Use="required">
         <ShortName>wert</ShortName>
         <LongName xml:lang="de-DE">Wert</LongName>
         <Data Type="string"/>
      </Column>
      <Key Id="schluesselKey">
         <Annotation>
            <AppInfo>
               <xoev-cl-3:empfohleneCodeSpalte/>
            </AppInfo>
         </Annotation>
         <ShortName>schluesselKey</ShortName>
         <ColumnRef Ref="schluessel"/>
      </Key>
   </ColumnSet>
   <SimpleCodeList>
      <Row>
         <Value ColumnRef="schluessel">
            <SimpleValue>1</SimpleValue>
         </Value>
         <Value ColumnRef="wert">
            <SimpleValue>In Ihrer Entscheidung wurde auf Strafvorbehalt erkannt. Im Register ist eine Mitteilung zu einer weiteren Verurteilung eingegangen.</SimpleValue>
         </Value>
      </Row>
      <Row>
         <Value ColumnRef="schluessel">
            <SimpleValue>2</SimpleValue>
         </Value>
         <Value ColumnRef="wert">
            <SimpleValue>In Ihrer Entscheidung wurde auf einen Schuldspruch erkannt. Im Register ist eine Mitteilung zu einer weiteren Verurteilung eingegangen.</SimpleValue>
         </Value>
      </Row>
      <Row>
         <Value ColumnRef="schluessel">
            <SimpleValue>3</SimpleValue>
         </Value>
         <Value ColumnRef="wert">
            <SimpleValue>Zu Ihrer Entscheidung ist die Vollstreckung einer Strafe zurückgestellt. Im Register ist eine Mitteilung zu einer weiteren Verurteilung eingegangen.</SimpleValue>
         </Value>
      </Row>
      <Row>
         <Value ColumnRef="schluessel">
            <SimpleValue>4</SimpleValue>
         </Value>
         <Value ColumnRef="wert">
            <SimpleValue>Zu Ihrer Entscheidung ist die Vollstreckung einer Maßregel zurückgestellt. Im Register ist eine Mitteilung zu einer weiteren Verurteilung eingegangen.</SimpleValue>
         </Value>
      </Row>
      <Row>
         <Value ColumnRef="schluessel">
            <SimpleValue>5</SimpleValue>
         </Value>
         <Value ColumnRef="wert">
            <SimpleValue>Zu Ihrer Entscheidung läuft eine Bewährungszeit. Im Register ist eine Mitteilung zu einer weiteren Verurteilung eingegangen.</SimpleValue>
         </Value>
      </Row>
      <Row>
         <Value ColumnRef="schluessel">
            <SimpleValue>6</SimpleValue>
         </Value>
         <Value ColumnRef="wert">
            <SimpleValue>Zu Ihrer Entscheidung läuft eine Bewährungszeit für Maßregel. Im Register ist eine Mitteilung zu einer weiteren Verurteilung eingegangen.</SimpleValue>
         </Value>
      </Row>
      <Row>
         <Value ColumnRef="schluessel">
            <SimpleValue>7</SimpleValue>
         </Value>
         <Value ColumnRef="wert">
            <SimpleValue>Zu Ihrer Entscheidung läuft eine Bewährungszeit im Gnadenwege. Im Register ist eine Mitteilung zu einer weiteren Verurteilung eingegangen.</SimpleValue>
         </Value>
      </Row>
      <Row>
         <Value ColumnRef="schluessel">
            <SimpleValue>8</SimpleValue>
         </Value>
         <Value ColumnRef="wert">
            <SimpleValue>Zu Ihrer Entscheidung wurde eine Strafe erlassen. Im Register ist eine Mitteilung zu einer weiteren Verurteilung eingegangen. Auf § 56g StGB wird hingewiesen.</SimpleValue>
         </Value>
      </Row>
      <Row>
         <Value ColumnRef="schluessel">
            <SimpleValue>9</SimpleValue>
         </Value>
         <Value ColumnRef="wert">
            <SimpleValue>Ihr Suchvermerk ist im Register eingegangen.</SimpleValue>
         </Value>
      </Row>
      <Row>
         <Value ColumnRef="schluessel">
            <SimpleValue>10</SimpleValue>
         </Value>
         <Value ColumnRef="wert">
            <SimpleValue>Der Tod des Gesuchten wurde mitgeteilt.</SimpleValue>
         </Value>
      </Row>
      <Row>
         <Value ColumnRef="schluessel">
            <SimpleValue>11</SimpleValue>
         </Value>
         <Value ColumnRef="wert">
            <SimpleValue>Es ist eine Mitteilung von folgender Stelle eingegangen:</SimpleValue>
         </Value>
      </Row>
      <Row>
         <Value ColumnRef="schluessel">
            <SimpleValue>12</SimpleValue>
         </Value>
         <Value ColumnRef="wert">
            <SimpleValue>Ein Suchvermerk folgender Stelle ist erledigt. Die angegebene Anschrift wurde mitgeteilt.</SimpleValue>
         </Value>
      </Row>
      <Row>
         <Value ColumnRef="schluessel">
            <SimpleValue>13</SimpleValue>
         </Value>
         <Value ColumnRef="wert">
            <SimpleValue>Ein Suchvermerk folgender Stelle ist erledigt:</SimpleValue>
         </Value>
      </Row>
      <Row>
         <Value ColumnRef="schluessel">
            <SimpleValue>14</SimpleValue>
         </Value>
         <Value ColumnRef="wert">
            <SimpleValue>Ihr Suchvermerk ist im Register eingegangen.</SimpleValue>
         </Value>
      </Row>
      <Row>
         <Value ColumnRef="schluessel">
            <SimpleValue>15</SimpleValue>
         </Value>
         <Value ColumnRef="wert">
            <SimpleValue>Ein Führungszeugnis wurde erteilt an:</SimpleValue>
         </Value>
      </Row>
      <Row>
         <Value ColumnRef="schluessel">
            <SimpleValue>16</SimpleValue>
         </Value>
         <Value ColumnRef="wert">
            <SimpleValue>Eine Auskunft wurde erteilt an:</SimpleValue>
         </Value>
      </Row>
      <Row>
         <Value ColumnRef="schluessel">
            <SimpleValue>17</SimpleValue>
         </Value>
         <Value ColumnRef="wert">
            <SimpleValue>Es ist ein Suchvermerk von folgender Stelle eingegangen:</SimpleValue>
         </Value>
      </Row>
      <Row>
         <Value ColumnRef="schluessel">
            <SimpleValue>18</SimpleValue>
         </Value>
         <Value ColumnRef="wert">
            <SimpleValue>Erweitertes Führungszeugnis wurde erteilt an:</SimpleValue>
         </Value>
      </Row>
      <Row>
         <Value ColumnRef="schluessel">
            <SimpleValue>19</SimpleValue>
         </Value>
         <Value ColumnRef="wert">
            <SimpleValue>Zu Ihrer Entscheidung besteht eine Führungsaufsicht. Folgende Entscheidung über den Eintritt einer neuen Führungsaufsicht wurde zum Register mitgeteilt:</SimpleValue>
         </Value>
      </Row>
      <Row>
         <Value ColumnRef="schluessel">
            <SimpleValue>20</SimpleValue>
         </Value>
         <Value ColumnRef="wert">
            <SimpleValue>Im Bundeszentralregister sind eine oder mehrere gesamtstrafenfähige Entscheidungen vermerkt, die in diesem Hinweis besonders gekennzeichnet sind.</SimpleValue>
         </Value>
      </Row>
      <Row>
         <Value ColumnRef="schluessel">
            <SimpleValue>21</SimpleValue>
         </Value>
         <Value ColumnRef="wert">
            <SimpleValue>Im Bundeszentralregister wurde zur betroffenen Person eine Datenänderung vorgenommen. Es wird anheimgestellt, eine neue Auskunft zur Person anzufordern.</SimpleValue>
         </Value>
      </Row>
      <Row>
         <Value ColumnRef="schluessel">
            <SimpleValue>22</SimpleValue>
         </Value>
         <Value ColumnRef="wert">
            <SimpleValue>Im Gewerbezentralregister wurde zur betroffenen Person eine Datenänderung vorgenommen. Es wird anheimgestellt, eine neue Auskunft zur Person anzufordern.</SimpleValue>
         </Value>
      </Row>
      <Row>
         <Value ColumnRef="schluessel">
            <SimpleValue>23</SimpleValue>
         </Value>
         <Value ColumnRef="wert">
            <SimpleValue>Im Gewerbezentralregister wurde zur betroffenen Person eine Datenänderung vorgenommen.</SimpleValue>
         </Value>
      </Row>
   </SimpleCodeList>
</gc:CodeList>
