<?xml version="1.0" encoding="UTF-8"?>
<gc:CodeList xmlns:gc="http://docs.oasis-open.org/codelist/ns/genericode/1.0/"
             xmlns:xsi="http://www.w3.org/2001/XMLSchema-instance"
             xmlns:xoev-cl-3="http://xoev.de/schemata/genericode/3">
   <Annotation>
      <Description>
         <xoev-cl-3:nameKurz>DABAG.Aktionsgruende</xoev-cl-3:nameKurz>
         <xoev-cl-3:beschreibung-codeliste>Werteliste der Aktionsgründe, die im Datenbankgrundbuch verwendet werden können. Anhand der im XJustiz-Datensatz gelieferten Aktionsgründe erfolgt die Auswahl der Aktionsgründe für die Bearbeitung in dabag.</xoev-cl-3:beschreibung-codeliste>
         <xoev-cl-3:herausgebernameKurz>AG IT-Standards</xoev-cl-3:herausgebernameKurz>
         <xoev-cl-3:datumGueltigkeitAb>2023-10-31</xoev-cl-3:datumGueltigkeitAb>
         <xoev-cl-3:versionCodelistenHandbuch>1.1</xoev-cl-3:versionCodelistenHandbuch>
      </Description>
   </Annotation>
   <Identification>
      <ShortName>dabag.aktionsgruende</ShortName>
      <LongName>DABAG.Aktionsgruende</LongName>
      <Version>1.0</Version>
      <CanonicalUri>urn:xoev-de:xjustiz:codeliste:dabag.aktionsgruende</CanonicalUri>
      <CanonicalVersionUri>urn:xoev-de:xjustiz:codeliste:dabag.aktionsgruende_1.0</CanonicalVersionUri>
      <Agency>
         <LongName>BLK-AG IT-Standards in der Justiz</LongName>
      </Agency>
   </Identification>
   <ColumnSet>
      <Column Id="code" Use="required">
         <ShortName>code</ShortName>
         <LongName>Schlüssel</LongName>
         <Data Type="string"/>
      </Column>
      <Column Id="wert" Use="required">
         <ShortName>wert</ShortName>
         <LongName>Wert</LongName>
         <Data Type="string"/>
      </Column>
      <Key Id="codeKey">
         <Annotation>
            <AppInfo>
               <xoev-cl-3:empfohleneCodeSpalte/>
            </AppInfo>
         </Annotation>
         <ShortName>codeKey</ShortName>
         <ColumnRef Ref="code"/>
      </Key>
   </ColumnSet>
   <SimpleCodeList>
      <Row>
         <Value ColumnRef="code">
            <SimpleValue>000044</SimpleValue>
         </Value>
         <Value ColumnRef="wert">
            <SimpleValue>BV // // // Grundstück einbuchen (neues Blatt)</SimpleValue>
         </Value>
      </Row>
      <Row>
         <Value ColumnRef="code">
            <SimpleValue>000045</SimpleValue>
         </Value>
         <Value ColumnRef="wert">
            <SimpleValue>BV // // // Grundstück einbuchen (bestehendes Blatt)</SimpleValue>
         </Value>
      </Row>
      <Row>
         <Value ColumnRef="code">
            <SimpleValue>000079</SimpleValue>
         </Value>
         <Value ColumnRef="wert">
            <SimpleValue>BV // // // Grundstück nach § 3 Abs. 4 GBO buchen</SimpleValue>
         </Value>
      </Row>
      <Row>
         <Value ColumnRef="code">
            <SimpleValue>010121</SimpleValue>
         </Value>
         <Value ColumnRef="wert">
            <SimpleValue>BV // Eintragung // // Hofvermerk eintragen</SimpleValue>
         </Value>
      </Row>
      <Row>
         <Value ColumnRef="code">
            <SimpleValue>010123</SimpleValue>
         </Value>
         <Value ColumnRef="wert">
            <SimpleValue>BV // Eintragung // // Hofvermerk für Buchungsstelle eintragen</SimpleValue>
         </Value>
      </Row>
      <Row>
         <Value ColumnRef="code">
            <SimpleValue>010124</SimpleValue>
         </Value>
         <Value ColumnRef="wert">
            <SimpleValue>BV // Eintragung // // Hofzugehörigkeitsvermerk eintragen</SimpleValue>
         </Value>
      </Row>
      <Row>
         <Value ColumnRef="code">
            <SimpleValue>020048</SimpleValue>
         </Value>
         <Value ColumnRef="wert">
            <SimpleValue>BV // Löschung // // Buchungsstelle ausbuchen</SimpleValue>
         </Value>
      </Row>
      <Row>
         <Value ColumnRef="code">
            <SimpleValue>020094</SimpleValue>
         </Value>
         <Value ColumnRef="wert">
            <SimpleValue>BV // Löschung // // Buchung nach § 3 Abs. 4 GBO aufheben (Buchung auf neues Blatt)</SimpleValue>
         </Value>
      </Row>
      <Row>
         <Value ColumnRef="code">
            <SimpleValue>020095</SimpleValue>
         </Value>
         <Value ColumnRef="wert">
            <SimpleValue>BV // Löschung // // Buchung nach § 3 Abs. 4 GBO aufheben (Buchung auf bestehendes Blatt)</SimpleValue>
         </Value>
      </Row>
      <Row>
         <Value ColumnRef="code">
            <SimpleValue>020096</SimpleValue>
         </Value>
         <Value ColumnRef="wert">
            <SimpleValue>BV // Löschung // // Buchung nach § 3 Abs. 4 GBO aufheben (Erwerb und Buchung auf neues Blatt)</SimpleValue>
         </Value>
      </Row>
      <Row>
         <Value ColumnRef="code">
            <SimpleValue>020122</SimpleValue>
         </Value>
         <Value ColumnRef="wert">
            <SimpleValue>BV // Löschung // // Hofvermerk löschen</SimpleValue>
         </Value>
      </Row>
      <Row>
         <Value ColumnRef="code">
            <SimpleValue>020125</SimpleValue>
         </Value>
         <Value ColumnRef="wert">
            <SimpleValue>BV // Löschung // // Hofvermerk für Buchungsstelle löschen</SimpleValue>
         </Value>
      </Row>
      <Row>
         <Value ColumnRef="code">
            <SimpleValue>020126</SimpleValue>
         </Value>
         <Value ColumnRef="wert">
            <SimpleValue>BV // Löschung // // Hofzugehörigkeitsvermerk löschen</SimpleValue>
         </Value>
      </Row>
      <Row>
         <Value ColumnRef="code">
            <SimpleValue>030043</SimpleValue>
         </Value>
         <Value ColumnRef="wert">
            <SimpleValue>BV // Änderung // // Buchungsstellen vereinigen</SimpleValue>
         </Value>
      </Row>
      <Row>
         <Value ColumnRef="code">
            <SimpleValue>030046</SimpleValue>
         </Value>
         <Value ColumnRef="wert">
            <SimpleValue>BV // Änderung // // Bestandteilszuschreibung ohne Reallast</SimpleValue>
         </Value>
      </Row>
      <Row>
         <Value ColumnRef="code">
            <SimpleValue>030047</SimpleValue>
         </Value>
         <Value ColumnRef="wert">
            <SimpleValue>BV // Änderung // // Bestandteilszuschreibung mit Pfanderstreckung Reallast</SimpleValue>
         </Value>
      </Row>
      <Row>
         <Value ColumnRef="code">
            <SimpleValue>030078</SimpleValue>
         </Value>
         <Value ColumnRef="wert">
            <SimpleValue>BV // Änderung // // Grundstück teilen</SimpleValue>
         </Value>
      </Row>
      <Row>
         <Value ColumnRef="code">
            <SimpleValue>030089</SimpleValue>
         </Value>
         <Value ColumnRef="wert">
            <SimpleValue>BV // Änderung // // Buchungsstelle(n) oder Teil(e) von dieser/n ab- und zuschreiben</SimpleValue>
         </Value>
      </Row>
      <Row>
         <Value ColumnRef="code">
            <SimpleValue>030090</SimpleValue>
         </Value>
         <Value ColumnRef="wert">
            <SimpleValue>BV // Änderung // // Flurstücke von Buchungsstellen (WEG/§ 3 Abs. 4 GBO) ab- und zuschreiben</SimpleValue>
         </Value>
      </Row>
      <Row>
         <Value ColumnRef="code">
            <SimpleValue>100040</SimpleValue>
         </Value>
         <Value ColumnRef="wert">
            <SimpleValue>Abteilung 1 // // // Verzicht auf Eigentum</SimpleValue>
         </Value>
      </Row>
      <Row>
         <Value ColumnRef="code">
            <SimpleValue>100080</SimpleValue>
         </Value>
         <Value ColumnRef="wert">
            <SimpleValue>Abteilung 1 // // // Namensberichtigung Eigentümer</SimpleValue>
         </Value>
      </Row>
      <Row>
         <Value ColumnRef="code">
            <SimpleValue>100081</SimpleValue>
         </Value>
         <Value ColumnRef="wert">
            <SimpleValue>Abteilung 1 // // // Namensberichtigung Eigentümer UdG</SimpleValue>
         </Value>
      </Row>
      <Row>
         <Value ColumnRef="code">
            <SimpleValue>100082</SimpleValue>
         </Value>
         <Value ColumnRef="wert">
            <SimpleValue>Abteilung 1 // // // Genossenschaft gem. Art. 164 EGBGB - Beschrieb ändern</SimpleValue>
         </Value>
      </Row>
      <Row>
         <Value ColumnRef="code">
            <SimpleValue>130003</SimpleValue>
         </Value>
         <Value ColumnRef="wert">
            <SimpleValue>Abteilung 1 // Änderung // // Eigentumsänderung Eigentumswechsel vollständig</SimpleValue>
         </Value>
      </Row>
      <Row>
         <Value ColumnRef="code">
            <SimpleValue>130004</SimpleValue>
         </Value>
         <Value ColumnRef="wert">
            <SimpleValue>Abteilung 1 // Änderung // // Eigentumsänderung Eigentumswechsel teilweise</SimpleValue>
         </Value>
      </Row>
      <Row>
         <Value ColumnRef="code">
            <SimpleValue>210037</SimpleValue>
         </Value>
         <Value ColumnRef="wert">
            <SimpleValue>Abteilung 2 // Eintragung // // Widerspruch gegen Löschung oder Nichteintragung Belastung oder Recht am Recht Abt. II</SimpleValue>
         </Value>
      </Row>
      <Row>
         <Value ColumnRef="code">
            <SimpleValue>210039</SimpleValue>
         </Value>
         <Value ColumnRef="wert">
            <SimpleValue>Abteilung 2 // Eintragung // // Widerspruch gegen Eigentum / Eintragung im BV</SimpleValue>
         </Value>
      </Row>
      <Row>
         <Value ColumnRef="code">
            <SimpleValue>210041</SimpleValue>
         </Value>
         <Value ColumnRef="wert">
            <SimpleValue>Abteilung 2 // Eintragung // // Widerspruch gegen Belastung oder Recht am Recht Abt. II</SimpleValue>
         </Value>
      </Row>
      <Row>
         <Value ColumnRef="code">
            <SimpleValue>212001</SimpleValue>
         </Value>
         <Value ColumnRef="wert">
            <SimpleValue>Abteilung 2 // Eintragung // Recht // Altenteil</SimpleValue>
         </Value>
      </Row>
      <Row>
         <Value ColumnRef="code">
            <SimpleValue>212002</SimpleValue>
         </Value>
         <Value ColumnRef="wert">
            <SimpleValue>Abteilung 2 // Eintragung // Recht // Beschränkte persönliche Dienstbarkeit (allgemein)</SimpleValue>
         </Value>
      </Row>
      <Row>
         <Value ColumnRef="code">
            <SimpleValue>212003</SimpleValue>
         </Value>
         <Value ColumnRef="wert">
            <SimpleValue>Abteilung 2 // Eintragung // Recht // Beschränkte persönliche Dienstbarkeit (nur Wohnungsrecht)</SimpleValue>
         </Value>
      </Row>
      <Row>
         <Value ColumnRef="code">
            <SimpleValue>212004</SimpleValue>
         </Value>
         <Value ColumnRef="wert">
            <SimpleValue>Abteilung 2 // Eintragung // Recht // Dauerwohn-/Dauernutzungsrecht</SimpleValue>
         </Value>
      </Row>
      <Row>
         <Value ColumnRef="code">
            <SimpleValue>212005</SimpleValue>
         </Value>
         <Value ColumnRef="wert">
            <SimpleValue>Abteilung 2 // Eintragung // Recht // Erbbauzinsreallast</SimpleValue>
         </Value>
      </Row>
      <Row>
         <Value ColumnRef="code">
            <SimpleValue>212006</SimpleValue>
         </Value>
         <Value ColumnRef="wert">
            <SimpleValue>Abteilung 2 // Eintragung // Recht // Grunddienstbarkeit</SimpleValue>
         </Value>
      </Row>
      <Row>
         <Value ColumnRef="code">
            <SimpleValue>212007</SimpleValue>
         </Value>
         <Value ColumnRef="wert">
            <SimpleValue>Abteilung 2 // Eintragung // Recht // Nießbrauch</SimpleValue>
         </Value>
      </Row>
      <Row>
         <Value ColumnRef="code">
            <SimpleValue>212008</SimpleValue>
         </Value>
         <Value ColumnRef="wert">
            <SimpleValue>Abteilung 2 // Eintragung // Recht // Reallast (subjektiv-dinglich)</SimpleValue>
         </Value>
      </Row>
      <Row>
         <Value ColumnRef="code">
            <SimpleValue>212009</SimpleValue>
         </Value>
         <Value ColumnRef="wert">
            <SimpleValue>Abteilung 2 // Eintragung // Recht // Reallast (subjektiv-persönlich)</SimpleValue>
         </Value>
      </Row>
      <Row>
         <Value ColumnRef="code">
            <SimpleValue>212010</SimpleValue>
         </Value>
         <Value ColumnRef="wert">
            <SimpleValue>Abteilung 2 // Eintragung // Recht // Regelung nach § 1010 BGB</SimpleValue>
         </Value>
      </Row>
      <Row>
         <Value ColumnRef="code">
            <SimpleValue>212011</SimpleValue>
         </Value>
         <Value ColumnRef="wert">
            <SimpleValue>Abteilung 2 // Eintragung // Recht // Sonstige Belastung (subjektiv-dinglich)</SimpleValue>
         </Value>
      </Row>
      <Row>
         <Value ColumnRef="code">
            <SimpleValue>212012</SimpleValue>
         </Value>
         <Value ColumnRef="wert">
            <SimpleValue>Abteilung 2 // Eintragung // Recht // Sonstige Belastung (subjektiv-persönlich)</SimpleValue>
         </Value>
      </Row>
      <Row>
         <Value ColumnRef="code">
            <SimpleValue>212013</SimpleValue>
         </Value>
         <Value ColumnRef="wert">
            <SimpleValue>Abteilung 2 // Eintragung // Recht // Verfügungsbeschränkung Eigentum</SimpleValue>
         </Value>
      </Row>
      <Row>
         <Value ColumnRef="code">
            <SimpleValue>212014</SimpleValue>
         </Value>
         <Value ColumnRef="wert">
            <SimpleValue>Abteilung 2 // Eintragung // Recht // Pfändung/Verpfändung Eigentum</SimpleValue>
         </Value>
      </Row>
      <Row>
         <Value ColumnRef="code">
            <SimpleValue>212015</SimpleValue>
         </Value>
         <Value ColumnRef="wert">
            <SimpleValue>Abteilung 2 // Eintragung // Recht // Nacherbenvermerk Eigentum</SimpleValue>
         </Value>
      </Row>
      <Row>
         <Value ColumnRef="code">
            <SimpleValue>212016</SimpleValue>
         </Value>
         <Value ColumnRef="wert">
            <SimpleValue>Abteilung 2 // Eintragung // Recht // Vorkaufsrecht (subjektiv-dinglich)</SimpleValue>
         </Value>
      </Row>
      <Row>
         <Value ColumnRef="code">
            <SimpleValue>212017</SimpleValue>
         </Value>
         <Value ColumnRef="wert">
            <SimpleValue>Abteilung 2 // Eintragung // Recht // Vorkaufsrecht (subjektiv-persönlich)</SimpleValue>
         </Value>
      </Row>
      <Row>
         <Value ColumnRef="code">
            <SimpleValue>212049</SimpleValue>
         </Value>
         <Value ColumnRef="wert">
            <SimpleValue>Abteilung 2 // Eintragung // Recht // Gesamt-Erbbaurecht bzw. Gesamt-Untererbbaurecht begründen</SimpleValue>
         </Value>
      </Row>
      <Row>
         <Value ColumnRef="code">
            <SimpleValue>212050</SimpleValue>
         </Value>
         <Value ColumnRef="wert">
            <SimpleValue>Abteilung 2 // Eintragung // Recht // Erbbaurecht bzw. Untererbbaurecht begründen (bestehendes Blatt)</SimpleValue>
         </Value>
      </Row>
      <Row>
         <Value ColumnRef="code">
            <SimpleValue>212051</SimpleValue>
         </Value>
         <Value ColumnRef="wert">
            <SimpleValue>Abteilung 2 // Eintragung // Recht // Erbbaurecht bzw. Untererbbaurecht begründen (neues Erbbaugrundbuchblatt)</SimpleValue>
         </Value>
      </Row>
      <Row>
         <Value ColumnRef="code">
            <SimpleValue>212054</SimpleValue>
         </Value>
         <Value ColumnRef="wert">
            <SimpleValue>Abteilung 2 // Eintragung // Recht // Gebäudeeigentum anlegen</SimpleValue>
         </Value>
      </Row>
      <Row>
         <Value ColumnRef="code">
            <SimpleValue>212055</SimpleValue>
         </Value>
         <Value ColumnRef="wert">
            <SimpleValue>Abteilung 2 // Eintragung // Recht // Sonderrecht anlegen</SimpleValue>
         </Value>
      </Row>
      <Row>
         <Value ColumnRef="code">
            <SimpleValue>212056</SimpleValue>
         </Value>
         <Value ColumnRef="wert">
            <SimpleValue>Abteilung 2 // Eintragung // Recht // Erwerbsvormerkung (subjektiv-dinglich)</SimpleValue>
         </Value>
      </Row>
      <Row>
         <Value ColumnRef="code">
            <SimpleValue>212057</SimpleValue>
         </Value>
         <Value ColumnRef="wert">
            <SimpleValue>Abteilung 2 // Eintragung // Recht // Erwerbsvormerkung (subjektiv-persönlich)</SimpleValue>
         </Value>
      </Row>
      <Row>
         <Value ColumnRef="code">
            <SimpleValue>212058</SimpleValue>
         </Value>
         <Value ColumnRef="wert">
            <SimpleValue>Abteilung 2 // Eintragung // Recht // Pfändung/Verpfändung Eigentum</SimpleValue>
         </Value>
      </Row>
      <Row>
         <Value ColumnRef="code">
            <SimpleValue>212059</SimpleValue>
         </Value>
         <Value ColumnRef="wert">
            <SimpleValue>Abteilung 2 // Eintragung // Recht // Nacherbenvermerk Eigentum</SimpleValue>
         </Value>
      </Row>
      <Row>
         <Value ColumnRef="code">
            <SimpleValue>212060</SimpleValue>
         </Value>
         <Value ColumnRef="wert">
            <SimpleValue>Abteilung 2 // Eintragung // Recht // Sonstige Verfügungsbeschränkung für Berechtigte</SimpleValue>
         </Value>
      </Row>
      <Row>
         <Value ColumnRef="code">
            <SimpleValue>212063</SimpleValue>
         </Value>
         <Value ColumnRef="wert">
            <SimpleValue>Abteilung 2 // Eintragung // Recht // Nacherbenvermerk für Berechtigte</SimpleValue>
         </Value>
      </Row>
      <Row>
         <Value ColumnRef="code">
            <SimpleValue>212066</SimpleValue>
         </Value>
         <Value ColumnRef="wert">
            <SimpleValue>Abteilung 2 // Eintragung // Recht // Löschungsvormerkung</SimpleValue>
         </Value>
      </Row>
      <Row>
         <Value ColumnRef="code">
            <SimpleValue>212068</SimpleValue>
         </Value>
         <Value ColumnRef="wert">
            <SimpleValue>Abteilung 2 // Eintragung // Recht // Pfändung/Verpfändung</SimpleValue>
         </Value>
      </Row>
      <Row>
         <Value ColumnRef="code">
            <SimpleValue>212071</SimpleValue>
         </Value>
         <Value ColumnRef="wert">
            <SimpleValue>Abteilung 2 // Eintragung // Recht // Nießbrauch für Berechtigte</SimpleValue>
         </Value>
      </Row>
      <Row>
         <Value ColumnRef="code">
            <SimpleValue>212074</SimpleValue>
         </Value>
         <Value ColumnRef="wert">
            <SimpleValue>Abteilung 2 // Eintragung // Recht // Recht an einem Recht</SimpleValue>
         </Value>
      </Row>
      <Row>
         <Value ColumnRef="code">
            <SimpleValue>212129</SimpleValue>
         </Value>
         <Value ColumnRef="wert">
            <SimpleValue>Abteilung 2 // Eintragung // Recht // Regelung nach § 1010 BGB (§ 3 Abs. 4 GBO)</SimpleValue>
         </Value>
      </Row>
      <Row>
         <Value ColumnRef="code">
            <SimpleValue>212130</SimpleValue>
         </Value>
         <Value ColumnRef="wert">
            <SimpleValue>Abteilung 2 // Eintragung // Recht // Vorkaufsrecht für Miteigentümer (subjektiv-dinglich)</SimpleValue>
         </Value>
      </Row>
      <Row>
         <Value ColumnRef="code">
            <SimpleValue>213005</SimpleValue>
         </Value>
         <Value ColumnRef="wert">
            <SimpleValue>Abteilung 2 // Eintragung // Vormerkung // Erbbauzinsreallast</SimpleValue>
         </Value>
      </Row>
      <Row>
         <Value ColumnRef="code">
            <SimpleValue>213010</SimpleValue>
         </Value>
         <Value ColumnRef="wert">
            <SimpleValue>Abteilung 2 // Eintragung // Vormerkung // Regelung nach § 1010 BGB</SimpleValue>
         </Value>
      </Row>
      <Row>
         <Value ColumnRef="code">
            <SimpleValue>213018</SimpleValue>
         </Value>
         <Value ColumnRef="wert">
            <SimpleValue>Abteilung 2 // Eintragung // Vormerkung // Vormerkung Erwerbsvormerkung (subjektiv-dinglich)</SimpleValue>
         </Value>
      </Row>
      <Row>
         <Value ColumnRef="code">
            <SimpleValue>213019</SimpleValue>
         </Value>
         <Value ColumnRef="wert">
            <SimpleValue>Abteilung 2 // Eintragung // Vormerkung // Vormerkung Erwerbsvormerkung (subjektiv-persönlich)</SimpleValue>
         </Value>
      </Row>
      <Row>
         <Value ColumnRef="code">
            <SimpleValue>213020</SimpleValue>
         </Value>
         <Value ColumnRef="wert">
            <SimpleValue>Abteilung 2 // Eintragung // Vormerkung // Vormerkung Altenteil</SimpleValue>
         </Value>
      </Row>
      <Row>
         <Value ColumnRef="code">
            <SimpleValue>213021</SimpleValue>
         </Value>
         <Value ColumnRef="wert">
            <SimpleValue>Abteilung 2 // Eintragung // Vormerkung // Vormerkung beschränkte persönliche Dienstbarkeit</SimpleValue>
         </Value>
      </Row>
      <Row>
         <Value ColumnRef="code">
            <SimpleValue>213022</SimpleValue>
         </Value>
         <Value ColumnRef="wert">
            <SimpleValue>Abteilung 2 // Eintragung // Vormerkung // Vormerkung für sonstige Belastung (subjektiv-dinglich)</SimpleValue>
         </Value>
      </Row>
      <Row>
         <Value ColumnRef="code">
            <SimpleValue>213023</SimpleValue>
         </Value>
         <Value ColumnRef="wert">
            <SimpleValue>Abteilung 2 // Eintragung // Vormerkung // Vormerkung sonstige Belastung (subjektiv-persönlich)</SimpleValue>
         </Value>
      </Row>
      <Row>
         <Value ColumnRef="code">
            <SimpleValue>213024</SimpleValue>
         </Value>
         <Value ColumnRef="wert">
            <SimpleValue>Abteilung 2 // Eintragung // Vormerkung // Vormerkung Grunddienstbarkeit</SimpleValue>
         </Value>
      </Row>
      <Row>
         <Value ColumnRef="code">
            <SimpleValue>213025</SimpleValue>
         </Value>
         <Value ColumnRef="wert">
            <SimpleValue>Abteilung 2 // Eintragung // Vormerkung // Vormerkung Nießbrauch</SimpleValue>
         </Value>
      </Row>
      <Row>
         <Value ColumnRef="code">
            <SimpleValue>213026</SimpleValue>
         </Value>
         <Value ColumnRef="wert">
            <SimpleValue>Abteilung 2 // Eintragung // Vormerkung // Vormerkung Reallast (subjektiv-dinglich)</SimpleValue>
         </Value>
      </Row>
      <Row>
         <Value ColumnRef="code">
            <SimpleValue>213027</SimpleValue>
         </Value>
         <Value ColumnRef="wert">
            <SimpleValue>Abteilung 2 // Eintragung // Vormerkung // Vormerkung Reallast (subjektiv-persönlich)</SimpleValue>
         </Value>
      </Row>
      <Row>
         <Value ColumnRef="code">
            <SimpleValue>213028</SimpleValue>
         </Value>
         <Value ColumnRef="wert">
            <SimpleValue>Abteilung 2 // Eintragung // Vormerkung // Vormerkung Vorkaufsrecht (subjektiv-dinglich)</SimpleValue>
         </Value>
      </Row>
      <Row>
         <Value ColumnRef="code">
            <SimpleValue>213029</SimpleValue>
         </Value>
         <Value ColumnRef="wert">
            <SimpleValue>Abteilung 2 // Eintragung // Vormerkung // Vormerkung Vorkaufsrecht (subjektiv-persönlich)</SimpleValue>
         </Value>
      </Row>
      <Row>
         <Value ColumnRef="code">
            <SimpleValue>213077</SimpleValue>
         </Value>
         <Value ColumnRef="wert">
            <SimpleValue>Abteilung 2 // Eintragung // Vormerkung // Vormerkung Dauerwohn-/Dauernutzungsrecht</SimpleValue>
         </Value>
      </Row>
      <Row>
         <Value ColumnRef="code">
            <SimpleValue>213127</SimpleValue>
         </Value>
         <Value ColumnRef="wert">
            <SimpleValue>Abteilung 2 // Eintragung // Vormerkung // Vormerkung Regelung nach § 1010 BGB (§ 3 Abs. 4 GBO)</SimpleValue>
         </Value>
      </Row>
      <Row>
         <Value ColumnRef="code">
            <SimpleValue>213128</SimpleValue>
         </Value>
         <Value ColumnRef="wert">
            <SimpleValue>Abteilung 2 // Eintragung // Vormerkung // Vormerkung Vorkaufsrecht für Miteigentümer (subjektiv-dinglich)</SimpleValue>
         </Value>
      </Row>
      <Row>
         <Value ColumnRef="code">
            <SimpleValue>220035</SimpleValue>
         </Value>
         <Value ColumnRef="wert">
            <SimpleValue>Abteilung 2 // Löschung // // Löschungen Widerspruch Abt. II</SimpleValue>
         </Value>
      </Row>
      <Row>
         <Value ColumnRef="code">
            <SimpleValue>220036</SimpleValue>
         </Value>
         <Value ColumnRef="wert">
            <SimpleValue>Abteilung 2 // Löschung // // Löschungen Amtswiderspruch Abt. II</SimpleValue>
         </Value>
      </Row>
      <Row>
         <Value ColumnRef="code">
            <SimpleValue>220161</SimpleValue>
         </Value>
         <Value ColumnRef="wert">
            <SimpleValue>Abteilung 2 // Löschung // // Recht am Recht löschen</SimpleValue>
         </Value>
      </Row>
      <Row>
         <Value ColumnRef="code">
            <SimpleValue>222030</SimpleValue>
         </Value>
         <Value ColumnRef="wert">
            <SimpleValue>Abteilung 2 // Löschung // Recht // Löschung Abteilung II</SimpleValue>
         </Value>
      </Row>
      <Row>
         <Value ColumnRef="code">
            <SimpleValue>222031</SimpleValue>
         </Value>
         <Value ColumnRef="wert">
            <SimpleValue>Abteilung 2 // Löschung // Recht // Löschung Vermerke nach InsO und ZVG</SimpleValue>
         </Value>
      </Row>
      <Row>
         <Value ColumnRef="code">
            <SimpleValue>222082</SimpleValue>
         </Value>
         <Value ColumnRef="wert">
            <SimpleValue>Abteilung 2 // Löschung // Recht // Löschung Gesamtrecht bei verschiedenen Grundbuchämtern</SimpleValue>
         </Value>
      </Row>
      <Row>
         <Value ColumnRef="code">
            <SimpleValue>222118</SimpleValue>
         </Value>
         <Value ColumnRef="wert">
            <SimpleValue>Abteilung 2 // Löschung // Recht // Gebäudeeigentum aufheben</SimpleValue>
         </Value>
      </Row>
      <Row>
         <Value ColumnRef="code">
            <SimpleValue>222119</SimpleValue>
         </Value>
         <Value ColumnRef="wert">
            <SimpleValue>Abteilung 2 // Löschung // Recht // Sonderrecht aufheben</SimpleValue>
         </Value>
      </Row>
      <Row>
         <Value ColumnRef="code">
            <SimpleValue>222131</SimpleValue>
         </Value>
         <Value ColumnRef="wert">
            <SimpleValue>Abteilung 2 // Löschung // Recht // Gesamt-Erbbaurecht bzw. Gesamt-Untererbbaurecht löschen</SimpleValue>
         </Value>
      </Row>
      <Row>
         <Value ColumnRef="code">
            <SimpleValue>223032</SimpleValue>
         </Value>
         <Value ColumnRef="wert">
            <SimpleValue>Abteilung 2 // Löschung // Vormerkung // Löschung Vormerkung Abteilung II</SimpleValue>
         </Value>
      </Row>
      <Row>
         <Value ColumnRef="code">
            <SimpleValue>230059</SimpleValue>
         </Value>
         <Value ColumnRef="wert">
            <SimpleValue>Abteilung 2 // Änderung // // Berechtigung an einer Belastung ändern (bei verschiedenen Grundbuchämtern)</SimpleValue>
         </Value>
      </Row>
      <Row>
         <Value ColumnRef="code">
            <SimpleValue>230092</SimpleValue>
         </Value>
         <Value ColumnRef="wert">
            <SimpleValue>Abteilung 2 // Änderung // // Abtretung Abt. II</SimpleValue>
         </Value>
      </Row>
      <Row>
         <Value ColumnRef="code">
            <SimpleValue>230093</SimpleValue>
         </Value>
         <Value ColumnRef="wert">
            <SimpleValue>Abteilung 2 // Änderung // // Abtretung Abt. II (Gesamtrecht bei verschiedenen Grundbuchämtern)</SimpleValue>
         </Value>
      </Row>
      <Row>
         <Value ColumnRef="code">
            <SimpleValue>230096</SimpleValue>
         </Value>
         <Value ColumnRef="wert">
            <SimpleValue>Abteilung 2 // Änderung // // Abtretung Erwerbsvormerkung</SimpleValue>
         </Value>
      </Row>
      <Row>
         <Value ColumnRef="code">
            <SimpleValue>230097</SimpleValue>
         </Value>
         <Value ColumnRef="wert">
            <SimpleValue>Abteilung 2 // Änderung // // Abtretung Erwerbsvormerkung (Gesamtrecht bei verschiedenen Grundbuchämtern)</SimpleValue>
         </Value>
      </Row>
      <Row>
         <Value ColumnRef="code">
            <SimpleValue>230098</SimpleValue>
         </Value>
         <Value ColumnRef="wert">
            <SimpleValue>Abteilung 2 // Änderung // // Berechtigung an einer Belastung ändern ausgenommen Erbbaurecht</SimpleValue>
         </Value>
      </Row>
      <Row>
         <Value ColumnRef="code">
            <SimpleValue>230099</SimpleValue>
         </Value>
         <Value ColumnRef="wert">
            <SimpleValue>Abteilung 2 // Änderung // // Berechtigung an einer Vormerkung oder Verfügungsbeschränkung ändern</SimpleValue>
         </Value>
      </Row>
      <Row>
         <Value ColumnRef="code">
            <SimpleValue>230100</SimpleValue>
         </Value>
         <Value ColumnRef="wert">
            <SimpleValue>Abteilung 2 // Änderung // // Verfügungsbeschränkung inhaltlich ändern</SimpleValue>
         </Value>
      </Row>
      <Row>
         <Value ColumnRef="code">
            <SimpleValue>230102</SimpleValue>
         </Value>
         <Value ColumnRef="wert">
            <SimpleValue>Abteilung 2 // Änderung // // Nacherbenvermerk inhaltlich ändern</SimpleValue>
         </Value>
      </Row>
      <Row>
         <Value ColumnRef="code">
            <SimpleValue>230108</SimpleValue>
         </Value>
         <Value ColumnRef="wert">
            <SimpleValue>Abteilung 2 // Änderung // // Recht an einem Recht ändern</SimpleValue>
         </Value>
      </Row>
      <Row>
         <Value ColumnRef="code">
            <SimpleValue>230109</SimpleValue>
         </Value>
         <Value ColumnRef="wert">
            <SimpleValue>Abteilung 2 // Änderung // // Verfügungsbeschränkung an Recht ändern</SimpleValue>
         </Value>
      </Row>
      <Row>
         <Value ColumnRef="code">
            <SimpleValue>230143</SimpleValue>
         </Value>
         <Value ColumnRef="wert">
            <SimpleValue>Abteilung 2 // Änderung // // Verteilung eines Gesamtsrechts (Gesamtrecht bei verschiedenen Grundbuchämtern)</SimpleValue>
         </Value>
      </Row>
      <Row>
         <Value ColumnRef="code">
            <SimpleValue>230144</SimpleValue>
         </Value>
         <Value ColumnRef="wert">
            <SimpleValue>Abteilung 2 // Änderung // // Verteilung eines Gesamtsrechts in mehreren Blättern</SimpleValue>
         </Value>
      </Row>
      <Row>
         <Value ColumnRef="code">
            <SimpleValue>230145</SimpleValue>
         </Value>
         <Value ColumnRef="wert">
            <SimpleValue>Abteilung 2 // Änderung // // Verteilung eines Gesamtsrechts im selben Blatt auf Buchungsstellen</SimpleValue>
         </Value>
      </Row>
      <Row>
         <Value ColumnRef="code">
            <SimpleValue>230146</SimpleValue>
         </Value>
         <Value ColumnRef="wert">
            <SimpleValue>Abteilung 2 // Änderung // // Verteilung eines Gesamtsrechts im selben Blatt auf Miteigentumsanteile</SimpleValue>
         </Value>
      </Row>
      <Row>
         <Value ColumnRef="code">
            <SimpleValue>230156</SimpleValue>
         </Value>
         <Value ColumnRef="wert">
            <SimpleValue>Abteilung 2 // Änderung // // Berechtigung an einem Recht am Recht ändern (Verfügungsbeschränkung)</SimpleValue>
         </Value>
      </Row>
      <Row>
         <Value ColumnRef="code">
            <SimpleValue>230157</SimpleValue>
         </Value>
         <Value ColumnRef="wert">
            <SimpleValue>Abteilung 2 // Änderung // // Berechtigung an einem Recht am Recht ändern (Nießbrauch)</SimpleValue>
         </Value>
      </Row>
      <Row>
         <Value ColumnRef="code">
            <SimpleValue>230158</SimpleValue>
         </Value>
         <Value ColumnRef="wert">
            <SimpleValue>Abteilung 2 // Änderung // // Berechtigung an einem Recht am Recht ändern (Pfändung)</SimpleValue>
         </Value>
      </Row>
      <Row>
         <Value ColumnRef="code">
            <SimpleValue>230159</SimpleValue>
         </Value>
         <Value ColumnRef="wert">
            <SimpleValue>Abteilung 2 // Änderung // // Berechtigung an einem Recht am Recht ändern (Änderungsvormerkung)</SimpleValue>
         </Value>
      </Row>
      <Row>
         <Value ColumnRef="code">
            <SimpleValue>230160</SimpleValue>
         </Value>
         <Value ColumnRef="wert">
            <SimpleValue>Abteilung 2 // Änderung // // Berechtigung an einem Recht am Recht ändern (Löschungsvormerkung)</SimpleValue>
         </Value>
      </Row>
      <Row>
         <Value ColumnRef="code">
            <SimpleValue>232083</SimpleValue>
         </Value>
         <Value ColumnRef="wert">
            <SimpleValue>Abteilung 2 // Änderung // Recht // Einbeziehung in die Mithaft Recht Abt. II</SimpleValue>
         </Value>
      </Row>
      <Row>
         <Value ColumnRef="code">
            <SimpleValue>232084</SimpleValue>
         </Value>
         <Value ColumnRef="wert">
            <SimpleValue>Abteilung 2 // Änderung // Recht // Mithaftentlassung Abt. II</SimpleValue>
         </Value>
      </Row>
      <Row>
         <Value ColumnRef="code">
            <SimpleValue>232100</SimpleValue>
         </Value>
         <Value ColumnRef="wert">
            <SimpleValue>Abteilung 2 // Änderung // Recht // Verfügungsbeschränkung inhaltlich ändern</SimpleValue>
         </Value>
      </Row>
      <Row>
         <Value ColumnRef="code">
            <SimpleValue>232102</SimpleValue>
         </Value>
         <Value ColumnRef="wert">
            <SimpleValue>Abteilung 2 // Änderung // Recht // Nacherbenvermerk inhaltlich ändern</SimpleValue>
         </Value>
      </Row>
      <Row>
         <Value ColumnRef="code">
            <SimpleValue>232104</SimpleValue>
         </Value>
         <Value ColumnRef="wert">
            <SimpleValue>Abteilung 2 // Änderung // Recht // Subjektiv-persönliches Recht inhaltlich ändern</SimpleValue>
         </Value>
      </Row>
      <Row>
         <Value ColumnRef="code">
            <SimpleValue>232105</SimpleValue>
         </Value>
         <Value ColumnRef="wert">
            <SimpleValue>Abteilung 2 // Änderung // Recht // Subjektiv-dingliches Recht inhaltlich ändern</SimpleValue>
         </Value>
      </Row>
      <Row>
         <Value ColumnRef="code">
            <SimpleValue>232112</SimpleValue>
         </Value>
         <Value ColumnRef="wert">
            <SimpleValue>Abteilung 2 // Änderung // Recht // Umschreibung Vormerkung in Vollrecht Abt. II</SimpleValue>
         </Value>
      </Row>
      <Row>
         <Value ColumnRef="code">
            <SimpleValue>232116</SimpleValue>
         </Value>
         <Value ColumnRef="wert">
            <SimpleValue>Abteilung 2 // Änderung // Recht // Gebäudeeigentum ändern</SimpleValue>
         </Value>
      </Row>
      <Row>
         <Value ColumnRef="code">
            <SimpleValue>232117</SimpleValue>
         </Value>
         <Value ColumnRef="wert">
            <SimpleValue>Abteilung 2 // Änderung // Recht // Sonderrecht ändern</SimpleValue>
         </Value>
      </Row>
      <Row>
         <Value ColumnRef="code">
            <SimpleValue>232120</SimpleValue>
         </Value>
         <Value ColumnRef="wert">
            <SimpleValue>Abteilung 2 // Änderung // Recht // Umschreibung Vormerkung subjektiv-persönliches Recht in subjektiv-dingliches Recht</SimpleValue>
         </Value>
      </Row>
      <Row>
         <Value ColumnRef="code">
            <SimpleValue>232152</SimpleValue>
         </Value>
         <Value ColumnRef="wert">
            <SimpleValue>Abteilung 2 // Änderung // Recht // Einbeziehung in die Mithaft Recht Abt. II (subjektiv-persönliches Recht in anderem Blatt eintragen)</SimpleValue>
         </Value>
      </Row>
      <Row>
         <Value ColumnRef="code">
            <SimpleValue>232153</SimpleValue>
         </Value>
         <Value ColumnRef="wert">
            <SimpleValue>Abteilung 2 // Änderung // Recht // Einbeziehung in die Mithaft Recht Abt. II (subjektiv-dingliches Recht in anderem Blatt eintragen)</SimpleValue>
         </Value>
      </Row>
      <Row>
         <Value ColumnRef="code">
            <SimpleValue>232156</SimpleValue>
         </Value>
         <Value ColumnRef="wert">
            <SimpleValue>Abteilung 2 // Änderung // Recht // Pfändung inhaltlich ändern</SimpleValue>
         </Value>
      </Row>
      <Row>
         <Value ColumnRef="code">
            <SimpleValue>310038</SimpleValue>
         </Value>
         <Value ColumnRef="wert">
            <SimpleValue>Abteilung 3 // Eintragung // // Widerspruch gegen Löschung oder Nichteintragung Belastung oder Recht am Recht Abt. III</SimpleValue>
         </Value>
      </Row>
      <Row>
         <Value ColumnRef="code">
            <SimpleValue>310042</SimpleValue>
         </Value>
         <Value ColumnRef="wert">
            <SimpleValue>Abteilung 3 // Eintragung // // Widerspruch gegen Belastung oder Recht am Recht Abt. III</SimpleValue>
         </Value>
      </Row>
      <Row>
         <Value ColumnRef="code">
            <SimpleValue>310091</SimpleValue>
         </Value>
         <Value ColumnRef="wert">
            <SimpleValue>Abteilung 3 // Eintragung // // Einheitsgrundpfandrecht bilden</SimpleValue>
         </Value>
      </Row>
      <Row>
         <Value ColumnRef="code">
            <SimpleValue>310115</SimpleValue>
         </Value>
         <Value ColumnRef="wert">
            <SimpleValue>Abteilung 3 // Eintragung // // Teilung Grundpfandrecht</SimpleValue>
         </Value>
      </Row>
      <Row>
         <Value ColumnRef="code">
            <SimpleValue>312067</SimpleValue>
         </Value>
         <Value ColumnRef="wert">
            <SimpleValue>Abteilung 3 // Eintragung // Recht // Löschungsvormerkung</SimpleValue>
         </Value>
      </Row>
      <Row>
         <Value ColumnRef="code">
            <SimpleValue>313001</SimpleValue>
         </Value>
         <Value ColumnRef="wert">
            <SimpleValue>Abteilung 3 // Eintragung // Vormerkung // Vormerkung Grundpfandrecht ohne Brief</SimpleValue>
         </Value>
      </Row>
      <Row>
         <Value ColumnRef="code">
            <SimpleValue>313002</SimpleValue>
         </Value>
         <Value ColumnRef="wert">
            <SimpleValue>Abteilung 3 // Eintragung // Vormerkung // Vormerkung Grundpfandrecht mit Brief</SimpleValue>
         </Value>
      </Row>
      <Row>
         <Value ColumnRef="code">
            <SimpleValue>314007</SimpleValue>
         </Value>
         <Value ColumnRef="wert">
            <SimpleValue>Abteilung 3 // Eintragung // Buchrecht // Brieflose Grundschuld</SimpleValue>
         </Value>
      </Row>
      <Row>
         <Value ColumnRef="code">
            <SimpleValue>314008</SimpleValue>
         </Value>
         <Value ColumnRef="wert">
            <SimpleValue>Abteilung 3 // Eintragung // Buchrecht // Brieflose Hypothek</SimpleValue>
         </Value>
      </Row>
      <Row>
         <Value ColumnRef="code">
            <SimpleValue>314009</SimpleValue>
         </Value>
         <Value ColumnRef="wert">
            <SimpleValue>Abteilung 3 // Eintragung // Buchrecht // Brieflose Rentenschuld</SimpleValue>
         </Value>
      </Row>
      <Row>
         <Value ColumnRef="code">
            <SimpleValue>314010</SimpleValue>
         </Value>
         <Value ColumnRef="wert">
            <SimpleValue>Abteilung 3 // Eintragung // Buchrecht // Briefloses Gesamtrecht bei verschiedenen Grundbuchämtern</SimpleValue>
         </Value>
      </Row>
      <Row>
         <Value ColumnRef="code">
            <SimpleValue>314011</SimpleValue>
         </Value>
         <Value ColumnRef="wert">
            <SimpleValue>Abteilung 3 // Eintragung // Buchrecht // Brieflose Rentenschuld bei verschiedenen Grundbuchämtern</SimpleValue>
         </Value>
      </Row>
      <Row>
         <Value ColumnRef="code">
            <SimpleValue>314012</SimpleValue>
         </Value>
         <Value ColumnRef="wert">
            <SimpleValue>Abteilung 3 // Eintragung // Buchrecht // Zwangshypothek</SimpleValue>
         </Value>
      </Row>
      <Row>
         <Value ColumnRef="code">
            <SimpleValue>314062</SimpleValue>
         </Value>
         <Value ColumnRef="wert">
            <SimpleValue>Abteilung 3 // Eintragung // Buchrecht // Sonstige Verfügungsbeschränkung für Gläubiger (Buchrecht)</SimpleValue>
         </Value>
      </Row>
      <Row>
         <Value ColumnRef="code">
            <SimpleValue>314065</SimpleValue>
         </Value>
         <Value ColumnRef="wert">
            <SimpleValue>Abteilung 3 // Eintragung // Buchrecht // Nacherbenvermerk für Gläubiger (Buchrecht)</SimpleValue>
         </Value>
      </Row>
      <Row>
         <Value ColumnRef="code">
            <SimpleValue>314070</SimpleValue>
         </Value>
         <Value ColumnRef="wert">
            <SimpleValue>Abteilung 3 // Eintragung // Buchrecht // Pfändung/Verpfändung (Buchrecht)</SimpleValue>
         </Value>
      </Row>
      <Row>
         <Value ColumnRef="code">
            <SimpleValue>314073</SimpleValue>
         </Value>
         <Value ColumnRef="wert">
            <SimpleValue>Abteilung 3 // Eintragung // Buchrecht // Nießbrauch für Gläubiger (Buchrecht)</SimpleValue>
         </Value>
      </Row>
      <Row>
         <Value ColumnRef="code">
            <SimpleValue>314076</SimpleValue>
         </Value>
         <Value ColumnRef="wert">
            <SimpleValue>Abteilung 3 // Eintragung // Buchrecht // Recht an einem Buchrecht</SimpleValue>
         </Value>
      </Row>
      <Row>
         <Value ColumnRef="code">
            <SimpleValue>315002</SimpleValue>
         </Value>
         <Value ColumnRef="wert">
            <SimpleValue>Abteilung 3 // Eintragung // Briefrecht // Briefgrundschuld</SimpleValue>
         </Value>
      </Row>
      <Row>
         <Value ColumnRef="code">
            <SimpleValue>315003</SimpleValue>
         </Value>
         <Value ColumnRef="wert">
            <SimpleValue>Abteilung 3 // Eintragung // Briefrecht // Briefhypothek</SimpleValue>
         </Value>
      </Row>
      <Row>
         <Value ColumnRef="code">
            <SimpleValue>315004</SimpleValue>
         </Value>
         <Value ColumnRef="wert">
            <SimpleValue>Abteilung 3 // Eintragung // Briefrecht // Briefrentenschuld</SimpleValue>
         </Value>
      </Row>
      <Row>
         <Value ColumnRef="code">
            <SimpleValue>315005</SimpleValue>
         </Value>
         <Value ColumnRef="wert">
            <SimpleValue>Abteilung 3 // Eintragung // Briefrecht // Gesamtbriefrecht bei verschiedenen Grundbuchämtern</SimpleValue>
         </Value>
      </Row>
      <Row>
         <Value ColumnRef="code">
            <SimpleValue>315006</SimpleValue>
         </Value>
         <Value ColumnRef="wert">
            <SimpleValue>Abteilung 3 // Eintragung // Briefrecht // Briefrentenschuld bei verschiedenen Grundbuchämtern</SimpleValue>
         </Value>
      </Row>
      <Row>
         <Value ColumnRef="code">
            <SimpleValue>315061</SimpleValue>
         </Value>
         <Value ColumnRef="wert">
            <SimpleValue>Abteilung 3 // Eintragung // Briefrecht // Sonstige Verfügungsbeschränkung für Gläubiger (Briefrecht)</SimpleValue>
         </Value>
      </Row>
      <Row>
         <Value ColumnRef="code">
            <SimpleValue>315064</SimpleValue>
         </Value>
         <Value ColumnRef="wert">
            <SimpleValue>Abteilung 3 // Eintragung // Briefrecht // Nacherbenvermerk für Gläubiger (Briefrecht)</SimpleValue>
         </Value>
      </Row>
      <Row>
         <Value ColumnRef="code">
            <SimpleValue>315069</SimpleValue>
         </Value>
         <Value ColumnRef="wert">
            <SimpleValue>Abteilung 3 // Eintragung // Briefrecht // Pfändung/Verpfändung (Briefrecht)</SimpleValue>
         </Value>
      </Row>
      <Row>
         <Value ColumnRef="code">
            <SimpleValue>315072</SimpleValue>
         </Value>
         <Value ColumnRef="wert">
            <SimpleValue>Abteilung 3 // Eintragung // Briefrecht // Nießbrauch für Gläubiger (Briefrecht)</SimpleValue>
         </Value>
      </Row>
      <Row>
         <Value ColumnRef="code">
            <SimpleValue>315075</SimpleValue>
         </Value>
         <Value ColumnRef="wert">
            <SimpleValue>Abteilung 3 // Eintragung // Briefrecht // Recht an einem Briefrecht</SimpleValue>
         </Value>
      </Row>
      <Row>
         <Value ColumnRef="code">
            <SimpleValue>320033</SimpleValue>
         </Value>
         <Value ColumnRef="wert">
            <SimpleValue>Abteilung 3 // Löschung // // Löschungen Widerspruch Abt. III</SimpleValue>
         </Value>
      </Row>
      <Row>
         <Value ColumnRef="code">
            <SimpleValue>320034</SimpleValue>
         </Value>
         <Value ColumnRef="wert">
            <SimpleValue>Abteilung 3 // Löschung // // Löschungen Amtswiderspruch Abt. III</SimpleValue>
         </Value>
      </Row>
      <Row>
         <Value ColumnRef="code">
            <SimpleValue>320167</SimpleValue>
         </Value>
         <Value ColumnRef="wert">
            <SimpleValue>Abteilung 3 // Löschung // // Recht am Recht löschen</SimpleValue>
         </Value>
      </Row>
      <Row>
         <Value ColumnRef="code">
            <SimpleValue>323017</SimpleValue>
         </Value>
         <Value ColumnRef="wert">
            <SimpleValue>Abteilung 3 // Löschung // Vormerkung // Löschung Vormerkung Abteilung III</SimpleValue>
         </Value>
      </Row>
      <Row>
         <Value ColumnRef="code">
            <SimpleValue>324014</SimpleValue>
         </Value>
         <Value ColumnRef="wert">
            <SimpleValue>Abteilung 3 // Löschung // Buchrecht // Löschung Abt. III Buchrecht</SimpleValue>
         </Value>
      </Row>
      <Row>
         <Value ColumnRef="code">
            <SimpleValue>324016</SimpleValue>
         </Value>
         <Value ColumnRef="wert">
            <SimpleValue>Abteilung 3 // Löschung // Buchrecht // Löschung Gesamtrecht bei verschiedenen Grundbuchämtern Buchrecht</SimpleValue>
         </Value>
      </Row>
      <Row>
         <Value ColumnRef="code">
            <SimpleValue>325013</SimpleValue>
         </Value>
         <Value ColumnRef="wert">
            <SimpleValue>Abteilung 3 // Löschung // Briefrecht // Löschung Abt. III Briefrecht</SimpleValue>
         </Value>
      </Row>
      <Row>
         <Value ColumnRef="code">
            <SimpleValue>325015</SimpleValue>
         </Value>
         <Value ColumnRef="wert">
            <SimpleValue>Abteilung 3 // Löschung // Briefrecht // Löschung Gesamtrecht bei verschiedenen Grundbuchämtern Briefrecht</SimpleValue>
         </Value>
      </Row>
      <Row>
         <Value ColumnRef="code">
            <SimpleValue>330094</SimpleValue>
         </Value>
         <Value ColumnRef="wert">
            <SimpleValue>Abteilung 3 // Änderung // // Abtretung Abt. III</SimpleValue>
         </Value>
      </Row>
      <Row>
         <Value ColumnRef="code">
            <SimpleValue>330095</SimpleValue>
         </Value>
         <Value ColumnRef="wert">
            <SimpleValue>Abteilung 3 // Änderung // // Abtretung Abt. III (Gesamtrecht bei verschiedenen Grundbuchämtern)</SimpleValue>
         </Value>
      </Row>
      <Row>
         <Value ColumnRef="code">
            <SimpleValue>330110</SimpleValue>
         </Value>
         <Value ColumnRef="wert">
            <SimpleValue>Abteilung 3 // Änderung // // Recht an einem Recht ändern</SimpleValue>
         </Value>
      </Row>
      <Row>
         <Value ColumnRef="code">
            <SimpleValue>330111</SimpleValue>
         </Value>
         <Value ColumnRef="wert">
            <SimpleValue>Abteilung 3 // Änderung // // Verfügungsbeschränkung an Recht ändern</SimpleValue>
         </Value>
      </Row>
      <Row>
         <Value ColumnRef="code">
            <SimpleValue>330132</SimpleValue>
         </Value>
         <Value ColumnRef="wert">
            <SimpleValue>Abteilung 3 // Änderung // // Grundpfandrecht inhaltlich ändern</SimpleValue>
         </Value>
      </Row>
      <Row>
         <Value ColumnRef="code">
            <SimpleValue>330134</SimpleValue>
         </Value>
         <Value ColumnRef="wert">
            <SimpleValue>Abteilung 3 // Änderung // // Teillöschung Grundpfandrecht</SimpleValue>
         </Value>
      </Row>
      <Row>
         <Value ColumnRef="code">
            <SimpleValue>330139</SimpleValue>
         </Value>
         <Value ColumnRef="wert">
            <SimpleValue>Abteilung 3 // Änderung // // Verteilung eines Gesamtsrechts (Gesamtrecht bei verschiedenen Grundbuchämtern)</SimpleValue>
         </Value>
      </Row>
      <Row>
         <Value ColumnRef="code">
            <SimpleValue>330140</SimpleValue>
         </Value>
         <Value ColumnRef="wert">
            <SimpleValue>Abteilung 3 // Änderung // // Verteilung eines Gesamtsrechts in mehreren Blättern</SimpleValue>
         </Value>
      </Row>
      <Row>
         <Value ColumnRef="code">
            <SimpleValue>330141</SimpleValue>
         </Value>
         <Value ColumnRef="wert">
            <SimpleValue>Abteilung 3 // Änderung // // Verteilung eines Gesamtsrechts im selben Blatt auf Buchungsstellen</SimpleValue>
         </Value>
      </Row>
      <Row>
         <Value ColumnRef="code">
            <SimpleValue>330142</SimpleValue>
         </Value>
         <Value ColumnRef="wert">
            <SimpleValue>Abteilung 3 // Änderung // // Verteilung eines Gesamtsrechts im selben Blatt auf Miteigentumsanteile</SimpleValue>
         </Value>
      </Row>
      <Row>
         <Value ColumnRef="code">
            <SimpleValue>330162</SimpleValue>
         </Value>
         <Value ColumnRef="wert">
            <SimpleValue>Abteilung 3 // Änderung // // Berechtigung an einem Recht am Recht ändern (Verfügungsbeschränkung)</SimpleValue>
         </Value>
      </Row>
      <Row>
         <Value ColumnRef="code">
            <SimpleValue>330163</SimpleValue>
         </Value>
         <Value ColumnRef="wert">
            <SimpleValue>Abteilung 3 // Änderung // // Berechtigung an einem Recht am Recht ändern (Nießbrauch)</SimpleValue>
         </Value>
      </Row>
      <Row>
         <Value ColumnRef="code">
            <SimpleValue>330164</SimpleValue>
         </Value>
         <Value ColumnRef="wert">
            <SimpleValue>Abteilung 3 // Änderung // // Berechtigung an einem Recht am Recht ändern (Pfändung)</SimpleValue>
         </Value>
      </Row>
      <Row>
         <Value ColumnRef="code">
            <SimpleValue>330165</SimpleValue>
         </Value>
         <Value ColumnRef="wert">
            <SimpleValue>Abteilung 3 // Änderung // // Berechtigung an einem Recht am Recht ändern (Änderungsvormerkung)</SimpleValue>
         </Value>
      </Row>
      <Row>
         <Value ColumnRef="code">
            <SimpleValue>330166</SimpleValue>
         </Value>
         <Value ColumnRef="wert">
            <SimpleValue>Abteilung 3 // Änderung // // Berechtigung an einem Recht am Recht ändern (Löschungsvormerkung)</SimpleValue>
         </Value>
      </Row>
      <Row>
         <Value ColumnRef="code">
            <SimpleValue>333133</SimpleValue>
         </Value>
         <Value ColumnRef="wert">
            <SimpleValue>Abteilung 3 // Änderung // Vormerkung // Vormerkung für Grundpfandrecht inhaltlich ändern</SimpleValue>
         </Value>
      </Row>
      <Row>
         <Value ColumnRef="code">
            <SimpleValue>334086</SimpleValue>
         </Value>
         <Value ColumnRef="wert">
            <SimpleValue>Abteilung 3 // Änderung // Buchrecht // Einbeziehung in die Mithaft Buchrecht</SimpleValue>
         </Value>
      </Row>
      <Row>
         <Value ColumnRef="code">
            <SimpleValue>334088</SimpleValue>
         </Value>
         <Value ColumnRef="wert">
            <SimpleValue>Abteilung 3 // Änderung // Buchrecht // Mithaftentlassung Buchrecht</SimpleValue>
         </Value>
      </Row>
      <Row>
         <Value ColumnRef="code">
            <SimpleValue>334103</SimpleValue>
         </Value>
         <Value ColumnRef="wert">
            <SimpleValue>Abteilung 3 // Änderung // Buchrecht // Namensberichtigung Gläubiger Buchrecht</SimpleValue>
         </Value>
      </Row>
      <Row>
         <Value ColumnRef="code">
            <SimpleValue>334107</SimpleValue>
         </Value>
         <Value ColumnRef="wert">
            <SimpleValue>Abteilung 3 // Änderung // Buchrecht // Verzicht auf Buchgrundpfandrecht</SimpleValue>
         </Value>
      </Row>
      <Row>
         <Value ColumnRef="code">
            <SimpleValue>334114</SimpleValue>
         </Value>
         <Value ColumnRef="wert">
            <SimpleValue>Abteilung 3 // Änderung // Buchrecht // Umschreibung Vormerkung in Vollrecht Buchrecht</SimpleValue>
         </Value>
      </Row>
      <Row>
         <Value ColumnRef="code">
            <SimpleValue>334136</SimpleValue>
         </Value>
         <Value ColumnRef="wert">
            <SimpleValue>Abteilung 3 // Änderung // Buchrecht // Aufhebung des Briefausschlusses</SimpleValue>
         </Value>
      </Row>
      <Row>
         <Value ColumnRef="code">
            <SimpleValue>334155</SimpleValue>
         </Value>
         <Value ColumnRef="wert">
            <SimpleValue>Abteilung 3 // Änderung // Buchrecht // Einbeziehung in die Mithaft (Buchrecht in anderem Blatt eintragen)</SimpleValue>
         </Value>
      </Row>
      <Row>
         <Value ColumnRef="code">
            <SimpleValue>335085</SimpleValue>
         </Value>
         <Value ColumnRef="wert">
            <SimpleValue>Abteilung 3 // Änderung // Briefrecht // Einbeziehung in die Mithaft Briefrecht</SimpleValue>
         </Value>
      </Row>
      <Row>
         <Value ColumnRef="code">
            <SimpleValue>335087</SimpleValue>
         </Value>
         <Value ColumnRef="wert">
            <SimpleValue>Abteilung 3 // Änderung // Briefrecht // Mithaftentlassung Briefrecht</SimpleValue>
         </Value>
      </Row>
      <Row>
         <Value ColumnRef="code">
            <SimpleValue>335102</SimpleValue>
         </Value>
         <Value ColumnRef="wert">
            <SimpleValue>Abteilung 3 // Änderung // Briefrecht // Namensberichtigung Gläubiger Briefrecht</SimpleValue>
         </Value>
      </Row>
      <Row>
         <Value ColumnRef="code">
            <SimpleValue>335106</SimpleValue>
         </Value>
         <Value ColumnRef="wert">
            <SimpleValue>Abteilung 3 // Änderung // Briefrecht // Verzicht auf Briefgrundpfandrecht</SimpleValue>
         </Value>
      </Row>
      <Row>
         <Value ColumnRef="code">
            <SimpleValue>335113</SimpleValue>
         </Value>
         <Value ColumnRef="wert">
            <SimpleValue>Abteilung 3 // Änderung // Briefrecht // Umschreibung Vormerkung in Vollrecht Briefrecht</SimpleValue>
         </Value>
      </Row>
      <Row>
         <Value ColumnRef="code">
            <SimpleValue>335135</SimpleValue>
         </Value>
         <Value ColumnRef="wert">
            <SimpleValue>Abteilung 3 // Änderung // Briefrecht // Briefausschluss</SimpleValue>
         </Value>
      </Row>
      <Row>
         <Value ColumnRef="code">
            <SimpleValue>335154</SimpleValue>
         </Value>
         <Value ColumnRef="wert">
            <SimpleValue>Abteilung 3 // Änderung // Briefrecht // Einbeziehung in die Mithaft (Briefrecht in anderem Blatt eintragen)</SimpleValue>
         </Value>
      </Row>
      <Row>
         <Value ColumnRef="code">
            <SimpleValue>410001</SimpleValue>
         </Value>
         <Value ColumnRef="wert">
            <SimpleValue>Rang-/Wirksamkeitsvermerk // Eintragung // // Rangrücktritt Abt. III mit Beteiligung Briefrecht</SimpleValue>
         </Value>
      </Row>
      <Row>
         <Value ColumnRef="code">
            <SimpleValue>410002</SimpleValue>
         </Value>
         <Value ColumnRef="wert">
            <SimpleValue>Rang-/Wirksamkeitsvermerk // Eintragung // // Rangrücktritt Abt. III nur Buchrechte</SimpleValue>
         </Value>
      </Row>
      <Row>
         <Value ColumnRef="code">
            <SimpleValue>410003</SimpleValue>
         </Value>
         <Value ColumnRef="wert">
            <SimpleValue>Rang-/Wirksamkeitsvermerk // Eintragung // // Rangrücktritt Recht Abt. II</SimpleValue>
         </Value>
      </Row>
      <Row>
         <Value ColumnRef="code">
            <SimpleValue>410004</SimpleValue>
         </Value>
         <Value ColumnRef="wert">
            <SimpleValue>Rang-/Wirksamkeitsvermerk // Eintragung // // Rangrücktritt Recht Abt. II hinter Briefrecht</SimpleValue>
         </Value>
      </Row>
      <Row>
         <Value ColumnRef="code">
            <SimpleValue>410005</SimpleValue>
         </Value>
         <Value ColumnRef="wert">
            <SimpleValue>Rang-/Wirksamkeitsvermerk // Eintragung // // Rangrücktritt Vormerkung</SimpleValue>
         </Value>
      </Row>
      <Row>
         <Value ColumnRef="code">
            <SimpleValue>410006</SimpleValue>
         </Value>
         <Value ColumnRef="wert">
            <SimpleValue>Rang-/Wirksamkeitsvermerk // Eintragung // // Rangrücktritt Vormerkung hinter Briefrecht</SimpleValue>
         </Value>
      </Row>
      <Row>
         <Value ColumnRef="code">
            <SimpleValue>410007</SimpleValue>
         </Value>
         <Value ColumnRef="wert">
            <SimpleValue>Rang-/Wirksamkeitsvermerk // Eintragung // // Rangvorbehalt ausnutzen mit Beteiligung Briefrecht</SimpleValue>
         </Value>
      </Row>
      <Row>
         <Value ColumnRef="code">
            <SimpleValue>410008</SimpleValue>
         </Value>
         <Value ColumnRef="wert">
            <SimpleValue>Rang-/Wirksamkeitsvermerk // Eintragung // // Rangvorbehalt ausnutzen nur Buchrechte</SimpleValue>
         </Value>
      </Row>
      <Row>
         <Value ColumnRef="code">
            <SimpleValue>410009</SimpleValue>
         </Value>
         <Value ColumnRef="wert">
            <SimpleValue>Rang-/Wirksamkeitsvermerk // Eintragung // // Wirksamkeitsvermerk</SimpleValue>
         </Value>
      </Row>
      <Row>
         <Value ColumnRef="code">
            <SimpleValue>410010</SimpleValue>
         </Value>
         <Value ColumnRef="wert">
            <SimpleValue>Rang-/Wirksamkeitsvermerk // Eintragung // // Wirksamkeitsvermerk mit Briefrecht</SimpleValue>
         </Value>
      </Row>
      <Row>
         <Value ColumnRef="code">
            <SimpleValue>412097</SimpleValue>
         </Value>
         <Value ColumnRef="wert">
            <SimpleValue>Rang-/Wirksamkeitsvermerk // Eintragung // Recht // Rangvorbehalt Abt. II</SimpleValue>
         </Value>
      </Row>
      <Row>
         <Value ColumnRef="code">
            <SimpleValue>414098</SimpleValue>
         </Value>
         <Value ColumnRef="wert">
            <SimpleValue>Rang-/Wirksamkeitsvermerk // Eintragung // Buchrecht // Rangvorbehalt Buchrecht</SimpleValue>
         </Value>
      </Row>
      <Row>
         <Value ColumnRef="code">
            <SimpleValue>415099</SimpleValue>
         </Value>
         <Value ColumnRef="wert">
            <SimpleValue>Rang-/Wirksamkeitsvermerk // Eintragung // Briefrecht // Rangvorbehalt Briefrecht</SimpleValue>
         </Value>
      </Row>
      <Row>
         <Value ColumnRef="code">
            <SimpleValue>420137</SimpleValue>
         </Value>
         <Value ColumnRef="wert">
            <SimpleValue>Rang-/Wirksamkeitsvermerk // Löschung // // Wirksamkeitsvermerk löschen</SimpleValue>
         </Value>
      </Row>
      <Row>
         <Value ColumnRef="code">
            <SimpleValue>420138</SimpleValue>
         </Value>
         <Value ColumnRef="wert">
            <SimpleValue>Rang-/Wirksamkeitsvermerk // Löschung // // Rangvorbehalt löschen</SimpleValue>
         </Value>
      </Row>
      <Row>
         <Value ColumnRef="code">
            <SimpleValue>500001</SimpleValue>
         </Value>
         <Value ColumnRef="wert">
            <SimpleValue>Wohnungseigentum // Sonstiges // // WEG-Verwalter zuordnen</SimpleValue>
         </Value>
      </Row>
      <Row>
         <Value ColumnRef="code">
            <SimpleValue>500002</SimpleValue>
         </Value>
         <Value ColumnRef="wert">
            <SimpleValue>Wohnungseigentum // Sonstiges // // WEG-Verwalter bearbeiten</SimpleValue>
         </Value>
      </Row>
      <Row>
         <Value ColumnRef="code">
            <SimpleValue>500003</SimpleValue>
         </Value>
         <Value ColumnRef="wert">
            <SimpleValue>Wohnungseigentum // Sonstiges // // WEG-Verwalter entfernen</SimpleValue>
         </Value>
      </Row>
      <Row>
         <Value ColumnRef="code">
            <SimpleValue>510052</SimpleValue>
         </Value>
         <Value ColumnRef="wert">
            <SimpleValue>Wohnungseigentum // Eintragung // // Wohnungseigentum begründen</SimpleValue>
         </Value>
      </Row>
      <Row>
         <Value ColumnRef="code">
            <SimpleValue>510053</SimpleValue>
         </Value>
         <Value ColumnRef="wert">
            <SimpleValue>Wohnungseigentum // Eintragung // // Wohnungserbbaurecht begründen</SimpleValue>
         </Value>
      </Row>
      <Row>
         <Value ColumnRef="code">
            <SimpleValue>520147</SimpleValue>
         </Value>
         <Value ColumnRef="wert">
            <SimpleValue>Wohnungseigentum // Löschung // // WEG-Serie aufheben (Buchung auf neues Blatt ohne Erwerb)</SimpleValue>
         </Value>
      </Row>
      <Row>
         <Value ColumnRef="code">
            <SimpleValue>520148</SimpleValue>
         </Value>
         <Value ColumnRef="wert">
            <SimpleValue>Wohnungseigentum // Löschung // // WEG-Serie aufheben (Buchung auf bestehendes Blatt mit/ohne Erwerb)</SimpleValue>
         </Value>
      </Row>
      <Row>
         <Value ColumnRef="code">
            <SimpleValue>520149</SimpleValue>
         </Value>
         <Value ColumnRef="wert">
            <SimpleValue>Wohnungseigentum // Löschung // // WEG-Serie aufheben (Buchung auf neues Blatt mit Erwerb)</SimpleValue>
         </Value>
      </Row>
      <Row>
         <Value ColumnRef="code">
            <SimpleValue>520150</SimpleValue>
         </Value>
         <Value ColumnRef="wert">
            <SimpleValue>Wohnungseigentum // Löschung // // Sondernutzungsrecht aufheben oder löschen</SimpleValue>
         </Value>
      </Row>
      <Row>
         <Value ColumnRef="code">
            <SimpleValue>530091</SimpleValue>
         </Value>
         <Value ColumnRef="wert">
            <SimpleValue>Wohnungseigentum // Änderung // // Inhaltsänderung der WEG-Einheiten pauschal eintragen</SimpleValue>
         </Value>
      </Row>
      <Row>
         <Value ColumnRef="code">
            <SimpleValue>530092</SimpleValue>
         </Value>
         <Value ColumnRef="wert">
            <SimpleValue>Wohnungseigentum // Änderung // // Bezeichnung des Sondernutzungsrechts ändern</SimpleValue>
         </Value>
      </Row>
      <Row>
         <Value ColumnRef="code">
            <SimpleValue>530093</SimpleValue>
         </Value>
         <Value ColumnRef="wert">
            <SimpleValue>Wohnungseigentum // Änderung // // Sondernutzungsrecht übertragen</SimpleValue>
         </Value>
      </Row>
      <Row>
         <Value ColumnRef="code">
            <SimpleValue>530151</SimpleValue>
         </Value>
         <Value ColumnRef="wert">
            <SimpleValue>Wohnungseigentum // Änderung // // Sondernutzungsrecht nachträglich begründen</SimpleValue>
         </Value>
      </Row>
      <Row>
         <Value ColumnRef="code">
            <SimpleValue>600001</SimpleValue>
         </Value>
         <Value ColumnRef="wert">
            <SimpleValue>Sonstiges // // // Partei kraft Amtes zuordnen</SimpleValue>
         </Value>
      </Row>
      <Row>
         <Value ColumnRef="code">
            <SimpleValue>600002</SimpleValue>
         </Value>
         <Value ColumnRef="wert">
            <SimpleValue>Sonstiges // // // Partei kraft Amtes bearbeiten</SimpleValue>
         </Value>
      </Row>
      <Row>
         <Value ColumnRef="code">
            <SimpleValue>600003</SimpleValue>
         </Value>
         <Value ColumnRef="wert">
            <SimpleValue>Sonstiges // // // Partei kraft Amtes entfernen</SimpleValue>
         </Value>
      </Row>
      <Row>
         <Value ColumnRef="code">
            <SimpleValue>600004</SimpleValue>
         </Value>
         <Value ColumnRef="wert">
            <SimpleValue>Sonstiges // // // Zustellungsbevollmächtigten zuordnen</SimpleValue>
         </Value>
      </Row>
      <Row>
         <Value ColumnRef="code">
            <SimpleValue>600005</SimpleValue>
         </Value>
         <Value ColumnRef="wert">
            <SimpleValue>Sonstiges // // // Zustellungsbevollmächtigten bearbeiten</SimpleValue>
         </Value>
      </Row>
      <Row>
         <Value ColumnRef="code">
            <SimpleValue>600006</SimpleValue>
         </Value>
         <Value ColumnRef="wert">
            <SimpleValue>Sonstiges // // // Zustellungsbevollmächtigten entfernen</SimpleValue>
         </Value>
      </Row>
   </SimpleCodeList>
</gc:CodeList>
