<?xml version="1.0" encoding="UTF-8"?>
<gc:CodeList xmlns:gc="http://docs.oasis-open.org/codelist/ns/genericode/1.0/"
             xmlns:xsi="http://www.w3.org/2001/XMLSchema-instance"
             xmlns:xoev-cl-3="http://xoev.de/schemata/genericode/3">
   <Annotation>
      <Description>
         <xoev-cl-3:nameKurz>DABAG.Belastungstyp.Abt2</xoev-cl-3:nameKurz>
         <xoev-cl-3:beschreibung-codeliste>Bezeichnet die Kategorien der Belastungen, die in Abteilung 2 mit eigener laufender Nummer eingetragen werden können (z. B. Erwerbsvormerkung, Grunddienstbarkeit, Reallast).</xoev-cl-3:beschreibung-codeliste>
         <xoev-cl-3:herausgebernameKurz>AG IT-Standards</xoev-cl-3:herausgebernameKurz>
         <xoev-cl-3:datumGueltigkeitAb>2023-10-31</xoev-cl-3:datumGueltigkeitAb>
         <xoev-cl-3:versionCodelistenHandbuch>1.1</xoev-cl-3:versionCodelistenHandbuch>
      </Description>
   </Annotation>
   <Identification>
      <ShortName>dabag.belastungstyp.abt2</ShortName>
      <LongName>DABAG.Belastungstyp.Abt2</LongName>
      <Version>1.0</Version>
      <CanonicalUri>urn:xoev-de:xjustiz:codeliste:dabag.belastungstyp.abt2</CanonicalUri>
      <CanonicalVersionUri>urn:xoev-de:xjustiz:codeliste:dabag.belastungstyp.abt2_1.0</CanonicalVersionUri>
      <Agency>
         <LongName>BLK-AG IT-Standards in der Justiz</LongName>
      </Agency>
   </Identification>
   <ColumnSet>
      <Column Id="code" Use="required">
         <ShortName>code</ShortName>
         <LongName>Schlüssel</LongName>
         <Data Type="string"/>
      </Column>
      <Column Id="wert" Use="required">
         <ShortName>wert</ShortName>
         <LongName>Wert</LongName>
         <Data Type="string"/>
      </Column>
      <Key Id="codeKey">
         <Annotation>
            <AppInfo>
               <xoev-cl-3:empfohleneCodeSpalte/>
            </AppInfo>
         </Annotation>
         <ShortName>codeKey</ShortName>
         <ColumnRef Ref="code"/>
      </Key>
   </ColumnSet>
   <SimpleCodeList>
      <Row>
         <Value ColumnRef="code">
            <SimpleValue>001</SimpleValue>
         </Value>
         <Value ColumnRef="wert">
            <SimpleValue>Altenteil</SimpleValue>
         </Value>
      </Row>
      <Row>
         <Value ColumnRef="code">
            <SimpleValue>002</SimpleValue>
         </Value>
         <Value ColumnRef="wert">
            <SimpleValue>Belastung nach § 1010</SimpleValue>
         </Value>
      </Row>
      <Row>
         <Value ColumnRef="code">
            <SimpleValue>003</SimpleValue>
         </Value>
         <Value ColumnRef="wert">
            <SimpleValue>Beschränkte persönliche Dienstbarkeit</SimpleValue>
         </Value>
      </Row>
      <Row>
         <Value ColumnRef="code">
            <SimpleValue>004</SimpleValue>
         </Value>
         <Value ColumnRef="wert">
            <SimpleValue>Dauerwohnrecht</SimpleValue>
         </Value>
      </Row>
      <Row>
         <Value ColumnRef="code">
            <SimpleValue>005</SimpleValue>
         </Value>
         <Value ColumnRef="wert">
            <SimpleValue>Erbbaurecht</SimpleValue>
         </Value>
      </Row>
      <Row>
         <Value ColumnRef="code">
            <SimpleValue>006</SimpleValue>
         </Value>
         <Value ColumnRef="wert">
            <SimpleValue>Erwerbsvormerkung</SimpleValue>
         </Value>
      </Row>
      <Row>
         <Value ColumnRef="code">
            <SimpleValue>007</SimpleValue>
         </Value>
         <Value ColumnRef="wert">
            <SimpleValue>Grunddienstbarkeit</SimpleValue>
         </Value>
      </Row>
      <Row>
         <Value ColumnRef="code">
            <SimpleValue>008</SimpleValue>
         </Value>
         <Value ColumnRef="wert">
            <SimpleValue>Nießbrauch</SimpleValue>
         </Value>
      </Row>
      <Row>
         <Value ColumnRef="code">
            <SimpleValue>009</SimpleValue>
         </Value>
         <Value ColumnRef="wert">
            <SimpleValue>Nutzungsrecht</SimpleValue>
         </Value>
      </Row>
      <Row>
         <Value ColumnRef="code">
            <SimpleValue>010</SimpleValue>
         </Value>
         <Value ColumnRef="wert">
            <SimpleValue>Reallast</SimpleValue>
         </Value>
      </Row>
      <Row>
         <Value ColumnRef="code">
            <SimpleValue>011</SimpleValue>
         </Value>
         <Value ColumnRef="wert">
            <SimpleValue>Sonstige Belastung</SimpleValue>
         </Value>
      </Row>
      <Row>
         <Value ColumnRef="code">
            <SimpleValue>012</SimpleValue>
         </Value>
         <Value ColumnRef="wert">
            <SimpleValue>Verfügungsbeschränkung</SimpleValue>
         </Value>
      </Row>
      <Row>
         <Value ColumnRef="code">
            <SimpleValue>013</SimpleValue>
         </Value>
         <Value ColumnRef="wert">
            <SimpleValue>Vorkaufsrecht</SimpleValue>
         </Value>
      </Row>
   </SimpleCodeList>
</gc:CodeList>
