<?xml version="1.0" encoding="UTF-8"?>
<gc:CodeList xmlns:gc="http://docs.oasis-open.org/codelist/ns/genericode/1.0/"
             xmlns:xsi="http://www.w3.org/2001/XMLSchema-instance"
             xmlns:xoev-cl-3="http://xoev.de/schemata/genericode/3">
   <Annotation>
      <Description>
         <xoev-cl-3:nameKurz>DABAG.Grundbuchart</xoev-cl-3:nameKurz>
         <xoev-cl-3:beschreibung-codeliste>Gibt die Art des Grundbuchs an (z. B. Teileigentumsgrundbuch, Untererbbaugrundbuch).</xoev-cl-3:beschreibung-codeliste>
         <xoev-cl-3:herausgebernameKurz>AG IT-Standards</xoev-cl-3:herausgebernameKurz>
         <xoev-cl-3:datumGueltigkeitAb>2023-10-31</xoev-cl-3:datumGueltigkeitAb>
         <xoev-cl-3:versionCodelistenHandbuch>1.1</xoev-cl-3:versionCodelistenHandbuch>
      </Description>
   </Annotation>
   <Identification>
      <ShortName>dabag.grundbuchart</ShortName>
      <LongName>DABAG.Grundbuchart</LongName>
      <Version>1.0</Version>
      <CanonicalUri>urn:xoev-de:xjustiz:codeliste:dabag.grundbuchart</CanonicalUri>
      <CanonicalVersionUri>urn:xoev-de:xjustiz:codeliste:dabag.grundbuchart_1.0</CanonicalVersionUri>
      <Agency>
         <LongName>BLK-AG IT-Standards in der Justiz</LongName>
      </Agency>
   </Identification>
   <ColumnSet>
      <Column Id="code" Use="required">
         <ShortName>code</ShortName>
         <LongName>Schlüssel</LongName>
         <Data Type="string"/>
      </Column>
      <Column Id="wert" Use="required">
         <ShortName>wert</ShortName>
         <LongName>Wert</LongName>
         <Data Type="string"/>
      </Column>
      <Key Id="codeKey">
         <Annotation>
            <AppInfo>
               <xoev-cl-3:empfohleneCodeSpalte/>
            </AppInfo>
         </Annotation>
         <ShortName>codeKey</ShortName>
         <ColumnRef Ref="code"/>
      </Key>
   </ColumnSet>
   <SimpleCodeList>
      <Row>
         <Value ColumnRef="code">
            <SimpleValue>001</SimpleValue>
         </Value>
         <Value ColumnRef="wert">
            <SimpleValue>Altrechtliche Gemeinschaft</SimpleValue>
         </Value>
      </Row>
      <Row>
         <Value ColumnRef="code">
            <SimpleValue>002</SimpleValue>
         </Value>
         <Value ColumnRef="wert">
            <SimpleValue>Altrechtliche Genossenschaften (Art. 164 EGBGB)</SimpleValue>
         </Value>
      </Row>
      <Row>
         <Value ColumnRef="code">
            <SimpleValue>003</SimpleValue>
         </Value>
         <Value ColumnRef="wert">
            <SimpleValue>Anteilsgrundbuch</SimpleValue>
         </Value>
      </Row>
      <Row>
         <Value ColumnRef="code">
            <SimpleValue>004</SimpleValue>
         </Value>
         <Value ColumnRef="wert">
            <SimpleValue>Apothekengerechtigkeit</SimpleValue>
         </Value>
      </Row>
      <Row>
         <Value ColumnRef="code">
            <SimpleValue>005</SimpleValue>
         </Value>
         <Value ColumnRef="wert">
            <SimpleValue>Berggrundbuch</SimpleValue>
         </Value>
      </Row>
      <Row>
         <Value ColumnRef="code">
            <SimpleValue>006</SimpleValue>
         </Value>
         <Value ColumnRef="wert">
            <SimpleValue>Bergkellergrundbuch</SimpleValue>
         </Value>
      </Row>
      <Row>
         <Value ColumnRef="code">
            <SimpleValue>007</SimpleValue>
         </Value>
         <Value ColumnRef="wert">
            <SimpleValue>Denkmalschutz</SimpleValue>
         </Value>
      </Row>
      <Row>
         <Value ColumnRef="code">
            <SimpleValue>008</SimpleValue>
         </Value>
         <Value ColumnRef="wert">
            <SimpleValue>Erbbaugrundbuch</SimpleValue>
         </Value>
      </Row>
      <Row>
         <Value ColumnRef="code">
            <SimpleValue>009</SimpleValue>
         </Value>
         <Value ColumnRef="wert">
            <SimpleValue>Grundstücksgrundbuch</SimpleValue>
         </Value>
      </Row>
      <Row>
         <Value ColumnRef="code">
            <SimpleValue>010</SimpleValue>
         </Value>
         <Value ColumnRef="wert">
            <SimpleValue>Gebäudegrundbuch</SimpleValue>
         </Value>
      </Row>
      <Row>
         <Value ColumnRef="code">
            <SimpleValue>011</SimpleValue>
         </Value>
         <Value ColumnRef="wert">
            <SimpleValue>Gemeinderecht</SimpleValue>
         </Value>
      </Row>
      <Row>
         <Value ColumnRef="code">
            <SimpleValue>012</SimpleValue>
         </Value>
         <Value ColumnRef="wert">
            <SimpleValue>Gemeinschaftsgrundbuch</SimpleValue>
         </Value>
      </Row>
      <Row>
         <Value ColumnRef="code">
            <SimpleValue>013</SimpleValue>
         </Value>
         <Value ColumnRef="wert">
            <SimpleValue>Fischereigrundbuch</SimpleValue>
         </Value>
      </Row>
      <Row>
         <Value ColumnRef="code">
            <SimpleValue>014</SimpleValue>
         </Value>
         <Value ColumnRef="wert">
            <SimpleValue>Nutzungsrecht</SimpleValue>
         </Value>
      </Row>
      <Row>
         <Value ColumnRef="code">
            <SimpleValue>015</SimpleValue>
         </Value>
         <Value ColumnRef="wert">
            <SimpleValue>Realgewerbeberechtigung</SimpleValue>
         </Value>
      </Row>
      <Row>
         <Value ColumnRef="code">
            <SimpleValue>016</SimpleValue>
         </Value>
         <Value ColumnRef="wert">
            <SimpleValue>Salzgrundbuch</SimpleValue>
         </Value>
      </Row>
      <Row>
         <Value ColumnRef="code">
            <SimpleValue>017</SimpleValue>
         </Value>
         <Value ColumnRef="wert">
            <SimpleValue>Stavengrundbuch</SimpleValue>
         </Value>
      </Row>
      <Row>
         <Value ColumnRef="code">
            <SimpleValue>018</SimpleValue>
         </Value>
         <Value ColumnRef="wert">
            <SimpleValue>Stockwerkseigentum</SimpleValue>
         </Value>
      </Row>
      <Row>
         <Value ColumnRef="code">
            <SimpleValue>019</SimpleValue>
         </Value>
         <Value ColumnRef="wert">
            <SimpleValue>Superficiesgrundbuch</SimpleValue>
         </Value>
      </Row>
      <Row>
         <Value ColumnRef="code">
            <SimpleValue>020</SimpleValue>
         </Value>
         <Value ColumnRef="wert">
            <SimpleValue>Teileigentumsgrundbuch</SimpleValue>
         </Value>
      </Row>
      <Row>
         <Value ColumnRef="code">
            <SimpleValue>021</SimpleValue>
         </Value>
         <Value ColumnRef="wert">
            <SimpleValue>Teilgebäudegrundbuch</SimpleValue>
         </Value>
      </Row>
      <Row>
         <Value ColumnRef="code">
            <SimpleValue>022</SimpleValue>
         </Value>
         <Value ColumnRef="wert">
            <SimpleValue>Teilerbbaugrundbuch</SimpleValue>
         </Value>
      </Row>
      <Row>
         <Value ColumnRef="code">
            <SimpleValue>023</SimpleValue>
         </Value>
         <Value ColumnRef="wert">
            <SimpleValue>Teiluntererbbaugrundbuch</SimpleValue>
         </Value>
      </Row>
      <Row>
         <Value ColumnRef="code">
            <SimpleValue>024</SimpleValue>
         </Value>
         <Value ColumnRef="wert">
            <SimpleValue>Untererbbaugrundbuch</SimpleValue>
         </Value>
      </Row>
      <Row>
         <Value ColumnRef="code">
            <SimpleValue>025</SimpleValue>
         </Value>
         <Value ColumnRef="wert">
            <SimpleValue>Wohnungs- und Teileigentumsgrundbuch</SimpleValue>
         </Value>
      </Row>
      <Row>
         <Value ColumnRef="code">
            <SimpleValue>026</SimpleValue>
         </Value>
         <Value ColumnRef="wert">
            <SimpleValue>Wohnungs- und Teilerbbaugrundbuch</SimpleValue>
         </Value>
      </Row>
      <Row>
         <Value ColumnRef="code">
            <SimpleValue>027</SimpleValue>
         </Value>
         <Value ColumnRef="wert">
            <SimpleValue>Wohnungs- und Teilgebäudegrundbuch</SimpleValue>
         </Value>
      </Row>
      <Row>
         <Value ColumnRef="code">
            <SimpleValue>028</SimpleValue>
         </Value>
         <Value ColumnRef="wert">
            <SimpleValue>Wohnungs- und Teiluntererbbaugrundbuch</SimpleValue>
         </Value>
      </Row>
      <Row>
         <Value ColumnRef="code">
            <SimpleValue>029</SimpleValue>
         </Value>
         <Value ColumnRef="wert">
            <SimpleValue>Wohnungsgebäudegrundbuch</SimpleValue>
         </Value>
      </Row>
      <Row>
         <Value ColumnRef="code">
            <SimpleValue>030</SimpleValue>
         </Value>
         <Value ColumnRef="wert">
            <SimpleValue>Wohnungsgrundbuch</SimpleValue>
         </Value>
      </Row>
      <Row>
         <Value ColumnRef="code">
            <SimpleValue>031</SimpleValue>
         </Value>
         <Value ColumnRef="wert">
            <SimpleValue>Wohnungserbbaugrundbuch</SimpleValue>
         </Value>
      </Row>
      <Row>
         <Value ColumnRef="code">
            <SimpleValue>032</SimpleValue>
         </Value>
         <Value ColumnRef="wert">
            <SimpleValue>Wohnungsuntererbbaugrundbuch</SimpleValue>
         </Value>
      </Row>
      <Row>
         <Value ColumnRef="code">
            <SimpleValue>033</SimpleValue>
         </Value>
         <Value ColumnRef="wert">
            <SimpleValue>Zubehörgrundstück</SimpleValue>
         </Value>
      </Row>
   </SimpleCodeList>
</gc:CodeList>
