<?xml version="1.0" encoding="UTF-8"?>
<gc:CodeList xmlns:gc="http://docs.oasis-open.org/codelist/ns/genericode/1.0/"
             xmlns:xsi="http://www.w3.org/2001/XMLSchema-instance"
             xmlns:xoev-cl-3="http://xoev.de/schemata/genericode/3">
   <Annotation>
      <Description>
         <xoev-cl-3:nameKurz>DABAG.Erwerbsgrundart</xoev-cl-3:nameKurz>
         <xoev-cl-3:beschreibung-codeliste>Gibt den Erwerbsgrund an (z. B. Auflassung, Flurbereinigungsverfahren).</xoev-cl-3:beschreibung-codeliste>
         <xoev-cl-3:herausgebernameKurz>AG IT-Standards</xoev-cl-3:herausgebernameKurz>
         <xoev-cl-3:datumGueltigkeitAb>2023-10-31</xoev-cl-3:datumGueltigkeitAb>
         <xoev-cl-3:versionCodelistenHandbuch>1.1</xoev-cl-3:versionCodelistenHandbuch>
      </Description>
   </Annotation>
   <Identification>
      <ShortName>dabag.erwerbsgrundart</ShortName>
      <LongName>DABAG.Erwerbsgrundart</LongName>
      <Version>1.0</Version>
      <CanonicalUri>urn:xoev-de:xjustiz:codeliste:dabag.erwerbsgrundart</CanonicalUri>
      <CanonicalVersionUri>urn:xoev-de:xjustiz:codeliste:dabag.erwerbsgrundart_1.0</CanonicalVersionUri>
      <Agency>
         <LongName>BLK-AG IT-Standards in der Justiz</LongName>
      </Agency>
   </Identification>
   <ColumnSet>
      <Column Id="code" Use="required">
         <ShortName>code</ShortName>
         <LongName>Schlüssel</LongName>
         <Data Type="string"/>
      </Column>
      <Column Id="wert" Use="required">
         <ShortName>wert</ShortName>
         <LongName>Wert</LongName>
         <Data Type="string"/>
      </Column>
      <Key Id="codeKey">
         <Annotation>
            <AppInfo>
               <xoev-cl-3:empfohleneCodeSpalte/>
            </AppInfo>
         </Annotation>
         <ShortName>codeKey</ShortName>
         <ColumnRef Ref="code"/>
      </Key>
   </ColumnSet>
   <SimpleCodeList>
      <Row>
         <Value ColumnRef="code">
            <SimpleValue>001</SimpleValue>
         </Value>
         <Value ColumnRef="wert">
            <SimpleValue>§§ 10, 13, 43 Straßen- und Wegegesetz NW</SimpleValue>
         </Value>
      </Row>
      <Row>
         <Value ColumnRef="code">
            <SimpleValue>002</SimpleValue>
         </Value>
         <Value ColumnRef="wert">
            <SimpleValue>Abschichtung</SimpleValue>
         </Value>
      </Row>
      <Row>
         <Value ColumnRef="code">
            <SimpleValue>003</SimpleValue>
         </Value>
         <Value ColumnRef="wert">
            <SimpleValue>Als neuer Träger der Straßenbaulast gemäß §§ 11, 12 NStrG</SimpleValue>
         </Value>
      </Row>
      <Row>
         <Value ColumnRef="code">
            <SimpleValue>004</SimpleValue>
         </Value>
         <Value ColumnRef="wert">
            <SimpleValue>Aneignungsrecht ausgeübt am [Datum]</SimpleValue>
         </Value>
      </Row>
      <Row>
         <Value ColumnRef="code">
            <SimpleValue>005</SimpleValue>
         </Value>
         <Value ColumnRef="wert">
            <SimpleValue>§ 23 BEZNG</SimpleValue>
         </Value>
      </Row>
      <Row>
         <Value ColumnRef="code">
            <SimpleValue>006</SimpleValue>
         </Value>
         <Value ColumnRef="wert">
            <SimpleValue>Art. 11, 12 BayStrWG</SimpleValue>
         </Value>
      </Row>
      <Row>
         <Value ColumnRef="code">
            <SimpleValue>007</SimpleValue>
         </Value>
         <Value ColumnRef="wert">
            <SimpleValue>§ 2 Abs. 1 PostUmwG und Liegenschaftserklärung</SimpleValue>
         </Value>
      </Row>
      <Row>
         <Value ColumnRef="code">
            <SimpleValue>008</SimpleValue>
         </Value>
         <Value ColumnRef="wert">
            <SimpleValue>Auflassung</SimpleValue>
         </Value>
      </Row>
      <Row>
         <Value ColumnRef="code">
            <SimpleValue>009</SimpleValue>
         </Value>
         <Value ColumnRef="wert">
            <SimpleValue>Ausführungsanordnung</SimpleValue>
         </Value>
      </Row>
      <Row>
         <Value ColumnRef="code">
            <SimpleValue>010</SimpleValue>
         </Value>
         <Value ColumnRef="wert">
            <SimpleValue>Ausgliederungsvertrag</SimpleValue>
         </Value>
      </Row>
      <Row>
         <Value ColumnRef="code">
            <SimpleValue>011</SimpleValue>
         </Value>
         <Value ColumnRef="wert">
            <SimpleValue>Ausschlussurteil</SimpleValue>
         </Value>
      </Row>
      <Row>
         <Value ColumnRef="code">
            <SimpleValue>012</SimpleValue>
         </Value>
         <Value ColumnRef="wert">
            <SimpleValue>Bei Anlegung des Berggrundbuchs aufgrund Verleihung</SimpleValue>
         </Value>
      </Row>
      <Row>
         <Value ColumnRef="code">
            <SimpleValue>013</SimpleValue>
         </Value>
         <Value ColumnRef="wert">
            <SimpleValue>Bei Begründung des Erbbaurechts</SimpleValue>
         </Value>
      </Row>
      <Row>
         <Value ColumnRef="code">
            <SimpleValue>014</SimpleValue>
         </Value>
         <Value ColumnRef="wert">
            <SimpleValue>Bei Begründung des Untererbbaurechts</SimpleValue>
         </Value>
      </Row>
      <Row>
         <Value ColumnRef="code">
            <SimpleValue>015</SimpleValue>
         </Value>
         <Value ColumnRef="wert">
            <SimpleValue>Berichtigungsbewilligung</SimpleValue>
         </Value>
      </Row>
      <Row>
         <Value ColumnRef="code">
            <SimpleValue>016</SimpleValue>
         </Value>
         <Value ColumnRef="wert">
            <SimpleValue>Beschluss über die Grenzregelung</SimpleValue>
         </Value>
      </Row>
      <Row>
         <Value ColumnRef="code">
            <SimpleValue>017</SimpleValue>
         </Value>
         <Value ColumnRef="wert">
            <SimpleValue>Der Fiskus hat am [Datum] sein Aneignungsrecht übertragen</SimpleValue>
         </Value>
      </Row>
      <Row>
         <Value ColumnRef="code">
            <SimpleValue>018</SimpleValue>
         </Value>
         <Value ColumnRef="wert">
            <SimpleValue>Der Fiskus hat am [Datum] auf sein Aneignungsrecht verzichtet</SimpleValue>
         </Value>
      </Row>
      <Row>
         <Value ColumnRef="code">
            <SimpleValue>019</SimpleValue>
         </Value>
         <Value ColumnRef="wert">
            <SimpleValue>Ehevertrag</SimpleValue>
         </Value>
      </Row>
      <Row>
         <Value ColumnRef="code">
            <SimpleValue>020</SimpleValue>
         </Value>
         <Value ColumnRef="wert">
            <SimpleValue>Eigentumsübergang nach Art. 11,12 BayStrWG</SimpleValue>
         </Value>
      </Row>
      <Row>
         <Value ColumnRef="code">
            <SimpleValue>021</SimpleValue>
         </Value>
         <Value ColumnRef="wert">
            <SimpleValue>Einigung</SimpleValue>
         </Value>
      </Row>
      <Row>
         <Value ColumnRef="code">
            <SimpleValue>022</SimpleValue>
         </Value>
         <Value ColumnRef="wert">
            <SimpleValue>Erbteilsübertragung</SimpleValue>
         </Value>
      </Row>
      <Row>
         <Value ColumnRef="code">
            <SimpleValue>023</SimpleValue>
         </Value>
         <Value ColumnRef="wert">
            <SimpleValue>Ersuchen</SimpleValue>
         </Value>
      </Row>
      <Row>
         <Value ColumnRef="code">
            <SimpleValue>024</SimpleValue>
         </Value>
         <Value ColumnRef="wert">
            <SimpleValue>Firmenänderung</SimpleValue>
         </Value>
      </Row>
      <Row>
         <Value ColumnRef="code">
            <SimpleValue>025</SimpleValue>
         </Value>
         <Value ColumnRef="wert">
            <SimpleValue>FN: Zugang gemäß Grenzregelungsplan [Nr. FN]</SimpleValue>
         </Value>
      </Row>
      <Row>
         <Value ColumnRef="code">
            <SimpleValue>026</SimpleValue>
         </Value>
         <Value ColumnRef="wert">
            <SimpleValue>Gemäß § 12 NStrG</SimpleValue>
         </Value>
      </Row>
      <Row>
         <Value ColumnRef="code">
            <SimpleValue>027</SimpleValue>
         </Value>
         <Value ColumnRef="wert">
            <SimpleValue>Gemäß Gesetz über die Bestellung von Salzabbaugerechtigkeiten</SimpleValue>
         </Value>
      </Row>
      <Row>
         <Value ColumnRef="code">
            <SimpleValue>028</SimpleValue>
         </Value>
         <Value ColumnRef="wert">
            <SimpleValue>Gesellschaftsvertrag</SimpleValue>
         </Value>
      </Row>
      <Row>
         <Value ColumnRef="code">
            <SimpleValue>029</SimpleValue>
         </Value>
         <Value ColumnRef="wert">
            <SimpleValue>Nach § 6 Bundesfernstraßengesetz</SimpleValue>
         </Value>
      </Row>
      <Row>
         <Value ColumnRef="code">
            <SimpleValue>030</SimpleValue>
         </Value>
         <Value ColumnRef="wert">
            <SimpleValue>Namensänderung</SimpleValue>
         </Value>
      </Row>
      <Row>
         <Value ColumnRef="code">
            <SimpleValue>031</SimpleValue>
         </Value>
         <Value ColumnRef="wert">
            <SimpleValue>Ohne Eigentumswechsel</SimpleValue>
         </Value>
      </Row>
      <Row>
         <Value ColumnRef="code">
            <SimpleValue>032</SimpleValue>
         </Value>
         <Value ColumnRef="wert">
            <SimpleValue>Ohne Wechsel der Erbbauberechtigten</SimpleValue>
         </Value>
      </Row>
      <Row>
         <Value ColumnRef="code">
            <SimpleValue>033</SimpleValue>
         </Value>
         <Value ColumnRef="wert">
            <SimpleValue>Teilungserklärung</SimpleValue>
         </Value>
      </Row>
      <Row>
         <Value ColumnRef="code">
            <SimpleValue>034</SimpleValue>
         </Value>
         <Value ColumnRef="wert">
            <SimpleValue>Teilung nach § 3 WEG</SimpleValue>
         </Value>
      </Row>
      <Row>
         <Value ColumnRef="code">
            <SimpleValue>035</SimpleValue>
         </Value>
         <Value ColumnRef="wert">
            <SimpleValue>Teilung nach § 8 WEG</SimpleValue>
         </Value>
      </Row>
      <Row>
         <Value ColumnRef="code">
            <SimpleValue>036</SimpleValue>
         </Value>
         <Value ColumnRef="wert">
            <SimpleValue>Teilung nach §§ 3, 8 WEG</SimpleValue>
         </Value>
      </Row>
      <Row>
         <Value ColumnRef="code">
            <SimpleValue>037</SimpleValue>
         </Value>
         <Value ColumnRef="wert">
            <SimpleValue>Einigung und Teilungserklärung</SimpleValue>
         </Value>
      </Row>
      <Row>
         <Value ColumnRef="code">
            <SimpleValue>038</SimpleValue>
         </Value>
         <Value ColumnRef="wert">
            <SimpleValue>Umwandlung nach dem Umwandlungsgesetz</SimpleValue>
         </Value>
      </Row>
      <Row>
         <Value ColumnRef="code">
            <SimpleValue>039</SimpleValue>
         </Value>
         <Value ColumnRef="wert">
            <SimpleValue>Im Übrigen aufgrund bisheriger Eigentumseintragung</SimpleValue>
         </Value>
      </Row>
      <Row>
         <Value ColumnRef="code">
            <SimpleValue>040</SimpleValue>
         </Value>
         <Value ColumnRef="wert">
            <SimpleValue>Urteil</SimpleValue>
         </Value>
      </Row>
      <Row>
         <Value ColumnRef="code">
            <SimpleValue>041</SimpleValue>
         </Value>
         <Value ColumnRef="wert">
            <SimpleValue>Vergleich</SimpleValue>
         </Value>
      </Row>
      <Row>
         <Value ColumnRef="code">
            <SimpleValue>042</SimpleValue>
         </Value>
         <Value ColumnRef="wert">
            <SimpleValue>Verschmelzungsvertrag</SimpleValue>
         </Value>
      </Row>
      <Row>
         <Value ColumnRef="code">
            <SimpleValue>043</SimpleValue>
         </Value>
         <Value ColumnRef="wert">
            <SimpleValue>Eigentumsaufgabe durch Verzicht</SimpleValue>
         </Value>
      </Row>
      <Row>
         <Value ColumnRef="code">
            <SimpleValue>044</SimpleValue>
         </Value>
         <Value ColumnRef="wert">
            <SimpleValue>Zeugnis</SimpleValue>
         </Value>
      </Row>
      <Row>
         <Value ColumnRef="code">
            <SimpleValue>045</SimpleValue>
         </Value>
         <Value ColumnRef="wert">
            <SimpleValue>Zeugnis über die Fortsetzung der Gütergemeinschaft</SimpleValue>
         </Value>
      </Row>
      <Row>
         <Value ColumnRef="code">
            <SimpleValue>046</SimpleValue>
         </Value>
         <Value ColumnRef="wert">
            <SimpleValue>Zuschlagsbeschluss</SimpleValue>
         </Value>
      </Row>
      <Row>
         <Value ColumnRef="code">
            <SimpleValue>047</SimpleValue>
         </Value>
         <Value ColumnRef="wert">
            <SimpleValue>Erbfolge (Erbschein vom [Datum]; [Az. Erbschein]) // new in IT4</SimpleValue>
         </Value>
      </Row>
      <Row>
         <Value ColumnRef="code">
            <SimpleValue>048</SimpleValue>
         </Value>
         <Value ColumnRef="wert">
            <SimpleValue>Erbfolge (Erbvertrag vom [Datum]; [UR-Nr. Erbvertrag]) // new in IT4</SimpleValue>
         </Value>
      </Row>
      <Row>
         <Value ColumnRef="code">
            <SimpleValue>049</SimpleValue>
         </Value>
         <Value ColumnRef="wert">
            <SimpleValue>Erbfolge (Hoffolgezeugnis vom [Datum]; [Az. Hoffolgezeugnis]) // new in IT4</SimpleValue>
         </Value>
      </Row>
      <Row>
         <Value ColumnRef="code">
            <SimpleValue>050</SimpleValue>
         </Value>
         <Value ColumnRef="wert">
            <SimpleValue>Erbfolge (Testament vom [Datum]; [Az. Testament]) // new in IT4</SimpleValue>
         </Value>
      </Row>
      <Row>
         <Value ColumnRef="code">
            <SimpleValue>051</SimpleValue>
         </Value>
         <Value ColumnRef="wert">
            <SimpleValue>Ersuchen vom [Datum], [Name Flurbereinigungsbehörde] // new in IT4</SimpleValue>
         </Value>
      </Row>
      <Row>
         <Value ColumnRef="code">
            <SimpleValue>052</SimpleValue>
         </Value>
         <Value ColumnRef="wert">
            <SimpleValue>Europäisches Nachlasszeugnis // new in IT4 (was moved to CT Eintragungsgrundlagentyp but must be contained in Erwerbsgrundart too)</SimpleValue>
         </Value>
      </Row>
      <Row>
         <Value ColumnRef="code">
            <SimpleValue>053</SimpleValue>
         </Value>
         <Value ColumnRef="wert">
            <SimpleValue>Flurbereinigungsverfahren [Name Flurbereinigungsverfahren] // new in IT4</SimpleValue>
         </Value>
      </Row>
      <Row>
         <Value ColumnRef="code">
            <SimpleValue>054</SimpleValue>
         </Value>
         <Value ColumnRef="wert">
            <SimpleValue>Flurbereinigungsverfahren [Name Flurbereinigungsverfahren], Ersuchen vom [Datum], [Name Flurbereinigungsbehörde] // new in IT4</SimpleValue>
         </Value>
      </Row>
      <Row>
         <Value ColumnRef="code">
            <SimpleValue>055</SimpleValue>
         </Value>
         <Value ColumnRef="wert">
            <SimpleValue>Freiwilliger Landtausch [Name Flurbereinigungsverfahren], Ersuchen vom [Datum], [Name Flurbereinigungsbehörde] // new in IT4</SimpleValue>
         </Value>
      </Row>
      <Row>
         <Value ColumnRef="code">
            <SimpleValue>056</SimpleValue>
         </Value>
         <Value ColumnRef="wert">
            <SimpleValue>Im Grundbuchanlegungsverfahren // new in IT4</SimpleValue>
         </Value>
      </Row>
      <Row>
         <Value ColumnRef="code">
            <SimpleValue>057</SimpleValue>
         </Value>
         <Value ColumnRef="wert">
            <SimpleValue>Umlegungsverfahren [Name Umlegungsverfahren], Ersuchen vom [Datum], [Name Umlegungsbehörde] // new in IT4</SimpleValue>
         </Value>
      </Row>
      <Row>
         <Value ColumnRef="code">
            <SimpleValue>058</SimpleValue>
         </Value>
         <Value ColumnRef="wert">
            <SimpleValue>Vereinfachtes Umlegungsverfahren [Name vereinfachtes Umlegungsverfahren], Ersuchen vom [Datum], [Name Umlegungsbehörde] // new in IT4</SimpleValue>
         </Value>
      </Row>
   </SimpleCodeList>
</gc:CodeList>
