<?xml version="1.0" encoding="UTF-8"?>
<gc:CodeList xmlns:gc="http://docs.oasis-open.org/codelist/ns/genericode/1.0/"
             xmlns:xsi="http://www.w3.org/2001/XMLSchema-instance"
             xmlns:xoev-cl-3="http://xoev.de/schemata/genericode/3">
   <Annotation>
      <Description>
         <xoev-cl-3:nameKurz>FAM.Gegenstandsbezeichnung</xoev-cl-3:nameKurz>
         <xoev-cl-3:beschreibung-codeliste>Codeliste der verschiedenen Gegenstandsbezeichnungen</xoev-cl-3:beschreibung-codeliste>
         <xoev-cl-3:herausgebernameKurz>AG IT-Standards</xoev-cl-3:herausgebernameKurz>
         <xoev-cl-3:datumGueltigkeitAb>2023-10-31</xoev-cl-3:datumGueltigkeitAb>
         <xoev-cl-3:versionCodelistenHandbuch>1.1</xoev-cl-3:versionCodelistenHandbuch>
      </Description>
   </Annotation>
   <Identification>
      <ShortName>fam.gegenstandsbezeichnung</ShortName>
      <LongName>FAM.Gegenstandsbezeichnung</LongName>
      <Version>2.0</Version>
      <CanonicalUri>urn:xoev-de:xjustiz:codeliste:fam.gegenstandsbezeichnung</CanonicalUri>
      <CanonicalVersionUri>urn:xoev-de:xjustiz:codeliste:fam.gegenstandsbezeichnung_2.0</CanonicalVersionUri>
      <Agency>
         <LongName>BLK-AG IT-Standards in der Justiz</LongName>
      </Agency>
   </Identification>
   <ColumnSet>
      <Column Id="code" Use="required">
         <ShortName>code</ShortName>
         <LongName>Schlüssel</LongName>
         <Data Type="string"/>
      </Column>
      <Column Id="wert" Use="required">
         <ShortName>wert</ShortName>
         <LongName>Wert</LongName>
         <Data Type="string"/>
      </Column>
      <Key Id="codeKey">
         <Annotation>
            <AppInfo>
               <xoev-cl-3:empfohleneCodeSpalte/>
            </AppInfo>
         </Annotation>
         <ShortName>codeKey</ShortName>
         <ColumnRef Ref="code"/>
      </Key>
   </ColumnSet>
   <SimpleCodeList>
      <Row>
         <Value ColumnRef="code">
            <SimpleValue>001</SimpleValue>
         </Value>
         <Value ColumnRef="wert">
            <SimpleValue>Abänderung des Versorgungsausgleichs (§ 10a VAHRG)</SimpleValue>
         </Value>
      </Row>
      <Row>
         <Value ColumnRef="code">
            <SimpleValue>002</SimpleValue>
         </Value>
         <Value ColumnRef="wert">
            <SimpleValue>Allgemeines Register (AR)</SimpleValue>
         </Value>
      </Row>
      <Row>
         <Value ColumnRef="code">
            <SimpleValue>003</SimpleValue>
         </Value>
         <Value ColumnRef="wert">
            <SimpleValue>Allgemeines Register; Zuständigkeit der Geschäftsstelle (AR)</SimpleValue>
         </Value>
      </Row>
      <Row>
         <Value ColumnRef="code">
            <SimpleValue>004</SimpleValue>
         </Value>
         <Value ColumnRef="wert">
            <SimpleValue>Allgemeines Register; Zuständigkeit des Rechtspfl. (AR)</SimpleValue>
         </Value>
      </Row>
      <Row>
         <Value ColumnRef="code">
            <SimpleValue>005</SimpleValue>
         </Value>
         <Value ColumnRef="wert">
            <SimpleValue>Allgemeines Register; Zuständigkeit des Richters (AR)</SimpleValue>
         </Value>
      </Row>
      <Row>
         <Value ColumnRef="code">
            <SimpleValue>006</SimpleValue>
         </Value>
         <Value ColumnRef="wert">
            <SimpleValue>Altbestanderfasstes Verfahren</SimpleValue>
         </Value>
      </Row>
      <Row>
         <Value ColumnRef="code">
            <SimpleValue>007</SimpleValue>
         </Value>
         <Value ColumnRef="wert">
            <SimpleValue>Änderung gerichtlicher Anordnungen (§ 1696 BGB); Erstentsch. durch Rechtspfleger</SimpleValue>
         </Value>
      </Row>
      <Row>
         <Value ColumnRef="code">
            <SimpleValue>008</SimpleValue>
         </Value>
         <Value ColumnRef="wert">
            <SimpleValue>Änderung gerichtlicher Anordnungen (§ 1696 BGB); Erstentsch. durch Richter</SimpleValue>
         </Value>
      </Row>
      <Row>
         <Value ColumnRef="code">
            <SimpleValue>009</SimpleValue>
         </Value>
         <Value ColumnRef="wert">
            <SimpleValue>Anfechtung Vaterschaftsanerkennung bzw. Ehelichkeit (§ 640 Abs. 2 Nr. 2 ZPO)</SimpleValue>
         </Value>
      </Row>
      <Row>
         <Value ColumnRef="code">
            <SimpleValue>010</SimpleValue>
         </Value>
         <Value ColumnRef="wert">
            <SimpleValue>Anordnung des Verbleibens bei dem Stiefelternteil (§ 1682 BGB)</SimpleValue>
         </Value>
      </Row>
      <Row>
         <Value ColumnRef="code">
            <SimpleValue>011</SimpleValue>
         </Value>
         <Value ColumnRef="wert">
            <SimpleValue>Anordnung des Verbleibens des Kindes bei der Pflegeperson (§ 1632 Abs. 4 BGB)</SimpleValue>
         </Value>
      </Row>
      <Row>
         <Value ColumnRef="code">
            <SimpleValue>012</SimpleValue>
         </Value>
         <Value ColumnRef="wert">
            <SimpleValue>Anordnung Vermögensverzeichnis / Geldanlage / Sicherheitsleistung (§ 1667 BGB)</SimpleValue>
         </Value>
      </Row>
      <Row>
         <Value ColumnRef="code">
            <SimpleValue>013</SimpleValue>
         </Value>
         <Value ColumnRef="wert">
            <SimpleValue>Ansprüche aus dem ehelichen Güterrecht (§§ 1378 ff BGB)</SimpleValue>
         </Value>
      </Row>
      <Row>
         <Value ColumnRef="code">
            <SimpleValue>014</SimpleValue>
         </Value>
         <Value ColumnRef="wert">
            <SimpleValue>Anträge auf Einstellung der Zwangsvollstreckung außerhalb einer anhängigen Sache</SimpleValue>
         </Value>
      </Row>
      <Row>
         <Value ColumnRef="code">
            <SimpleValue>015</SimpleValue>
         </Value>
         <Value ColumnRef="wert">
            <SimpleValue>Arrest zu Ansprüchen aus dem ehelichen Güterrecht</SimpleValue>
         </Value>
      </Row>
      <Row>
         <Value ColumnRef="code">
            <SimpleValue>016</SimpleValue>
         </Value>
         <Value ColumnRef="wert">
            <SimpleValue>Arrest zum durch Ehe begründeten Unterhalt</SimpleValue>
         </Value>
      </Row>
      <Row>
         <Value ColumnRef="code">
            <SimpleValue>017</SimpleValue>
         </Value>
         <Value ColumnRef="wert">
            <SimpleValue>Arrest zum durch Verwandtschaft begründeten Unterhalt</SimpleValue>
         </Value>
      </Row>
      <Row>
         <Value ColumnRef="code">
            <SimpleValue>018</SimpleValue>
         </Value>
         <Value ColumnRef="wert">
            <SimpleValue>Arrest zum Ehegatten- und Kindesunterhalt in einem Verfahren</SimpleValue>
         </Value>
      </Row>
      <Row>
         <Value ColumnRef="code">
            <SimpleValue>019</SimpleValue>
         </Value>
         <Value ColumnRef="wert">
            <SimpleValue>Aufhebung einer Ehe (§ 1313 BGB)</SimpleValue>
         </Value>
      </Row>
      <Row>
         <Value ColumnRef="code">
            <SimpleValue>020</SimpleValue>
         </Value>
         <Value ColumnRef="wert">
            <SimpleValue>Auswahl von Vormund oder Pfleger (§ 1697 BGB)</SimpleValue>
         </Value>
      </Row>
      <Row>
         <Value ColumnRef="code">
            <SimpleValue>021</SimpleValue>
         </Value>
         <Value ColumnRef="wert">
            <SimpleValue>Befreiung vom Eheverbot bei durch Adoption begr. Verwandtschaft (§ 1308 Abs. 2 BGB)</SimpleValue>
         </Value>
      </Row>
      <Row>
         <Value ColumnRef="code">
            <SimpleValue>022</SimpleValue>
         </Value>
         <Value ColumnRef="wert">
            <SimpleValue>Befreiung vom Erfordernis der Volljährigk. bei der Eheschließung (§ 1303 Abs. 2 BGB)</SimpleValue>
         </Value>
      </Row>
      <Row>
         <Value ColumnRef="code">
            <SimpleValue>023</SimpleValue>
         </Value>
         <Value ColumnRef="wert">
            <SimpleValue>Durch Ehe begründete gesetzliche Unterhaltspflicht (§ 1361 BGB und §§ 1569 ff BGB)</SimpleValue>
         </Value>
      </Row>
      <Row>
         <Value ColumnRef="code">
            <SimpleValue>024</SimpleValue>
         </Value>
         <Value ColumnRef="wert">
            <SimpleValue>Durch Verwandtschaft begründete gesetzliche Unterhaltspflicht (§ 1601 BGB)</SimpleValue>
         </Value>
      </Row>
      <Row>
         <Value ColumnRef="code">
            <SimpleValue>025</SimpleValue>
         </Value>
         <Value ColumnRef="wert">
            <SimpleValue>Ehegatten- und Kindesunterhalt in einer Klage</SimpleValue>
         </Value>
      </Row>
      <Row>
         <Value ColumnRef="code">
            <SimpleValue>026</SimpleValue>
         </Value>
         <Value ColumnRef="wert">
            <SimpleValue>Eingreifen des Familiengerichts bei Verhinderung der Eltern (§ 1693 BGB)</SimpleValue>
         </Value>
      </Row>
      <Row>
         <Value ColumnRef="code">
            <SimpleValue>027</SimpleValue>
         </Value>
         <Value ColumnRef="wert">
            <SimpleValue>Einschr. der Befugnis, in Angel. d. tägl. Lebens allein zu entscheiden (§§ 1687 f BGB)</SimpleValue>
         </Value>
      </Row>
      <Row>
         <Value ColumnRef="code">
            <SimpleValue>028</SimpleValue>
         </Value>
         <Value ColumnRef="wert">
            <SimpleValue>Einschränkung und Ausschluss der Vertretungsbefugnisse von Pflegeeltern (§ 1688 BGB)</SimpleValue>
         </Value>
      </Row>
      <Row>
         <Value ColumnRef="code">
            <SimpleValue>029</SimpleValue>
         </Value>
         <Value ColumnRef="wert">
            <SimpleValue>Einstw. Anordnung zum durch Verwandtschaft begründeten Unterhalt (isoliertes Verf.)</SimpleValue>
         </Value>
      </Row>
      <Row>
         <Value ColumnRef="code">
            <SimpleValue>030</SimpleValue>
         </Value>
         <Value ColumnRef="wert">
            <SimpleValue>Einstw. Anordnung zum Ehegatten- und Kindesunt. in einem Verfahren (isoliertes Verf.)</SimpleValue>
         </Value>
      </Row>
      <Row>
         <Value ColumnRef="code">
            <SimpleValue>031</SimpleValue>
         </Value>
         <Value ColumnRef="wert">
            <SimpleValue>Einstw. Anordnung zum Ehegatten- und Kindesunt. in einem Verfahren (Unterakte)</SimpleValue>
         </Value>
      </Row>
      <Row>
         <Value ColumnRef="code">
            <SimpleValue>032</SimpleValue>
         </Value>
         <Value ColumnRef="wert">
            <SimpleValue>Einstweilige (vorläufige) Anordnung zum Umgang mit einem Kind (isoliertes Verfahren)</SimpleValue>
         </Value>
      </Row>
      <Row>
         <Value ColumnRef="code">
            <SimpleValue>033</SimpleValue>
         </Value>
         <Value ColumnRef="wert">
            <SimpleValue>Einstweilige (vorläufige) Anordnung zum Umgang mit einem Kind (Unterakte)</SimpleValue>
         </Value>
      </Row>
      <Row>
         <Value ColumnRef="code">
            <SimpleValue>034</SimpleValue>
         </Value>
         <Value ColumnRef="wert">
            <SimpleValue>Einstweilige (vorläufige) Anordnung zur Herausgabe des Kindes (isoliertes Verfahren)</SimpleValue>
         </Value>
      </Row>
      <Row>
         <Value ColumnRef="code">
            <SimpleValue>035</SimpleValue>
         </Value>
         <Value ColumnRef="wert">
            <SimpleValue>Einstweilige (vorläufige) Anordnung zur Herausgabe des Kindes (Unterakte)</SimpleValue>
         </Value>
      </Row>
      <Row>
         <Value ColumnRef="code">
            <SimpleValue>036</SimpleValue>
         </Value>
         <Value ColumnRef="wert">
            <SimpleValue>Einstweilige (vorläufige) Anordnung zur Sorge für ein Kind (isoliertes Verfahren)</SimpleValue>
         </Value>
      </Row>
      <Row>
         <Value ColumnRef="code">
            <SimpleValue>037</SimpleValue>
         </Value>
         <Value ColumnRef="wert">
            <SimpleValue>Einstweilige (vorläufige) Anordnung zur Sorge für ein Kind (Unterakte)</SimpleValue>
         </Value>
      </Row>
      <Row>
         <Value ColumnRef="code">
            <SimpleValue>038</SimpleValue>
         </Value>
         <Value ColumnRef="wert">
            <SimpleValue>Einstweilige Anordnung auf Unterhalt gem. § 641d (isoliertes Verfahren)</SimpleValue>
         </Value>
      </Row>
      <Row>
         <Value ColumnRef="code">
            <SimpleValue>039</SimpleValue>
         </Value>
         <Value ColumnRef="wert">
            <SimpleValue>Einstweilige Anordnung auf Unterhalt gem. § 641d (Unterakte)</SimpleValue>
         </Value>
      </Row>
      <Row>
         <Value ColumnRef="code">
            <SimpleValue>040</SimpleValue>
         </Value>
         <Value ColumnRef="wert">
            <SimpleValue>Einstweilige Anordnung nach § 1 GewSchG -Nachstellung- (isoliertes Verfahren)</SimpleValue>
         </Value>
      </Row>
      <Row>
         <Value ColumnRef="code">
            <SimpleValue>041</SimpleValue>
         </Value>
         <Value ColumnRef="wert">
            <SimpleValue>Einstweilige Anordnung nach § 1 GewSchG -Nachstellung- (Unterakte)</SimpleValue>
         </Value>
      </Row>
      <Row>
         <Value ColumnRef="code">
            <SimpleValue>042</SimpleValue>
         </Value>
         <Value ColumnRef="wert">
            <SimpleValue>Einstweilige Anordnung nach § 2 GewSchG -Wohnungsüberlassung- (isoliertes Verfahren)</SimpleValue>
         </Value>
      </Row>
      <Row>
         <Value ColumnRef="code">
            <SimpleValue>043</SimpleValue>
         </Value>
         <Value ColumnRef="wert">
            <SimpleValue>Einstweilige Anordnung nach § 2 GewSchG -Wohnungsüberlassung- (Unterakte)</SimpleValue>
         </Value>
      </Row>
      <Row>
         <Value ColumnRef="code">
            <SimpleValue>044</SimpleValue>
         </Value>
         <Value ColumnRef="wert">
            <SimpleValue>Einstweilige Anordnung nach dem Gewaltschutzgesetz (isoliertes Verfahren)</SimpleValue>
         </Value>
      </Row>
      <Row>
         <Value ColumnRef="code">
            <SimpleValue>045</SimpleValue>
         </Value>
         <Value ColumnRef="wert">
            <SimpleValue>Einstweilige Anordnung nach dem Gewaltschutzgesetz (Unterakte)</SimpleValue>
         </Value>
      </Row>
      <Row>
         <Value ColumnRef="code">
            <SimpleValue>046</SimpleValue>
         </Value>
         <Value ColumnRef="wert">
            <SimpleValue>Einstweilige Anordnung zum durch Ehe begründeten Unterhalt (isoliertes Verfahren)</SimpleValue>
         </Value>
      </Row>
      <Row>
         <Value ColumnRef="code">
            <SimpleValue>047</SimpleValue>
         </Value>
         <Value ColumnRef="wert">
            <SimpleValue>Einstweilige Anordnung zum durch Ehe begründeten Unterhalt (Unterakte)</SimpleValue>
         </Value>
      </Row>
      <Row>
         <Value ColumnRef="code">
            <SimpleValue>048</SimpleValue>
         </Value>
         <Value ColumnRef="wert">
            <SimpleValue>Einstweilige Anordnung zum durch Verwandtschaft begründeten Unterhalt (Unterakte)</SimpleValue>
         </Value>
      </Row>
      <Row>
         <Value ColumnRef="code">
            <SimpleValue>049</SimpleValue>
         </Value>
         <Value ColumnRef="wert">
            <SimpleValue>Einstweilige Anordnung zum Getrenntleben der Ehegatten (isoliertes Verfahren)</SimpleValue>
         </Value>
      </Row>
      <Row>
         <Value ColumnRef="code">
            <SimpleValue>050</SimpleValue>
         </Value>
         <Value ColumnRef="wert">
            <SimpleValue>Einstweilige Anordnung zum Getrenntleben der Ehegatten (Unterakte)</SimpleValue>
         </Value>
      </Row>
      <Row>
         <Value ColumnRef="code">
            <SimpleValue>051</SimpleValue>
         </Value>
         <Value ColumnRef="wert">
            <SimpleValue>Einstweilige Anordnung zur Benutzung von Wohnung und Hausrat (isoliertes Verfahren)</SimpleValue>
         </Value>
      </Row>
      <Row>
         <Value ColumnRef="code">
            <SimpleValue>052</SimpleValue>
         </Value>
         <Value ColumnRef="wert">
            <SimpleValue>Einstweilige Anordnung zur Benutzung von Wohnung und Hausrat (Unterakte)</SimpleValue>
         </Value>
      </Row>
      <Row>
         <Value ColumnRef="code">
            <SimpleValue>053</SimpleValue>
         </Value>
         <Value ColumnRef="wert">
            <SimpleValue>Einstweilige Anordnung zur Herausgabe persönlicher Sachen (isoliertes Verfahren)</SimpleValue>
         </Value>
      </Row>
      <Row>
         <Value ColumnRef="code">
            <SimpleValue>054</SimpleValue>
         </Value>
         <Value ColumnRef="wert">
            <SimpleValue>Einstweilige Anordnung zur Herausgabe persönlicher Sachen (Unterakte)</SimpleValue>
         </Value>
      </Row>
      <Row>
         <Value ColumnRef="code">
            <SimpleValue>055</SimpleValue>
         </Value>
         <Value ColumnRef="wert">
            <SimpleValue>Einstweilige Anordnung zur Leistung eines Prozesskostenvorschusses (isoliertes Verf.)</SimpleValue>
         </Value>
      </Row>
      <Row>
         <Value ColumnRef="code">
            <SimpleValue>056</SimpleValue>
         </Value>
         <Value ColumnRef="wert">
            <SimpleValue>Einstweilige Anordnung zur Leistung eines Prozesskostenvorschusses (Unterakte)</SimpleValue>
         </Value>
      </Row>
      <Row>
         <Value ColumnRef="code">
            <SimpleValue>057</SimpleValue>
         </Value>
         <Value ColumnRef="wert">
            <SimpleValue>Einstweilige Verfügung auf Unterhalt gemäß § 1615o BGB.</SimpleValue>
         </Value>
      </Row>
      <Row>
         <Value ColumnRef="code">
            <SimpleValue>058</SimpleValue>
         </Value>
         <Value ColumnRef="wert">
            <SimpleValue>Einstweilige Verfügung zum durch Verwandtschaft begründeten Unterhalt</SimpleValue>
         </Value>
      </Row>
      <Row>
         <Value ColumnRef="code">
            <SimpleValue>059</SimpleValue>
         </Value>
         <Value ColumnRef="wert">
            <SimpleValue>Einstweilige Verfügung zum Ehegatten- und Kindesunterhalt in einem Verfahren</SimpleValue>
         </Value>
      </Row>
      <Row>
         <Value ColumnRef="code">
            <SimpleValue>060</SimpleValue>
         </Value>
         <Value ColumnRef="wert">
            <SimpleValue>Einstweilige Verfügung zum Ehegattenunterhalt</SimpleValue>
         </Value>
      </Row>
      <Row>
         <Value ColumnRef="code">
            <SimpleValue>061</SimpleValue>
         </Value>
         <Value ColumnRef="wert">
            <SimpleValue>Einstweilige Verfügung zum ehelichen Güterrecht</SimpleValue>
         </Value>
      </Row>
      <Row>
         <Value ColumnRef="code">
            <SimpleValue>062</SimpleValue>
         </Value>
         <Value ColumnRef="wert">
            <SimpleValue>Entzug Vertretungsmacht eines Elternteils (§ 1629 Abs. 2 S. 3 BGB) - RE -</SimpleValue>
         </Value>
      </Row>
      <Row>
         <Value ColumnRef="code">
            <SimpleValue>063</SimpleValue>
         </Value>
         <Value ColumnRef="wert">
            <SimpleValue>Entzug Vertretungsmacht eines Elternteils (§ 1629 Abs. 2 S. 3 BGB) - RI -</SimpleValue>
         </Value>
      </Row>
      <Row>
         <Value ColumnRef="code">
            <SimpleValue>064</SimpleValue>
         </Value>
         <Value ColumnRef="wert">
            <SimpleValue>Ermächtigung zur Zustellung zur Nachtzeit</SimpleValue>
         </Value>
      </Row>
      <Row>
         <Value ColumnRef="code">
            <SimpleValue>065</SimpleValue>
         </Value>
         <Value ColumnRef="wert">
            <SimpleValue>Ersetzung der Einwilligung in die Namensänderung (§ 1618 S. 4 BGB)</SimpleValue>
         </Value>
      </Row>
      <Row>
         <Value ColumnRef="code">
            <SimpleValue>066</SimpleValue>
         </Value>
         <Value ColumnRef="wert">
            <SimpleValue>Ersetzung der elterlichen Unterhaltsbestimmung (§ 1612 Abs. 2 Satz 2 BGB)</SimpleValue>
         </Value>
      </Row>
      <Row>
         <Value ColumnRef="code">
            <SimpleValue>067</SimpleValue>
         </Value>
         <Value ColumnRef="wert">
            <SimpleValue>Ersetzung der Zustimmung des ges. Vertreters zur Sorgeerklärung (§ 1626c Abs. 2 BGB)</SimpleValue>
         </Value>
      </Row>
      <Row>
         <Value ColumnRef="code">
            <SimpleValue>068</SimpleValue>
         </Value>
         <Value ColumnRef="wert">
            <SimpleValue>Festsetzung des Betrages zur Begründung von Anwartschaftes (§§ 1587o BGB, 53e FGG)</SimpleValue>
         </Value>
      </Row>
      <Row>
         <Value ColumnRef="code">
            <SimpleValue>069</SimpleValue>
         </Value>
         <Value ColumnRef="wert">
            <SimpleValue>Feststellung Bestehen o. Nichtbestehen elt. Sorge (§ 640 Abs. 2 Nr. 3 ZPO)</SimpleValue>
         </Value>
      </Row>
      <Row>
         <Value ColumnRef="code">
            <SimpleValue>070</SimpleValue>
         </Value>
         <Value ColumnRef="wert">
            <SimpleValue>Feststellung des Bestehens einer Ehe</SimpleValue>
         </Value>
      </Row>
      <Row>
         <Value ColumnRef="code">
            <SimpleValue>071</SimpleValue>
         </Value>
         <Value ColumnRef="wert">
            <SimpleValue>Feststellung des Nichtbestehens einer Ehe</SimpleValue>
         </Value>
      </Row>
      <Row>
         <Value ColumnRef="code">
            <SimpleValue>072</SimpleValue>
         </Value>
         <Value ColumnRef="wert">
            <SimpleValue>Feststellung des Rechts zum Getrenntleben</SimpleValue>
         </Value>
      </Row>
      <Row>
         <Value ColumnRef="code">
            <SimpleValue>073</SimpleValue>
         </Value>
         <Value ColumnRef="wert">
            <SimpleValue>Feststellung o. Anfechtung Vaterschaft nach Tod (§ 1600e Abs. 2 BGB)</SimpleValue>
         </Value>
      </Row>
      <Row>
         <Value ColumnRef="code">
            <SimpleValue>074</SimpleValue>
         </Value>
         <Value ColumnRef="wert">
            <SimpleValue>Feststellung oder Anfechtung der Vaterschaft (§ 1600e Abs. 1 BGB)</SimpleValue>
         </Value>
      </Row>
      <Row>
         <Value ColumnRef="code">
            <SimpleValue>075</SimpleValue>
         </Value>
         <Value ColumnRef="wert">
            <SimpleValue>Feststellung Ruhen / Wiederaufleben elt. Sorge -ausl. Kind- (§ 1674 BGB)</SimpleValue>
         </Value>
      </Row>
      <Row>
         <Value ColumnRef="code">
            <SimpleValue>076</SimpleValue>
         </Value>
         <Value ColumnRef="wert">
            <SimpleValue>Feststellung Ruhen / Wiederaufleben elt. Sorge -dt. Kind- (§ 1674 BGB)</SimpleValue>
         </Value>
      </Row>
      <Row>
         <Value ColumnRef="code">
            <SimpleValue>077</SimpleValue>
         </Value>
         <Value ColumnRef="wert">
            <SimpleValue>Feststellung Vaterschaft o. Wirksamkeit Anerkennung (§ 640 Abs. 2 Nr. 1 ZPO)</SimpleValue>
         </Value>
      </Row>
      <Row>
         <Value ColumnRef="code">
            <SimpleValue>078</SimpleValue>
         </Value>
         <Value ColumnRef="wert">
            <SimpleValue>Genehmigung der Unterbringung eines Kindes (§ 1631b BGB)</SimpleValue>
         </Value>
      </Row>
      <Row>
         <Value ColumnRef="code">
            <SimpleValue>079</SimpleValue>
         </Value>
         <Value ColumnRef="wert">
            <SimpleValue>Genehmigung einer ohne Befreiung vorgenommenen Eheschließung (§ 1315 Abs. 1 BGB)</SimpleValue>
         </Value>
      </Row>
      <Row>
         <Value ColumnRef="code">
            <SimpleValue>080</SimpleValue>
         </Value>
         <Value ColumnRef="wert">
            <SimpleValue>Genehmigung von Rechtsgeschäften (§§ 1643, 1644, 1645 BGB)</SimpleValue>
         </Value>
      </Row>
      <Row>
         <Value ColumnRef="code">
            <SimpleValue>081</SimpleValue>
         </Value>
         <Value ColumnRef="wert">
            <SimpleValue>Herausgabe eines Kindes (§ 1632 Abs. 1 BGB)</SimpleValue>
         </Value>
      </Row>
      <Row>
         <Value ColumnRef="code">
            <SimpleValue>082</SimpleValue>
         </Value>
         <Value ColumnRef="wert">
            <SimpleValue>Herstellung des ehelichen Lebens (§ 1353 BGB)</SimpleValue>
         </Value>
      </Row>
      <Row>
         <Value ColumnRef="code">
            <SimpleValue>083</SimpleValue>
         </Value>
         <Value ColumnRef="wert">
            <SimpleValue>Isol. Antrag auf Stundung der Ausgleichford. und Übertr. von Vermögen (§§ 1382 f BGB)</SimpleValue>
         </Value>
      </Row>
      <Row>
         <Value ColumnRef="code">
            <SimpleValue>084</SimpleValue>
         </Value>
         <Value ColumnRef="wert">
            <SimpleValue>Kindesunterhalt u. zwischen Eltern, die nicht miteinander verheir. sind.</SimpleValue>
         </Value>
      </Row>
      <Row>
         <Value ColumnRef="code">
            <SimpleValue>085</SimpleValue>
         </Value>
         <Value ColumnRef="wert">
            <SimpleValue>Maßnahmen bei Gefährdung des Kindeswohls (§ 1666 BGB) im übrigen</SimpleValue>
         </Value>
      </Row>
      <Row>
         <Value ColumnRef="code">
            <SimpleValue>086</SimpleValue>
         </Value>
         <Value ColumnRef="wert">
            <SimpleValue>Maßnahmen bei Gefährdung des Kindeswohls (§ 1666 BGB) nur Vermögenssorge</SimpleValue>
         </Value>
      </Row>
      <Row>
         <Value ColumnRef="code">
            <SimpleValue>087</SimpleValue>
         </Value>
         <Value ColumnRef="wert">
            <SimpleValue>Maßnahmen nach § 1 des Gewaltschutzgesetzes (Nachstellung)</SimpleValue>
         </Value>
      </Row>
      <Row>
         <Value ColumnRef="code">
            <SimpleValue>088</SimpleValue>
         </Value>
         <Value ColumnRef="wert">
            <SimpleValue>Maßnahmen nach § 2 des Gewaltschutzgesetzes (Wohnungsüberlassung)</SimpleValue>
         </Value>
      </Row>
      <Row>
         <Value ColumnRef="code">
            <SimpleValue>089</SimpleValue>
         </Value>
         <Value ColumnRef="wert">
            <SimpleValue>Maßnahmen nach den §§ 1 und 2 des Gewaltschutzgesetzes</SimpleValue>
         </Value>
      </Row>
      <Row>
         <Value ColumnRef="code">
            <SimpleValue>090</SimpleValue>
         </Value>
         <Value ColumnRef="wert">
            <SimpleValue>Prozesskostenhilfe für Ag./Bekl.; Zuständigkeit des Rechtspflegers</SimpleValue>
         </Value>
      </Row>
      <Row>
         <Value ColumnRef="code">
            <SimpleValue>091</SimpleValue>
         </Value>
         <Value ColumnRef="wert">
            <SimpleValue>Prozesskostenhilfe für Ag./Bekl.; Zuständigkeit des Richters</SimpleValue>
         </Value>
      </Row>
      <Row>
         <Value ColumnRef="code">
            <SimpleValue>092</SimpleValue>
         </Value>
         <Value ColumnRef="wert">
            <SimpleValue>Prozesskostenhilfe für Ast./Kl.; Zuständigkeit des Rechtspflegers</SimpleValue>
         </Value>
      </Row>
      <Row>
         <Value ColumnRef="code">
            <SimpleValue>093</SimpleValue>
         </Value>
         <Value ColumnRef="wert">
            <SimpleValue>Prozesskostenhilfe für Ast./Kl.; Zuständigkeit des Richters</SimpleValue>
         </Value>
      </Row>
      <Row>
         <Value ColumnRef="code">
            <SimpleValue>094</SimpleValue>
         </Value>
         <Value ColumnRef="wert">
            <SimpleValue>Prozesskostenhilfe für Dritten; Zuständigkeit des Richters</SimpleValue>
         </Value>
      </Row>
      <Row>
         <Value ColumnRef="code">
            <SimpleValue>095</SimpleValue>
         </Value>
         <Value ColumnRef="wert">
            <SimpleValue>Prozesskostenhilfe; Zuständigkeit des Rechtspflegers</SimpleValue>
         </Value>
      </Row>
      <Row>
         <Value ColumnRef="code">
            <SimpleValue>096</SimpleValue>
         </Value>
         <Value ColumnRef="wert">
            <SimpleValue>Regelung der elterlichen Sorge für ein Kind (§ 1671 BGB)</SimpleValue>
         </Value>
      </Row>
      <Row>
         <Value ColumnRef="code">
            <SimpleValue>097</SimpleValue>
         </Value>
         <Value ColumnRef="wert">
            <SimpleValue>Regelung der Rechtsverh. an Ehewohnung und Hausrat (HausratsVO und §§ 1361a, 1361b BGB)</SimpleValue>
         </Value>
      </Row>
      <Row>
         <Value ColumnRef="code">
            <SimpleValue>098</SimpleValue>
         </Value>
         <Value ColumnRef="wert">
            <SimpleValue>Regelung des Umgangs mit einem Kind (§ 1684 BGB)</SimpleValue>
         </Value>
      </Row>
      <Row>
         <Value ColumnRef="code">
            <SimpleValue>099</SimpleValue>
         </Value>
         <Value ColumnRef="wert">
            <SimpleValue>Regelung des Versorgungsausgleichs (§§ 1587 ff BGB)</SimpleValue>
         </Value>
      </Row>
      <Row>
         <Value ColumnRef="code">
            <SimpleValue>100</SimpleValue>
         </Value>
         <Value ColumnRef="wert">
            <SimpleValue>Rückübertr. auf den für tot erklärten, aber noch lebenden Elternt. (§ 1681 Abs. 2 BGB)</SimpleValue>
         </Value>
      </Row>
      <Row>
         <Value ColumnRef="code">
            <SimpleValue>101</SimpleValue>
         </Value>
         <Value ColumnRef="wert">
            <SimpleValue>Ruhen der Verpflichtung zur Begründung von Anwartschaftes (§ 1587d BGB)</SimpleValue>
         </Value>
      </Row>
      <Row>
         <Value ColumnRef="code">
            <SimpleValue>102</SimpleValue>
         </Value>
         <Value ColumnRef="wert">
            <SimpleValue>Scheidung einer Ehe (§ 1565 BGB)</SimpleValue>
         </Value>
      </Row>
      <Row>
         <Value ColumnRef="code">
            <SimpleValue>103</SimpleValue>
         </Value>
         <Value ColumnRef="wert">
            <SimpleValue>Selbständiges Beweisverfahren</SimpleValue>
         </Value>
      </Row>
      <Row>
         <Value ColumnRef="code">
            <SimpleValue>104</SimpleValue>
         </Value>
         <Value ColumnRef="wert">
            <SimpleValue>Sonstige in die Zuständigkeit des Rechtspflegers fallende Familiensache</SimpleValue>
         </Value>
      </Row>
      <Row>
         <Value ColumnRef="code">
            <SimpleValue>105</SimpleValue>
         </Value>
         <Value ColumnRef="wert">
            <SimpleValue>Sonstige in die Zuständigkeit des Richters fallende Familiensache</SimpleValue>
         </Value>
      </Row>
      <Row>
         <Value ColumnRef="code">
            <SimpleValue>106</SimpleValue>
         </Value>
         <Value ColumnRef="wert">
            <SimpleValue>Sorgerecht zugunsten des nicht mit der Mutter verheirateten Vaters (§ 1672 BGB)</SimpleValue>
         </Value>
      </Row>
      <Row>
         <Value ColumnRef="code">
            <SimpleValue>107</SimpleValue>
         </Value>
         <Value ColumnRef="wert">
            <SimpleValue>Streit über Umgang des Kindes mit einem Dritten (§ 1632 Abs. 2 BGB)</SimpleValue>
         </Value>
      </Row>
      <Row>
         <Value ColumnRef="code">
            <SimpleValue>108</SimpleValue>
         </Value>
         <Value ColumnRef="wert">
            <SimpleValue>Streit zwischen Pfleger und Eltern (§ 1630 Abs. 2 BGB)</SimpleValue>
         </Value>
      </Row>
      <Row>
         <Value ColumnRef="code">
            <SimpleValue>109</SimpleValue>
         </Value>
         <Value ColumnRef="wert">
            <SimpleValue>Streitigkeiten über das Auskunftsrecht (§ 1686 BGB) - RE -</SimpleValue>
         </Value>
      </Row>
      <Row>
         <Value ColumnRef="code">
            <SimpleValue>110</SimpleValue>
         </Value>
         <Value ColumnRef="wert">
            <SimpleValue>Streitigkeiten über das Auskunftsrecht (§ 1686 BGB) - RI -</SimpleValue>
         </Value>
      </Row>
      <Row>
         <Value ColumnRef="code">
            <SimpleValue>111</SimpleValue>
         </Value>
         <Value ColumnRef="wert">
            <SimpleValue>Streitigkeiten über den verlängerten schuldrechtl. Versorgungsausgleich (§ 3a VAHRG)</SimpleValue>
         </Value>
      </Row>
      <Row>
         <Value ColumnRef="code">
            <SimpleValue>112</SimpleValue>
         </Value>
         <Value ColumnRef="wert">
            <SimpleValue>Übertr. auf einen Elternteil bei Ruhen der Sorge des anderen Elternteils (§ 1678 BGB)</SimpleValue>
         </Value>
      </Row>
      <Row>
         <Value ColumnRef="code">
            <SimpleValue>113</SimpleValue>
         </Value>
         <Value ColumnRef="wert">
            <SimpleValue>Übertr. des Entscheidungsrechts in einz. Angelegenh. bei gemeins. Sorge (§ 1628 BGB)</SimpleValue>
         </Value>
      </Row>
      <Row>
         <Value ColumnRef="code">
            <SimpleValue>114</SimpleValue>
         </Value>
         <Value ColumnRef="wert">
            <SimpleValue>Übertr. Namensbestimmungsrecht bei im Ausland geborenem Kind (§ 1617 Abs. 3 BGB)</SimpleValue>
         </Value>
      </Row>
      <Row>
         <Value ColumnRef="code">
            <SimpleValue>115</SimpleValue>
         </Value>
         <Value ColumnRef="wert">
            <SimpleValue>Übertr. Namensbestimmungsrecht bei im Inland geborenem Kind (§ 1617 Abs. 2 BGB)</SimpleValue>
         </Value>
      </Row>
      <Row>
         <Value ColumnRef="code">
            <SimpleValue>116</SimpleValue>
         </Value>
         <Value ColumnRef="wert">
            <SimpleValue>Übertragung auf den überlebenden Elternteil (§§ 1680 Abs. 2, 1681 BGB)</SimpleValue>
         </Value>
      </Row>
      <Row>
         <Value ColumnRef="code">
            <SimpleValue>117</SimpleValue>
         </Value>
         <Value ColumnRef="wert">
            <SimpleValue>Übertragung von Sorgeangelegenheiten auf die Pflegeperson (§ 1630 Abs. 3 BGB)</SimpleValue>
         </Value>
      </Row>
      <Row>
         <Value ColumnRef="code">
            <SimpleValue>118</SimpleValue>
         </Value>
         <Value ColumnRef="wert">
            <SimpleValue>Umgangsrecht mit Geschwistern, Großeltern, Stiefeltern, Pflegeeltern (§ 1685 BGB)</SimpleValue>
         </Value>
      </Row>
      <Row>
         <Value ColumnRef="code">
            <SimpleValue>119</SimpleValue>
         </Value>
         <Value ColumnRef="wert">
            <SimpleValue>Unterhalt zwischen den Eltern eines Kindes, die nicht miteinander verh. sind (§ 1615l BGB)</SimpleValue>
         </Value>
      </Row>
      <Row>
         <Value ColumnRef="code">
            <SimpleValue>120</SimpleValue>
         </Value>
         <Value ColumnRef="wert">
            <SimpleValue>Unterstützung der Eltern bei der Personensorge (§ 1631 Abs. 3 BGB)</SimpleValue>
         </Value>
      </Row>
      <Row>
         <Value ColumnRef="code">
            <SimpleValue>121</SimpleValue>
         </Value>
         <Value ColumnRef="wert">
            <SimpleValue>Vereinf. Anpassung von Titeln bei Änderung des Regelbetrages / Kindergeldes (§ 655 ZPO)</SimpleValue>
         </Value>
      </Row>
      <Row>
         <Value ColumnRef="code">
            <SimpleValue>122</SimpleValue>
         </Value>
         <Value ColumnRef="wert">
            <SimpleValue>Vereinfachte Umstellung bezifferter Titel auf Vomhundertsätze (Art. 5 § 3 KindUG)</SimpleValue>
         </Value>
      </Row>
      <Row>
         <Value ColumnRef="code">
            <SimpleValue>123</SimpleValue>
         </Value>
         <Value ColumnRef="wert">
            <SimpleValue>Vereinfachtes Unterhaltsverfahren (§ 645 ZPO)</SimpleValue>
         </Value>
      </Row>
      <Row>
         <Value ColumnRef="code">
            <SimpleValue>124</SimpleValue>
         </Value>
         <Value ColumnRef="wert">
            <SimpleValue>Verfahren nach dem Lebenspartnerschaftsgesetz</SimpleValue>
         </Value>
      </Row>
      <Row>
         <Value ColumnRef="code">
            <SimpleValue>125</SimpleValue>
         </Value>
         <Value ColumnRef="wert">
            <SimpleValue>Verlängerung der Unterbringung eines Kindes (§ 1631b BGB)</SimpleValue>
         </Value>
      </Row>
      <Row>
         <Value ColumnRef="code">
            <SimpleValue>126</SimpleValue>
         </Value>
         <Value ColumnRef="wert">
            <SimpleValue>Vermittlungsverfahren nach § 52a FGG</SimpleValue>
         </Value>
      </Row>
      <Row>
         <Value ColumnRef="code">
            <SimpleValue>127</SimpleValue>
         </Value>
         <Value ColumnRef="wert">
            <SimpleValue>Vermögensverzeichnis bei Vermögenserwerb durch das Kind (§ 1640 Abs. 1, 3 BGB)</SimpleValue>
         </Value>
      </Row>
      <Row>
         <Value ColumnRef="code">
            <SimpleValue>128</SimpleValue>
         </Value>
         <Value ColumnRef="wert">
            <SimpleValue>Vermögensverzeichnis bei Wiederheirat (§ 1683 BGB)</SimpleValue>
         </Value>
      </Row>
   </SimpleCodeList>
</gc:CodeList>
