<?xml version="1.0" encoding="UTF-8"?>
<gc:CodeList xmlns:gc="http://docs.oasis-open.org/codelist/ns/genericode/1.0/"
             xmlns:xoev-cl-4="http://xoev.de/schemata/genericode/4"
             xmlns:xsi="http://www.w3.org/2001/XMLSchema-instance">
   <Annotation>
      <Description>
         <xoev-cl-4:shortName>GDS.Sendungsprioritaet</xoev-cl-4:shortName>
         <xoev-cl-4:codelistDescription>Diese Codeliste ist für die Angaben zur Eilbedürftigkeit vorgesehen.</xoev-cl-4:codelistDescription>
         <xoev-cl-4:agencyShortName>AG IT-Standards</xoev-cl-4:agencyShortName>
         <xoev-cl-4:versionDescription>Für diese neue GDS-Codeliste sind weitere Einträge vorgesehen.</xoev-cl-4:versionDescription>
         <xoev-cl-4:validFrom>2025-07-11</xoev-cl-4:validFrom>
         <xoev-cl-4:versionHandbook>1.2</xoev-cl-4:versionHandbook>
         <xoev-cl-4:changes>Reduzierung auf 6 Werte um die Nutzerfreundlichkeit zu verbessern.</xoev-cl-4:changes>
      </Description>
   </Annotation>
   <Identification>
      <ShortName>gds.sendungsprioritaet</ShortName>
      <LongName>GDS.Sendungsprioritaet</LongName>
      <Version>1.2</Version>
      <CanonicalUri>urn:xoev-de:xjustiz:codeliste:gds.sendungsprioritaet</CanonicalUri>
      <CanonicalVersionUri>urn:xoev-de:xjustiz:codeliste:gds.sendungsprioritaet_1.2</CanonicalVersionUri>
      <Agency>
         <LongName>BLK-AG IT-Standards in der Justiz</LongName>
      </Agency>
   </Identification>
   <ColumnSet>
      <Column Id="code" Use="required">
         <ShortName>code</ShortName>
         <LongName>Schlüssel</LongName>
         <Data Type="string"/>
      </Column>
      <Column Id="wert" Use="required">
         <ShortName>wert</ShortName>
         <LongName>Wert</LongName>
         <Data Type="string"/>
      </Column>
      <Key Id="codeKey">
         <Annotation>
            <AppInfo>
               <xoev-cl-4:recommendedKeyColumn/>
            </AppInfo>
         </Annotation>
         <ShortName>codeKey</ShortName>
         <ColumnRef Ref="code"/>
      </Key>
   </ColumnSet>
   <SimpleCodeList>
      <Row>
         <Value ColumnRef="code">
            <SimpleValue>001</SimpleValue>
         </Value>
         <Value ColumnRef="wert">
            <SimpleValue>Eilt</SimpleValue>
         </Value>
      </Row>
      <Row>
         <Value ColumnRef="code">
            <SimpleValue>010</SimpleValue>
         </Value>
         <Value ColumnRef="wert">
            <SimpleValue>Gerichtlicher Bereitschaftsdienst in Zivilsachen</SimpleValue>
         </Value>
      </Row>
      <Row>
         <Value ColumnRef="code">
            <SimpleValue>020</SimpleValue>
         </Value>
         <Value ColumnRef="wert">
            <SimpleValue>Gerichtlicher Bereitschaftsdienst in der freiwilligen Gerichtsbarkeit</SimpleValue>
         </Value>
      </Row>
      <Row>
         <Value ColumnRef="code">
            <SimpleValue>030</SimpleValue>
         </Value>
         <Value ColumnRef="wert">
            <SimpleValue>Gerichtlicher Bereitschaftsdienst in öffentlich - rechtlichen Angelegenheiten</SimpleValue>
         </Value>
      </Row>
      <Row>
         <Value ColumnRef="code">
            <SimpleValue>040</SimpleValue>
         </Value>
         <Value ColumnRef="wert">
            <SimpleValue>Bereitschaftsdienst in allgemeinen Strafsachen</SimpleValue>
         </Value>
      </Row>
      <Row>
         <Value ColumnRef="code">
            <SimpleValue>050</SimpleValue>
         </Value>
         <Value ColumnRef="wert">
            <SimpleValue>Bereitschaftsdienst in Strafsachen von besonderer Bedeutung</SimpleValue>
         </Value>
      </Row>
   </SimpleCodeList>
</gc:CodeList>
