<?xml version="1.0" encoding="UTF-8"?>
<gc:CodeList xmlns:gc="http://docs.oasis-open.org/codelist/ns/genericode/1.0/"
             xmlns:xoev-cl-4="http://xoev.de/schemata/genericode/4"
             xmlns:xsi="http://www.w3.org/2001/XMLSchema-instance">
   <Annotation>
      <Description>
         <xoev-cl-4:shortName>GDS.Fehlercodes</xoev-cl-4:shortName>
         <xoev-cl-4:codelistDescription>Codeliste der verschiedenen generischen Fehlerarten</xoev-cl-4:codelistDescription>
         <xoev-cl-4:agencyShortName>AG IT-Standards</xoev-cl-4:agencyShortName>
         <xoev-cl-4:validFrom>2025-04-30</xoev-cl-4:validFrom>
         <xoev-cl-4:versionHandbook>1.2</xoev-cl-4:versionHandbook>
      </Description>
   </Annotation>
   <Identification>
      <ShortName>gds.fehlercodes</ShortName>
      <LongName>GDS.Fehlercodes</LongName>
      <Version>1.0</Version>
      <CanonicalUri>urn:xoev-de:xjustiz:codeliste:gds.fehlercodes</CanonicalUri>
      <CanonicalVersionUri>urn:xoev-de:xjustiz:codeliste:gds.fehlercodes_1.0</CanonicalVersionUri>
      <Agency>
         <LongName>BLK-AG IT-Standards in der Justiz</LongName>
      </Agency>
   </Identification>
   <ColumnSet>
      <Column Id="Code" Use="required">
         <ShortName>Code</ShortName>
         <LongName>Code</LongName>
         <Data Type="string"/>
      </Column>
      <Column Id="Beschreibung" Use="optional">
         <ShortName>Beschreibung</ShortName>
         <LongName>Beschreibung</LongName>
         <Data Type="string"/>
      </Column>
      <Key Id="CodeKey">
         <Annotation>
            <AppInfo>
               <xoev-cl-4:recommendedKeyColumn/>
            </AppInfo>
         </Annotation>
         <ShortName>CodeKey</ShortName>
         <ColumnRef Ref="Code"/>
      </Key>
   </ColumnSet>
   <SimpleCodeList>
      <Row>
         <Value ColumnRef="Code">
            <SimpleValue>001</SimpleValue>
         </Value>
         <Value ColumnRef="Beschreibung">
            <SimpleValue>Sonstiger Fehler</SimpleValue>
         </Value>
      </Row>
      <Row>
         <Value ColumnRef="Code">
            <SimpleValue>002</SimpleValue>
         </Value>
         <Value ColumnRef="Beschreibung">
            <SimpleValue>Fehlende Berechtigung</SimpleValue>
         </Value>
      </Row>
      <Row>
         <Value ColumnRef="Code">
            <SimpleValue>003</SimpleValue>
         </Value>
         <Value ColumnRef="Beschreibung">
            <SimpleValue>Verarbeitung abgebrochen</SimpleValue>
         </Value>
      </Row>
      <Row>
         <Value ColumnRef="Code">
            <SimpleValue>004</SimpleValue>
         </Value>
         <Value ColumnRef="Beschreibung">
            <SimpleValue>XJustiz-Nachricht nicht valide</SimpleValue>
         </Value>
      </Row>
      <Row>
         <Value ColumnRef="Code">
            <SimpleValue>005</SimpleValue>
         </Value>
         <Value ColumnRef="Beschreibung">
            <SimpleValue>Ungültige XJustiz-Version</SimpleValue>
         </Value>
      </Row>
      <Row>
         <Value ColumnRef="Code">
            <SimpleValue>006</SimpleValue>
         </Value>
         <Value ColumnRef="Beschreibung">
            <SimpleValue>Falsche XJustiz-Nachricht</SimpleValue>
         </Value>
      </Row>
      <Row>
         <Value ColumnRef="Code">
            <SimpleValue>007</SimpleValue>
         </Value>
         <Value ColumnRef="Beschreibung">
            <SimpleValue>Die Nachricht konnte keinem Verfahren zugeordnet werden.</SimpleValue>
         </Value>
      </Row>
   </SimpleCodeList>
</gc:CodeList>
