<?xml version="1.0" encoding="UTF-8"?>
<gc:CodeList xmlns:gc="http://docs.oasis-open.org/codelist/ns/genericode/1.0/"
             xmlns:xoev-cl-4="http://xoev.de/schemata/genericode/4"
             xmlns:xsi="http://www.w3.org/2001/XMLSchema-instance">
   <Annotation>
      <Description>
         <xoev-cl-4:shortName>GDS.Auskunft.Vollstreckungssachen.Fehler</xoev-cl-4:shortName>
         <xoev-cl-4:codelistDescription>Codeliste der verschiedenen Fehlerarten bei Auskunftsersuchen für Vollstreckungssachen</xoev-cl-4:codelistDescription>
         <xoev-cl-4:agencyShortName>AG IT-Standards</xoev-cl-4:agencyShortName>
         <xoev-cl-4:versionDescription>Codeliste der verschiedenen Fehlerarten bei Auskunftsersuchen für Vollstreckungssachen</xoev-cl-4:versionDescription>
         <xoev-cl-4:validFrom>2025-04-30</xoev-cl-4:validFrom>
         <xoev-cl-4:versionHandbook>1.2</xoev-cl-4:versionHandbook>
      </Description>
   </Annotation>
   <Identification>
      <ShortName>gds.auskunft.vollstreckungssachen.fehler</ShortName>
      <LongName>GDS.Auskunft.Vollstreckungssachen.Fehler</LongName>
      <Version>1.0</Version>
      <CanonicalUri>urn:xoev-de:xjustiz:codeliste:gds.auskunft.vollstreckungssachen.fehler</CanonicalUri>
      <CanonicalVersionUri>urn:xoev-de:xjustiz:codeliste:gds.auskunft.vollstreckungssachen.fehler_1.0</CanonicalVersionUri>
      <Agency>
         <LongName>BLK-AG IT-Standards in der Justiz</LongName>
      </Agency>
   </Identification>
   <ColumnSet>
      <Column Id="Code" Use="required">
         <ShortName>Code</ShortName>
         <LongName>Code</LongName>
         <Data Type="string"/>
      </Column>
      <Column Id="Beschreibung" Use="optional">
         <ShortName>Beschreibung</ShortName>
         <LongName>Beschreibung</LongName>
         <Data Type="string"/>
      </Column>
      <Key Id="CodeKey">
         <Annotation>
            <AppInfo>
               <xoev-cl-4:recommendedKeyColumn/>
            </AppInfo>
         </Annotation>
         <ShortName>CodeKey</ShortName>
         <ColumnRef Ref="Code"/>
      </Key>
   </ColumnSet>
   <SimpleCodeList>
      <Row>
         <Value ColumnRef="Code">
            <SimpleValue>000</SimpleValue>
         </Value>
         <Value ColumnRef="Beschreibung">
            <SimpleValue>Testwert</SimpleValue>
         </Value>
      </Row>
   </SimpleCodeList>
</gc:CodeList>
