<?xml version="1.0" encoding="UTF-8"?>
<gc:CodeList xmlns:gc="http://docs.oasis-open.org/codelist/ns/genericode/1.0/"
             xmlns:xsi="http://www.w3.org/2001/XMLSchema-instance"
             xmlns:xoev-cl-3="http://xoev.de/schemata/genericode/3">
   <Annotation>
      <Description>
         <xoev-cl-3:nameKurz>GDS.Geschlecht</xoev-cl-3:nameKurz>
         <xoev-cl-3:beschreibung-codeliste>Diese Codeliste sollte für alle Elemente verwendet werden, die zur Angabe eines Geschlechts vorgesehen sind. Hierbei kann es sich um ein biologisches oder grammatikalisches Geschlecht handeln.</xoev-cl-3:beschreibung-codeliste>
         <xoev-cl-3:herausgebernameKurz>AG IT-Standards</xoev-cl-3:herausgebernameKurz>
         <xoev-cl-3:datumGueltigkeitAb>2023-10-31</xoev-cl-3:datumGueltigkeitAb>
         <xoev-cl-3:versionCodelistenHandbuch>1.1</xoev-cl-3:versionCodelistenHandbuch>
      </Description>
   </Annotation>
   <Identification>
      <ShortName>gds.geschlecht</ShortName>
      <LongName>GDS.Geschlecht</LongName>
      <Version>2.1</Version>
      <CanonicalUri>urn:xoev-de:xjustiz:codeliste:gds.geschlecht</CanonicalUri>
      <CanonicalVersionUri>urn:xoev-de:xjustiz:codeliste:gds.geschlecht_2.1</CanonicalVersionUri>
      <Agency>
         <LongName>BLK-AG IT-Standards in der Justiz</LongName>
      </Agency>
   </Identification>
   <ColumnSet>
      <Column Id="code" Use="required">
         <ShortName>code</ShortName>
         <LongName>Schlüssel</LongName>
         <Data Type="string"/>
      </Column>
      <Column Id="wert" Use="required">
         <ShortName>wert</ShortName>
         <LongName>Wert</LongName>
         <Data Type="string"/>
      </Column>
      <Column Id="beschreibung" Use="optional">
         <ShortName>beschreibung</ShortName>
         <LongName>Beschreibung</LongName>
         <Data Type="string"/>
      </Column>
      <Key Id="codeKey">
         <Annotation>
            <AppInfo>
               <xoev-cl-3:empfohleneCodeSpalte/>
            </AppInfo>
         </Annotation>
         <ShortName>codeKey</ShortName>
         <ColumnRef Ref="code"/>
      </Key>
   </ColumnSet>
   <SimpleCodeList>
      <Row>
         <Value ColumnRef="code">
            <SimpleValue>0</SimpleValue>
         </Value>
         <Value ColumnRef="wert">
            <SimpleValue>unbekannt</SimpleValue>
         </Value>
         <Value ColumnRef="beschreibung">
            <SimpleValue>Numerischer Code nach ISO_5218="0"</SimpleValue>
         </Value>
      </Row>
      <Row>
         <Value ColumnRef="code">
            <SimpleValue>1</SimpleValue>
         </Value>
         <Value ColumnRef="wert">
            <SimpleValue>männlich</SimpleValue>
         </Value>
         <Value ColumnRef="beschreibung">
            <SimpleValue>Numerischer Code nach ISO_5218="1"</SimpleValue>
         </Value>
      </Row>
      <Row>
         <Value ColumnRef="code">
            <SimpleValue>2</SimpleValue>
         </Value>
         <Value ColumnRef="wert">
            <SimpleValue>weiblich</SimpleValue>
         </Value>
         <Value ColumnRef="beschreibung">
            <SimpleValue>Numerischer Code nach ISO_5218="2"</SimpleValue>
         </Value>
      </Row>
      <Row>
         <Value ColumnRef="code">
            <SimpleValue>3</SimpleValue>
         </Value>
         <Value ColumnRef="wert">
            <SimpleValue>divers</SimpleValue>
         </Value>
         <Value ColumnRef="beschreibung">
            <SimpleValue/>
         </Value>
      </Row>
      <Row>
         <Value ColumnRef="code">
            <SimpleValue>4</SimpleValue>
         </Value>
         <Value ColumnRef="wert">
            <SimpleValue>sächlich</SimpleValue>
         </Value>
         <Value ColumnRef="beschreibung">
            <SimpleValue/>
         </Value>
      </Row>
   </SimpleCodeList>
</gc:CodeList>
