<?xml version="1.0" encoding="UTF-8"?>
<gc:CodeList xmlns:gc="http://docs.oasis-open.org/codelist/ns/genericode/1.0/"
             xmlns:xoev-cl-4="http://xoev.de/schemata/genericode/4"
             xmlns:xsi="http://www.w3.org/2001/XMLSchema-instance">
   <Annotation>
      <Description>
         <xoev-cl-4:shortName>GDS.Rechtsmittelart</xoev-cl-4:shortName>
         <xoev-cl-4:codelistDescription>Codeliste der verschiedenen Rechtsmittelarten.</xoev-cl-4:codelistDescription>
         <xoev-cl-4:agencyShortName>AG IT-Standards</xoev-cl-4:agencyShortName>
         <xoev-cl-4:validFrom>2025-04-30</xoev-cl-4:validFrom>
         <xoev-cl-4:versionHandbook>1.2</xoev-cl-4:versionHandbook>
      </Description>
   </Annotation>
   <Identification>
      <ShortName>gds.rechtsmittelart</ShortName>
      <LongName>GDS.Rechtsmittelart</LongName>
      <Version>1.0</Version>
      <CanonicalUri>urn:xoev-de:xjustiz:codeliste:gds.rechtsmittelart</CanonicalUri>
      <CanonicalVersionUri>urn:xoev-de:xjustiz:codeliste:gds.rechtsmittelart_1.0</CanonicalVersionUri>
      <Agency>
         <LongName>BLK-AG IT-Standards in der Justiz</LongName>
      </Agency>
   </Identification>
   <ColumnSet>
      <Column Id="code" Use="required">
         <ShortName>code</ShortName>
         <LongName>Schlüssel</LongName>
         <Data Type="string"/>
      </Column>
      <Column Id="wert" Use="required">
         <ShortName>wert</ShortName>
         <LongName>Wert</LongName>
         <Data Type="string"/>
      </Column>
      <Key Id="codeKey">
         <Annotation>
            <AppInfo>
               <xoev-cl-4:recommendedKeyColumn/>
            </AppInfo>
         </Annotation>
         <ShortName>codeKey</ShortName>
         <ColumnRef Ref="code"/>
      </Key>
   </ColumnSet>
   <SimpleCodeList>
      <Row>
         <Value ColumnRef="code">
            <SimpleValue>001</SimpleValue>
         </Value>
         <Value ColumnRef="wert">
            <SimpleValue>Beschwerde</SimpleValue>
         </Value>
      </Row>
      <Row>
         <Value ColumnRef="code">
            <SimpleValue>002</SimpleValue>
         </Value>
         <Value ColumnRef="wert">
            <SimpleValue>sofortige Beschwerde</SimpleValue>
         </Value>
      </Row>
      <Row>
         <Value ColumnRef="code">
            <SimpleValue>003</SimpleValue>
         </Value>
         <Value ColumnRef="wert">
            <SimpleValue>Revision</SimpleValue>
         </Value>
      </Row>
      <Row>
         <Value ColumnRef="code">
            <SimpleValue>004</SimpleValue>
         </Value>
         <Value ColumnRef="wert">
            <SimpleValue>Berufung</SimpleValue>
         </Value>
      </Row>
      <Row>
         <Value ColumnRef="code">
            <SimpleValue>005</SimpleValue>
         </Value>
         <Value ColumnRef="wert">
            <SimpleValue>Anhörungsrüge</SimpleValue>
         </Value>
      </Row>
      <Row>
         <Value ColumnRef="code">
            <SimpleValue>006</SimpleValue>
         </Value>
         <Value ColumnRef="wert">
            <SimpleValue>Antrag auf Entscheidung des Rechtsbeschwerdegerichts</SimpleValue>
         </Value>
      </Row>
      <Row>
         <Value ColumnRef="code">
            <SimpleValue>007</SimpleValue>
         </Value>
         <Value ColumnRef="wert">
            <SimpleValue>Antrag auf Zulassung der Rechtsbeschwerde</SimpleValue>
         </Value>
      </Row>
      <Row>
         <Value ColumnRef="code">
            <SimpleValue>008</SimpleValue>
         </Value>
         <Value ColumnRef="wert">
            <SimpleValue>Gegenvorstellung</SimpleValue>
         </Value>
      </Row>
      <Row>
         <Value ColumnRef="code">
            <SimpleValue>009</SimpleValue>
         </Value>
         <Value ColumnRef="wert">
            <SimpleValue>Einspruch des Angeklagten gegen Strafbefehl</SimpleValue>
         </Value>
      </Row>
      <Row>
         <Value ColumnRef="code">
            <SimpleValue>010</SimpleValue>
         </Value>
         <Value ColumnRef="wert">
            <SimpleValue>Erinnerung</SimpleValue>
         </Value>
      </Row>
      <Row>
         <Value ColumnRef="code">
            <SimpleValue>011</SimpleValue>
         </Value>
         <Value ColumnRef="wert">
            <SimpleValue>Rechtsbeschwerde</SimpleValue>
         </Value>
      </Row>
      <Row>
         <Value ColumnRef="code">
            <SimpleValue>012</SimpleValue>
         </Value>
         <Value ColumnRef="wert">
            <SimpleValue>Sprungrevision</SimpleValue>
         </Value>
      </Row>
   </SimpleCodeList>
</gc:CodeList>
