<?xml version="1.0" encoding="UTF-8"?>
<gc:CodeList xmlns:gc="http://docs.oasis-open.org/codelist/ns/genericode/1.0/"
             xmlns:xoev-cl-4="http://xoev.de/schemata/genericode/4"
             xmlns:xsi="http://www.w3.org/2001/XMLSchema-instance">
   <Annotation>
      <Description>
         <xoev-cl-4:shortName>INSO.IRI.Fehlercode</xoev-cl-4:shortName>
         <xoev-cl-4:codelistDescription>In der Codeliste sind die im Kontext von IRI v1 vereinbarten Codes aufgeführt. Sie dienen auch als Grundlage für die Definition von IRI v2.</xoev-cl-4:codelistDescription>
         <xoev-cl-4:agencyShortName>AG IT-Standards</xoev-cl-4:agencyShortName>
         <xoev-cl-4:validFrom>2023-10-31</xoev-cl-4:validFrom>
         <xoev-cl-4:versionHandbook>1.2</xoev-cl-4:versionHandbook>
      </Description>
   </Annotation>
   <Identification>
      <ShortName>inso.iri.fehlercode</ShortName>
      <LongName>INSO.IRI.Fehlercode</LongName>
      <Version>1.0</Version>
      <CanonicalUri>urn:xoev-de:xjustiz:codeliste:inso.iri.fehlercode</CanonicalUri>
      <CanonicalVersionUri>urn:xoev-de:xjustiz:codeliste:inso.iri.fehlercode_1.0</CanonicalVersionUri>
      <Agency>
         <LongName>BLK-AG IT-Standards in der Justiz</LongName>
      </Agency>
   </Identification>
   <ColumnSet>
      <Column Id="code" Use="required">
         <ShortName>code</ShortName>
         <LongName>Schlüssel</LongName>
         <Data Type="string"/>
      </Column>
      <Column Id="wert" Use="required">
         <ShortName>wert</ShortName>
         <LongName>Wert</LongName>
         <Data Type="string"/>
      </Column>
      <Key Id="codeKey">
         <Annotation>
            <AppInfo>
               <xoev-cl-4:recommendedKeyColumn/>
            </AppInfo>
         </Annotation>
         <ShortName>codeKey</ShortName>
         <ColumnRef Ref="code"/>
      </Key>
   </ColumnSet>
   <SimpleCodeList>
      <Row>
         <Value ColumnRef="code">
            <SimpleValue>0</SimpleValue>
         </Value>
         <Value ColumnRef="wert">
            <SimpleValue>NO_RESULT</SimpleValue>
         </Value>
      </Row>
      <Row>
         <Value ColumnRef="code">
            <SimpleValue>100</SimpleValue>
         </Value>
         <Value ColumnRef="wert">
            <SimpleValue>TRUNCATED</SimpleValue>
         </Value>
      </Row>
      <Row>
         <Value ColumnRef="code">
            <SimpleValue>101</SimpleValue>
         </Value>
         <Value ColumnRef="wert">
            <SimpleValue>ADVANCED_NOTSUPPORTED</SimpleValue>
         </Value>
      </Row>
      <Row>
         <Value ColumnRef="code">
            <SimpleValue>102</SimpleValue>
         </Value>
         <Value ColumnRef="wert">
            <SimpleValue>ADVANCED_PERSON_NOTSUPPORTED</SimpleValue>
         </Value>
      </Row>
      <Row>
         <Value ColumnRef="code">
            <SimpleValue>103</SimpleValue>
         </Value>
         <Value ColumnRef="wert">
            <SimpleValue>REQUEST_FORM_NOTSUPPORTED</SimpleValue>
         </Value>
      </Row>
      <Row>
         <Value ColumnRef="code">
            <SimpleValue>500</SimpleValue>
         </Value>
         <Value ColumnRef="wert">
            <SimpleValue>TOO_GENERIC</SimpleValue>
         </Value>
      </Row>
      <Row>
         <Value ColumnRef="code">
            <SimpleValue>501</SimpleValue>
         </Value>
         <Value ColumnRef="wert">
            <SimpleValue>UNKNOWN_PARAM</SimpleValue>
         </Value>
      </Row>
      <Row>
         <Value ColumnRef="code">
            <SimpleValue>502</SimpleValue>
         </Value>
         <Value ColumnRef="wert">
            <SimpleValue>INVALID_PARAM</SimpleValue>
         </Value>
      </Row>
      <Row>
         <Value ColumnRef="code">
            <SimpleValue>503</SimpleValue>
         </Value>
         <Value ColumnRef="wert">
            <SimpleValue>GENERAL_MAINT</SimpleValue>
         </Value>
      </Row>
      <Row>
         <Value ColumnRef="code">
            <SimpleValue>504</SimpleValue>
         </Value>
         <Value ColumnRef="wert">
            <SimpleValue>GENERAL_TEMP</SimpleValue>
         </Value>
      </Row>
      <Row>
         <Value ColumnRef="code">
            <SimpleValue>505</SimpleValue>
         </Value>
         <Value ColumnRef="wert">
            <SimpleValue>GENERAL_UNKN</SimpleValue>
         </Value>
      </Row>
      <Row>
         <Value ColumnRef="code">
            <SimpleValue>506</SimpleValue>
         </Value>
         <Value ColumnRef="wert">
            <SimpleValue>OVERLOAD</SimpleValue>
         </Value>
      </Row>
      <Row>
         <Value ColumnRef="code">
            <SimpleValue>507</SimpleValue>
         </Value>
         <Value ColumnRef="wert">
            <SimpleValue>UNSUPPORTED_CHARACTER</SimpleValue>
         </Value>
      </Row>
   </SimpleCodeList>
</gc:CodeList>
