<?xml version="1.0" encoding="UTF-8"?>
<gc:CodeList xmlns:gc="http://docs.oasis-open.org/codelist/ns/genericode/1.0/"
             xmlns:xsi="http://www.w3.org/2001/XMLSchema-instance"
             xmlns:xoev-cl-3="http://xoev.de/schemata/genericode/3">
   <Annotation>
      <Description>
         <xoev-cl-3:nameKurz>INSO.Ergebnis.VOE_Verarbeitungsbestaetigung</xoev-cl-3:nameKurz>
         <xoev-cl-3:beschreibung-codeliste>Codeliste der verschiedenen Ereignisse im Fachverfahren INSO für die VOE-Veröffentlichungsbestätigungen.</xoev-cl-3:beschreibung-codeliste>
         <xoev-cl-3:herausgebernameKurz>AG IT-Standards</xoev-cl-3:herausgebernameKurz>
         <xoev-cl-3:datumGueltigkeitAb>2023-10-31</xoev-cl-3:datumGueltigkeitAb>
         <xoev-cl-3:versionCodelistenHandbuch>1.1</xoev-cl-3:versionCodelistenHandbuch>
         <xoev-cl-3:aenderungZurVorversion>Die Codeliste wurde um den Wert 'Sonstiger Fehler' erweitert.</xoev-cl-3:aenderungZurVorversion>
      </Description>
   </Annotation>
   <Identification>
      <ShortName>inso.ergebnis.voe-verarbeitungsbestaetigung</ShortName>
      <LongName>INSO.Ergebnis.VOE_Verarbeitungsbestaetigung</LongName>
      <Version>2.1</Version>
      <CanonicalUri>urn:xoev-de:xjustiz:codeliste:inso.ergebnis.voe-verarbeitungsbestaetigung</CanonicalUri>
      <CanonicalVersionUri>urn:xoev-de:xjustiz:codeliste:inso.ergebnis.voe-verarbeitungsbestaetigung_2.1</CanonicalVersionUri>
      <Agency>
         <LongName>BLK-AG IT-Standards in der Justiz</LongName>
      </Agency>
   </Identification>
   <ColumnSet>
      <Column Id="code" Use="required">
         <ShortName>code</ShortName>
         <LongName>Schlüssel</LongName>
         <Data Type="string"/>
      </Column>
      <Column Id="wert" Use="required">
         <ShortName>wert</ShortName>
         <LongName>Wert</LongName>
         <Data Type="string"/>
      </Column>
      <Column Id="beschreibung" Use="optional">
         <ShortName>beschreibung</ShortName>
         <LongName>Beschreibung</LongName>
         <Data Type="string"/>
      </Column>
      <Key Id="codeKey">
         <Annotation>
            <AppInfo>
               <xoev-cl-3:empfohleneCodeSpalte/>
            </AppInfo>
         </Annotation>
         <ShortName>codeKey</ShortName>
         <ColumnRef Ref="code"/>
      </Key>
   </ColumnSet>
   <SimpleCodeList>
      <Row>
         <Value ColumnRef="code">
            <SimpleValue>1</SimpleValue>
         </Value>
         <Value ColumnRef="wert">
            <SimpleValue>Veröffentlichungsbestätigung</SimpleValue>
         </Value>
         <Value ColumnRef="beschreibung">
            <SimpleValue>Mitteilung, dass eine Veröffentlichung durchgeführt wurde</SimpleValue>
         </Value>
      </Row>
      <Row>
         <Value ColumnRef="code">
            <SimpleValue>10</SimpleValue>
         </Value>
         <Value ColumnRef="wert">
            <SimpleValue>Sonstiger Fehler</SimpleValue>
         </Value>
         <Value ColumnRef="beschreibung">
            <SimpleValue/>
         </Value>
      </Row>
      <Row>
         <Value ColumnRef="code">
            <SimpleValue>2</SimpleValue>
         </Value>
         <Value ColumnRef="wert">
            <SimpleValue>Löschungsbestätigung</SimpleValue>
         </Value>
         <Value ColumnRef="beschreibung">
            <SimpleValue>Mitteilung, dass eine Löschung durchgeführt wurde</SimpleValue>
         </Value>
      </Row>
      <Row>
         <Value ColumnRef="code">
            <SimpleValue>3</SimpleValue>
         </Value>
         <Value ColumnRef="wert">
            <SimpleValue>Fehlerhafte Signatur</SimpleValue>
         </Value>
         <Value ColumnRef="beschreibung">
            <SimpleValue>Die Veröffentlichungsnachricht ist mindestens fortgeschritten zu signieren, Signaturprüfung war nicht erfolgreich</SimpleValue>
         </Value>
      </Row>
      <Row>
         <Value ColumnRef="code">
            <SimpleValue>4</SimpleValue>
         </Value>
         <Value ColumnRef="wert">
            <SimpleValue>Fehlerhaftes Format der Veröffentlichung</SimpleValue>
         </Value>
         <Value ColumnRef="beschreibung">
            <SimpleValue>Der Text ist als String oder in HTML-Format zu übergeben, ist das Flag HTML_Format in der Veröffentlichungsnachricht nicht gesetzt, dürfen öffnende und schließende Tags nicht vorhanden sein.</SimpleValue>
         </Value>
      </Row>
      <Row>
         <Value ColumnRef="code">
            <SimpleValue>5</SimpleValue>
         </Value>
         <Value ColumnRef="wert">
            <SimpleValue>Bezugsveröffentlichung nicht gefunden</SimpleValue>
         </Value>
         <Value ColumnRef="beschreibung">
            <SimpleValue>Es wurde eine Löschung zu einer Veröffentlichung versucht, die nicht mehr (?) auf dem Portal vorhanden ist.</SimpleValue>
         </Value>
      </Row>
      <Row>
         <Value ColumnRef="code">
            <SimpleValue>6</SimpleValue>
         </Value>
         <Value ColumnRef="wert">
            <SimpleValue>Fehlerhaftes Löschdatum oder Löschfrist</SimpleValue>
         </Value>
         <Value ColumnRef="beschreibung">
            <SimpleValue>Es wurde eine Löschung versucht mit einem Löschdatum in der Vergangenheit oder mit einer Löschfrist, die nicht interpretiert werden kann.</SimpleValue>
         </Value>
      </Row>
      <Row>
         <Value ColumnRef="code">
            <SimpleValue>7</SimpleValue>
         </Value>
         <Value ColumnRef="wert">
            <SimpleValue>SAFE-Authentifizierung fehlgeschlagen</SimpleValue>
         </Value>
         <Value ColumnRef="beschreibung">
            <SimpleValue/>
         </Value>
      </Row>
      <Row>
         <Value ColumnRef="code">
            <SimpleValue>8</SimpleValue>
         </Value>
         <Value ColumnRef="wert">
            <SimpleValue>Löschungsauftrag erhalten</SimpleValue>
         </Value>
         <Value ColumnRef="beschreibung">
            <SimpleValue/>
         </Value>
      </Row>
      <Row>
         <Value ColumnRef="code">
            <SimpleValue>9</SimpleValue>
         </Value>
         <Value ColumnRef="wert">
            <SimpleValue>Löschdatum korrigiert</SimpleValue>
         </Value>
         <Value ColumnRef="beschreibung">
            <SimpleValue/>
         </Value>
      </Row>
   </SimpleCodeList>
</gc:CodeList>
