<?xml version="1.0" encoding="UTF-8"?>
<gc:CodeList xmlns:gc="http://docs.oasis-open.org/codelist/ns/genericode/1.0/"
             xmlns:xsi="http://www.w3.org/2001/XMLSchema-instance"
             xmlns:xoev-cl-3="http://xoev.de/schemata/genericode/3">
   <Annotation>
      <Description>
         <xoev-cl-3:nameKurz>KASSE.Zahlwege</xoev-cl-3:nameKurz>
         <xoev-cl-3:beschreibung-codeliste>Zahlungen bzw. deren Aufhebung können auf unterschiedliche Arten bewirkt werden. Die Liste führt die einzelnen Möglichkeiten auf.</xoev-cl-3:beschreibung-codeliste>
         <xoev-cl-3:herausgebernameKurz>AG IT-Standards</xoev-cl-3:herausgebernameKurz>
         <xoev-cl-3:datumGueltigkeitAb>2023-10-31</xoev-cl-3:datumGueltigkeitAb>
         <xoev-cl-3:versionCodelistenHandbuch>1.1</xoev-cl-3:versionCodelistenHandbuch>
      </Description>
   </Annotation>
   <Identification>
      <ShortName>kasse.zahlwege</ShortName>
      <LongName>KASSE.Zahlwege</LongName>
      <Version>1.0</Version>
      <CanonicalUri>urn:xoev-de:xjustiz:codeliste:kasse.zahlwege</CanonicalUri>
      <CanonicalVersionUri>urn:xoev-de:xjustiz:codeliste:kasse.zahlwege_1.0</CanonicalVersionUri>
      <Agency>
         <LongName>BLK-AG IT-Standards in der Justiz</LongName>
      </Agency>
   </Identification>
   <ColumnSet>
      <Column Id="code" Use="required">
         <ShortName>code</ShortName>
         <LongName>Schlüssel</LongName>
         <Data Type="string"/>
      </Column>
      <Column Id="wert" Use="required">
         <ShortName>wert</ShortName>
         <LongName>Wert</LongName>
         <Data Type="string"/>
      </Column>
      <Column Id="beschreibung" Use="optional">
         <ShortName>beschreibung</ShortName>
         <LongName>Beschreibung</LongName>
         <Data Type="string"/>
      </Column>
      <Key Id="codeKey">
         <Annotation>
            <AppInfo>
               <xoev-cl-3:empfohleneCodeSpalte/>
            </AppInfo>
         </Annotation>
         <ShortName>codeKey</ShortName>
         <ColumnRef Ref="code"/>
      </Key>
   </ColumnSet>
   <SimpleCodeList>
      <Row>
         <Value ColumnRef="code">
            <SimpleValue>001</SimpleValue>
         </Value>
         <Value ColumnRef="wert">
            <SimpleValue>SEPA-Überweisung</SimpleValue>
         </Value>
         <Value ColumnRef="beschreibung">
            <SimpleValue/>
         </Value>
      </Row>
      <Row>
         <Value ColumnRef="code">
            <SimpleValue>002</SimpleValue>
         </Value>
         <Value ColumnRef="wert">
            <SimpleValue>Auslandsüberweisung</SimpleValue>
         </Value>
         <Value ColumnRef="beschreibung">
            <SimpleValue/>
         </Value>
      </Row>
      <Row>
         <Value ColumnRef="code">
            <SimpleValue>003</SimpleValue>
         </Value>
         <Value ColumnRef="wert">
            <SimpleValue>ePayment</SimpleValue>
         </Value>
         <Value ColumnRef="beschreibung">
            <SimpleValue>Aufruf eines Zahlungsportals</SimpleValue>
         </Value>
      </Row>
      <Row>
         <Value ColumnRef="code">
            <SimpleValue>004</SimpleValue>
         </Value>
         <Value ColumnRef="wert">
            <SimpleValue>Instant Payment</SimpleValue>
         </Value>
         <Value ColumnRef="beschreibung">
            <SimpleValue>Sofort Euro-Überweisung</SimpleValue>
         </Value>
      </Row>
      <Row>
         <Value ColumnRef="code">
            <SimpleValue>005</SimpleValue>
         </Value>
         <Value ColumnRef="wert">
            <SimpleValue>Taggleiche Euro-Überweisung</SimpleValue>
         </Value>
         <Value ColumnRef="beschreibung">
            <SimpleValue/>
         </Value>
      </Row>
      <Row>
         <Value ColumnRef="code">
            <SimpleValue>006</SimpleValue>
         </Value>
         <Value ColumnRef="wert">
            <SimpleValue>Überweisung/Zahlschein</SimpleValue>
         </Value>
         <Value ColumnRef="beschreibung">
            <SimpleValue>Flachzahlschein</SimpleValue>
         </Value>
      </Row>
      <Row>
         <Value ColumnRef="code">
            <SimpleValue>007</SimpleValue>
         </Value>
         <Value ColumnRef="wert">
            <SimpleValue>SEPA-Lastschrift</SimpleValue>
         </Value>
         <Value ColumnRef="beschreibung">
            <SimpleValue/>
         </Value>
      </Row>
      <Row>
         <Value ColumnRef="code">
            <SimpleValue>008</SimpleValue>
         </Value>
         <Value ColumnRef="wert">
            <SimpleValue>Gutschrift</SimpleValue>
         </Value>
         <Value ColumnRef="beschreibung">
            <SimpleValue/>
         </Value>
      </Row>
      <Row>
         <Value ColumnRef="code">
            <SimpleValue>009</SimpleValue>
         </Value>
         <Value ColumnRef="wert">
            <SimpleValue>Storno</SimpleValue>
         </Value>
         <Value ColumnRef="beschreibung">
            <SimpleValue/>
         </Value>
      </Row>
      <Row>
         <Value ColumnRef="code">
            <SimpleValue>010</SimpleValue>
         </Value>
         <Value ColumnRef="wert">
            <SimpleValue>Bar</SimpleValue>
         </Value>
         <Value ColumnRef="beschreibung">
            <SimpleValue/>
         </Value>
      </Row>
      <Row>
         <Value ColumnRef="code">
            <SimpleValue>011</SimpleValue>
         </Value>
         <Value ColumnRef="wert">
            <SimpleValue>Barscheck</SimpleValue>
         </Value>
         <Value ColumnRef="beschreibung">
            <SimpleValue>Wenn der Empfänger keine Bankverbindung hat.</SimpleValue>
         </Value>
      </Row>
      <Row>
         <Value ColumnRef="code">
            <SimpleValue>012</SimpleValue>
         </Value>
         <Value ColumnRef="wert">
            <SimpleValue>Verrechnung</SimpleValue>
         </Value>
         <Value ColumnRef="beschreibung">
            <SimpleValue/>
         </Value>
      </Row>
      <Row>
         <Value ColumnRef="code">
            <SimpleValue>013</SimpleValue>
         </Value>
         <Value ColumnRef="wert">
            <SimpleValue>Umbuchung</SimpleValue>
         </Value>
         <Value ColumnRef="beschreibung">
            <SimpleValue/>
         </Value>
      </Row>
      <Row>
         <Value ColumnRef="code">
            <SimpleValue>014</SimpleValue>
         </Value>
         <Value ColumnRef="wert">
            <SimpleValue>Nichtzahlung</SimpleValue>
         </Value>
         <Value ColumnRef="beschreibung">
            <SimpleValue/>
         </Value>
      </Row>
      <Row>
         <Value ColumnRef="code">
            <SimpleValue>015</SimpleValue>
         </Value>
         <Value ColumnRef="wert">
            <SimpleValue>Zahlungsanzeige (der Kasse)</SimpleValue>
         </Value>
         <Value ColumnRef="beschreibung">
            <SimpleValue/>
         </Value>
      </Row>
      <Row>
         <Value ColumnRef="code">
            <SimpleValue>016</SimpleValue>
         </Value>
         <Value ColumnRef="wert">
            <SimpleValue>elektronische Kostenmarke</SimpleValue>
         </Value>
         <Value ColumnRef="beschreibung">
            <SimpleValue/>
         </Value>
      </Row>
      <Row>
         <Value ColumnRef="code">
            <SimpleValue>017</SimpleValue>
         </Value>
         <Value ColumnRef="wert">
            <SimpleValue>Mahnverfahren</SimpleValue>
         </Value>
         <Value ColumnRef="beschreibung">
            <SimpleValue>Aktenausdruck</SimpleValue>
         </Value>
      </Row>
      <Row>
         <Value ColumnRef="code">
            <SimpleValue>018</SimpleValue>
         </Value>
         <Value ColumnRef="wert">
            <SimpleValue>Gebühren- oder Gerichtskostenstempler</SimpleValue>
         </Value>
         <Value ColumnRef="beschreibung">
            <SimpleValue/>
         </Value>
      </Row>
      <Row>
         <Value ColumnRef="code">
            <SimpleValue>019</SimpleValue>
         </Value>
         <Value ColumnRef="wert">
            <SimpleValue>Gerichtskostenmarke</SimpleValue>
         </Value>
         <Value ColumnRef="beschreibung">
            <SimpleValue/>
         </Value>
      </Row>
      <Row>
         <Value ColumnRef="code">
            <SimpleValue>020</SimpleValue>
         </Value>
         <Value ColumnRef="wert">
            <SimpleValue>Sollstellungsnachweis</SimpleValue>
         </Value>
         <Value ColumnRef="beschreibung">
            <SimpleValue/>
         </Value>
      </Row>
      <Row>
         <Value ColumnRef="code">
            <SimpleValue>021</SimpleValue>
         </Value>
         <Value ColumnRef="wert">
            <SimpleValue>Verrechnungsscheck</SimpleValue>
         </Value>
         <Value ColumnRef="beschreibung">
            <SimpleValue/>
         </Value>
      </Row>
      <Row>
         <Value ColumnRef="code">
            <SimpleValue>022</SimpleValue>
         </Value>
         <Value ColumnRef="wert">
            <SimpleValue>Abbuchung zur Korrektur des Erhebungsteils</SimpleValue>
         </Value>
         <Value ColumnRef="beschreibung">
            <SimpleValue>Wird von NRW und Hessen benötigt.</SimpleValue>
         </Value>
      </Row>
      <Row>
         <Value ColumnRef="code">
            <SimpleValue>023</SimpleValue>
         </Value>
         <Value ColumnRef="wert">
            <SimpleValue>Zubuchung zur Korrektur des Erhebungsteils</SimpleValue>
         </Value>
         <Value ColumnRef="beschreibung">
            <SimpleValue>Wird von NRW und Hessen benötigt.</SimpleValue>
         </Value>
      </Row>
      <Row>
         <Value ColumnRef="code">
            <SimpleValue>024</SimpleValue>
         </Value>
         <Value ColumnRef="wert">
            <SimpleValue>Zahlung auf durchlaufenden Posten</SimpleValue>
         </Value>
         <Value ColumnRef="beschreibung">
            <SimpleValue/>
         </Value>
      </Row>
   </SimpleCodeList>
</gc:CodeList>
