<?xml version="1.0" encoding="UTF-8"?>
<gc:CodeList xmlns:gc="http://docs.oasis-open.org/codelist/ns/genericode/1.0/"
             xmlns:xsi="http://www.w3.org/2001/XMLSchema-instance"
             xmlns:xoev-cl-3="http://xoev.de/schemata/genericode/3">
   <Annotation>
      <Description>
         <xoev-cl-3:nameKurz>KASSE.Erledigungsart</xoev-cl-3:nameKurz>
         <xoev-cl-3:beschreibung-codeliste>Forderungen können außer durch Zahlungen auch durch Erledigungen gelöscht werden. Dabei sind Erledigungen prozessuale (z. B. Erlass, Sollminderung) oder tatsächliche Ereignisse (z. B. Verbüßung der Ersatzfreiheitsstrafe), die eine Forderung erlöschen lassen.</xoev-cl-3:beschreibung-codeliste>
         <xoev-cl-3:herausgebernameKurz>AG IT-Standards</xoev-cl-3:herausgebernameKurz>
         <xoev-cl-3:datumGueltigkeitAb>2023-10-31</xoev-cl-3:datumGueltigkeitAb>
         <xoev-cl-3:versionCodelistenHandbuch>1.1</xoev-cl-3:versionCodelistenHandbuch>
      </Description>
   </Annotation>
   <Identification>
      <ShortName>kasse.erledigungsart</ShortName>
      <LongName>KASSE.Erledigungsart</LongName>
      <Version>1.0</Version>
      <CanonicalUri>urn:xoev-de:xjustiz:codeliste:kasse.erledigungsart</CanonicalUri>
      <CanonicalVersionUri>urn:xoev-de:xjustiz:codeliste:kasse.erledigungsart_1.0</CanonicalVersionUri>
      <Agency>
         <LongName>BLK-AG IT-Standards in der Justiz</LongName>
      </Agency>
   </Identification>
   <ColumnSet>
      <Column Id="code" Use="required">
         <ShortName>code</ShortName>
         <LongName>Schlüssel</LongName>
         <Data Type="string"/>
      </Column>
      <Column Id="wert" Use="required">
         <ShortName>wert</ShortName>
         <LongName>Wert</LongName>
         <Data Type="string"/>
      </Column>
      <Column Id="beschreibung" Use="optional">
         <ShortName>beschreibung</ShortName>
         <LongName>Beschreibung</LongName>
         <Data Type="string"/>
      </Column>
      <Key Id="codeKey">
         <Annotation>
            <AppInfo>
               <xoev-cl-3:empfohleneCodeSpalte/>
            </AppInfo>
         </Annotation>
         <ShortName>codeKey</ShortName>
         <ColumnRef Ref="code"/>
      </Key>
   </ColumnSet>
   <SimpleCodeList>
      <Row>
         <Value ColumnRef="code">
            <SimpleValue>001</SimpleValue>
         </Value>
         <Value ColumnRef="wert">
            <SimpleValue>Erlass einer Forderung</SimpleValue>
         </Value>
         <Value ColumnRef="beschreibung">
            <SimpleValue/>
         </Value>
      </Row>
      <Row>
         <Value ColumnRef="code">
            <SimpleValue>002</SimpleValue>
         </Value>
         <Value ColumnRef="wert">
            <SimpleValue>Rücknahme</SimpleValue>
         </Value>
         <Value ColumnRef="beschreibung">
            <SimpleValue>Der Wert gilt auch für den Sollabgang.</SimpleValue>
         </Value>
      </Row>
      <Row>
         <Value ColumnRef="code">
            <SimpleValue>003</SimpleValue>
         </Value>
         <Value ColumnRef="wert">
            <SimpleValue>Teilrücknahme</SimpleValue>
         </Value>
         <Value ColumnRef="beschreibung">
            <SimpleValue/>
         </Value>
      </Row>
      <Row>
         <Value ColumnRef="code">
            <SimpleValue>004</SimpleValue>
         </Value>
         <Value ColumnRef="wert">
            <SimpleValue>Verzicht</SimpleValue>
         </Value>
         <Value ColumnRef="beschreibung">
            <SimpleValue/>
         </Value>
      </Row>
      <Row>
         <Value ColumnRef="code">
            <SimpleValue>005</SimpleValue>
         </Value>
         <Value ColumnRef="wert">
            <SimpleValue>Restschuldbefreiung</SimpleValue>
         </Value>
         <Value ColumnRef="beschreibung">
            <SimpleValue/>
         </Value>
      </Row>
      <Row>
         <Value ColumnRef="code">
            <SimpleValue>006</SimpleValue>
         </Value>
         <Value ColumnRef="wert">
            <SimpleValue>Erledigung nach § 51 StGB</SimpleValue>
         </Value>
         <Value ColumnRef="beschreibung">
            <SimpleValue/>
         </Value>
      </Row>
      <Row>
         <Value ColumnRef="code">
            <SimpleValue>007</SimpleValue>
         </Value>
         <Value ColumnRef="wert">
            <SimpleValue>Erledigung durch Leistung von Ersatzarbeit/ bzw. gemeinnützige Arbeit</SimpleValue>
         </Value>
         <Value ColumnRef="beschreibung">
            <SimpleValue/>
         </Value>
      </Row>
      <Row>
         <Value ColumnRef="code">
            <SimpleValue>008</SimpleValue>
         </Value>
         <Value ColumnRef="wert">
            <SimpleValue>Tod des Zahlenden</SimpleValue>
         </Value>
         <Value ColumnRef="beschreibung">
            <SimpleValue/>
         </Value>
      </Row>
      <Row>
         <Value ColumnRef="code">
            <SimpleValue>009</SimpleValue>
         </Value>
         <Value ColumnRef="wert">
            <SimpleValue>Verjährung</SimpleValue>
         </Value>
         <Value ColumnRef="beschreibung">
            <SimpleValue/>
         </Value>
      </Row>
      <Row>
         <Value ColumnRef="code">
            <SimpleValue>010</SimpleValue>
         </Value>
         <Value ColumnRef="wert">
            <SimpleValue>Geldstrafe wird zur Bewährung ausgesetzt</SimpleValue>
         </Value>
         <Value ColumnRef="beschreibung">
            <SimpleValue/>
         </Value>
      </Row>
      <Row>
         <Value ColumnRef="code">
            <SimpleValue>011</SimpleValue>
         </Value>
         <Value ColumnRef="wert">
            <SimpleValue>Erledigung nach § 459d StPO</SimpleValue>
         </Value>
         <Value ColumnRef="beschreibung">
            <SimpleValue/>
         </Value>
      </Row>
      <Row>
         <Value ColumnRef="code">
            <SimpleValue>012</SimpleValue>
         </Value>
         <Value ColumnRef="wert">
            <SimpleValue>Inanspruchnahme des Rechtsnachfolgers</SimpleValue>
         </Value>
         <Value ColumnRef="beschreibung">
            <SimpleValue/>
         </Value>
      </Row>
      <Row>
         <Value ColumnRef="code">
            <SimpleValue>013</SimpleValue>
         </Value>
         <Value ColumnRef="wert">
            <SimpleValue>Zahlung durch Mitschuldner</SimpleValue>
         </Value>
         <Value ColumnRef="beschreibung">
            <SimpleValue/>
         </Value>
      </Row>
      <Row>
         <Value ColumnRef="code">
            <SimpleValue>014</SimpleValue>
         </Value>
         <Value ColumnRef="wert">
            <SimpleValue>Einbeziehung in eine Gesamtstrafe</SimpleValue>
         </Value>
         <Value ColumnRef="beschreibung">
            <SimpleValue/>
         </Value>
      </Row>
      <Row>
         <Value ColumnRef="code">
            <SimpleValue>015</SimpleValue>
         </Value>
         <Value ColumnRef="wert">
            <SimpleValue>Stornierung</SimpleValue>
         </Value>
         <Value ColumnRef="beschreibung">
            <SimpleValue/>
         </Value>
      </Row>
      <Row>
         <Value ColumnRef="code">
            <SimpleValue>016</SimpleValue>
         </Value>
         <Value ColumnRef="wert">
            <SimpleValue>Erledigung einer Forderung durch Anrechnung eines von (einem) anderen Verfahrensbeteiligten gezahlten Betrages</SimpleValue>
         </Value>
         <Value ColumnRef="beschreibung">
            <SimpleValue/>
         </Value>
      </Row>
      <Row>
         <Value ColumnRef="code">
            <SimpleValue>017</SimpleValue>
         </Value>
         <Value ColumnRef="wert">
            <SimpleValue>Erledigung wegen Bewilligung von Teil-Prozesskostenhilfe</SimpleValue>
         </Value>
         <Value ColumnRef="beschreibung">
            <SimpleValue/>
         </Value>
      </Row>
      <Row>
         <Value ColumnRef="code">
            <SimpleValue>018</SimpleValue>
         </Value>
         <Value ColumnRef="wert">
            <SimpleValue>Abbuchung zur Korrektur des Erhebungsteils</SimpleValue>
         </Value>
         <Value ColumnRef="beschreibung">
            <SimpleValue>Wird von NRW und Hessen benötigt.</SimpleValue>
         </Value>
      </Row>
      <Row>
         <Value ColumnRef="code">
            <SimpleValue>019</SimpleValue>
         </Value>
         <Value ColumnRef="wert">
            <SimpleValue>Zubuchung zur Korrektur des Erhebungsteils</SimpleValue>
         </Value>
         <Value ColumnRef="beschreibung">
            <SimpleValue>Wird von NRW und Hessen benötigt.</SimpleValue>
         </Value>
      </Row>
      <Row>
         <Value ColumnRef="code">
            <SimpleValue>020</SimpleValue>
         </Value>
         <Value ColumnRef="wert">
            <SimpleValue>Tod des Verurteilten</SimpleValue>
         </Value>
         <Value ColumnRef="beschreibung">
            <SimpleValue/>
         </Value>
      </Row>
   </SimpleCodeList>
</gc:CodeList>
