<?xml version="1.0" encoding="UTF-8"?>
<gc:CodeList xmlns:gc="http://docs.oasis-open.org/codelist/ns/genericode/1.0/" xmlns:xoev-cl-4="http://xoev.de/schemata/genericode/4" xmlns:xsi="http://www.w3.org/2001/XMLSchema-instance">
   <Annotation>
      <Description>
         <xoev-cl-4:shortName>KLAVER.Antrag</xoev-cl-4:shortName>
         <xoev-cl-4:codelistDescription>Diese Codeliste enthält Antragsarten</xoev-cl-4:codelistDescription>
         <xoev-cl-4:agencyShortName>AG IT-Standards</xoev-cl-4:agencyShortName>
         <xoev-cl-4:versionDescription>Diese Codeliste beinhaltet Antragsarten</xoev-cl-4:versionDescription>
         <xoev-cl-4:validFrom>2026-04-30</xoev-cl-4:validFrom>
         <xoev-cl-4:versionHandbook>1.2</xoev-cl-4:versionHandbook>
      </Description>
   </Annotation>
   <Identification>
      <ShortName>KLAVER.Antrag</ShortName>
      <LongName>KLAVER.Antrag</LongName>
      <Version>1.0</Version>
      <CanonicalUri>urn:xoev-de:xjustiz:codeliste:klaver.antrag</CanonicalUri>
      <CanonicalVersionUri>urn:xoev-de:xjustiz:codeliste:klaver.antrag_1.0</CanonicalVersionUri>
      <Agency>
         <LongName>BLK-AG IT-Standards in der Justiz</LongName>
      </Agency>
   </Identification>
   <ColumnSet>
      <Column Id="Code" Use="required">
         <ShortName>Code</ShortName>
         <LongName>Code</LongName>
         <Data Type="string"/>
      </Column>
      <Column Id="Wert" Use="optional">
         <ShortName>Wert</ShortName>
         <LongName>Wert</LongName>
         <Data Type="string"/>
      </Column>
      <Key Id="CodeKey">
         <Annotation>
            <AppInfo>
               <xoev-cl-4:recommendedKeyColumn/>
            </AppInfo>
         </Annotation>
         <ShortName>CodeKey</ShortName>
         <ColumnRef Ref="Code"/>
      </Key>
   </ColumnSet>
   <SimpleCodeList>
      <Row>
         <Value ColumnRef="Code">
            <SimpleValue>001</SimpleValue>
         </Value>
         <Value ColumnRef="Wert">
            <SimpleValue>Antrag auf Versäumnisurteil, § 331 Abs. 3 ZPO</SimpleValue>
         </Value>
      </Row>
      <Row>
         <Value ColumnRef="Code">
            <SimpleValue>002</SimpleValue>
         </Value>
         <Value ColumnRef="Wert">
            <SimpleValue>Videoverhandlung, § 128a Abs. 3 ZPO</SimpleValue>
         </Value>
      </Row>
      <Row>
         <Value ColumnRef="Code">
            <SimpleValue>003</SimpleValue>
         </Value>
         <Value ColumnRef="Wert">
            <SimpleValue>Kostenfestsetzungsantrag, § 104 ZPO</SimpleValue>
         </Value>
      </Row>
      <Row>
         <Value ColumnRef="Code">
            <SimpleValue>004</SimpleValue>
         </Value>
         <Value ColumnRef="Wert">
            <SimpleValue>Antrag auf Festsetzung der Vergütung, § 11 RVG </SimpleValue>
         </Value>
      </Row>
      <Row>
         <Value ColumnRef="Code">
            <SimpleValue>005</SimpleValue>
         </Value>
         <Value ColumnRef="Wert">
            <SimpleValue>Antrag auf Festsetzung im eigenen Namen des Rechtsanwaltes, § 126 ZPO</SimpleValue>
         </Value>
      </Row>
      <Row>
         <Value ColumnRef="Code">
            <SimpleValue>006</SimpleValue>
         </Value>
         <Value ColumnRef="Wert">
            <SimpleValue>Antrag auf Festsetzung im Strafverfahren, § 464b StPO </SimpleValue>
         </Value>
      </Row>
      <Row>
         <Value ColumnRef="Code">
            <SimpleValue>007</SimpleValue>
         </Value>
         <Value ColumnRef="Wert">
            <SimpleValue>Vorschuss aus der Staatskasse, § 55 RVG</SimpleValue>
         </Value>
      </Row>
      <Row>
         <Value ColumnRef="Code">
            <SimpleValue>008</SimpleValue>
         </Value>
         <Value ColumnRef="Wert">
            <SimpleValue>Antrag auf endgültige Auszahlung aus der Staatskasse, § 55 RVG</SimpleValue>
         </Value>
      </Row>
      <Row>
         <Value ColumnRef="Code">
            <SimpleValue>009</SimpleValue>
         </Value>
         <Value ColumnRef="Wert">
            <SimpleValue>Kostenfestsetzungsverfahren, Verzinsantrag nach § 104 Abs. 1 Satz 2 ZPO</SimpleValue>
         </Value>
      </Row>
      <Row>
         <Value ColumnRef="Code">
            <SimpleValue>010</SimpleValue>
         </Value>
         <Value ColumnRef="Wert">
            <SimpleValue>Kostenfestsetzungsverfahren, Hinzusetzen der Gerichtskosten</SimpleValue>
         </Value>
      </Row>
   </SimpleCodeList>
</gc:CodeList>