<?xml version="1.0" encoding="UTF-8"?>
<gc:CodeList xmlns:gc="http://docs.oasis-open.org/codelist/ns/genericode/1.0/" xmlns:xoev-cl-4="http://xoev.de/schemata/genericode/4" xmlns:xsi="http://www.w3.org/2001/XMLSchema-instance">
   <Annotation>
      <Description>
         <xoev-cl-4:shortName>KLAVER.FGR.Anspruchshoehe</xoev-cl-4:shortName>
         <xoev-cl-4:codelistDescription>Diese Codeliste beinhaltet Anspruchshöhen</xoev-cl-4:codelistDescription>
         <xoev-cl-4:agencyShortName>AG IT-Standards</xoev-cl-4:agencyShortName>
         <xoev-cl-4:versionDescription>Diese Codeliste beinhaltet Anspruchshöhen</xoev-cl-4:versionDescription>
         <xoev-cl-4:validFrom>2026-04-30</xoev-cl-4:validFrom>
         <xoev-cl-4:versionHandbook>1.2</xoev-cl-4:versionHandbook>
      </Description>
   </Annotation>
   <Identification>
      <ShortName>KLAVER.FGR.Anspruchshoehe</ShortName>
      <LongName>KLAVER.FGR.Anspruchshoehe</LongName>
      <Version>1.0</Version>
      <CanonicalUri>urn:xoev-de:xjustiz:codeliste:klaver.fgr.anspruchshoehe</CanonicalUri>
      <CanonicalVersionUri>urn:xoev-de:xjustiz:codeliste:klaver.fgr.anspruchshoehe_1.0</CanonicalVersionUri>
      <Agency>
         <LongName>BLK-AG IT-Standards in der Justiz</LongName>
      </Agency>
   </Identification>
   <ColumnSet>
      <Column Id="Code" Use="required">
         <ShortName>Code</ShortName>
         <LongName>Code</LongName>
         <Data Type="string"/>
      </Column>
      <Column Id="Wert" Use="optional">
         <ShortName>Wert</ShortName>
         <LongName>Wert</LongName>
         <Data Type="string"/>
      </Column>
      <Column Id="Beschreibung" Use="optional">
         <ShortName>Beschreibung</ShortName>
         <LongName>Beschreibung</LongName>
         <Data Type="string"/>
      </Column>
      <Key Id="CodeKey">
         <Annotation>
            <AppInfo>
               <xoev-cl-4:recommendedKeyColumn/>
            </AppInfo>
         </Annotation>
         <ShortName>CodeKey</ShortName>
         <ColumnRef Ref="Code"/>
      </Key>
   </ColumnSet>
   <SimpleCodeList>
      <Row>
         <Value ColumnRef="Code">
            <SimpleValue>001</SimpleValue>
         </Value>
         <Value ColumnRef="Wert">
            <SimpleValue>entfernungunter1500</SimpleValue>
         </Value>
         <Value ColumnRef="Beschreibung">
            <SimpleValue>Anspruch ist 250 EUR bei allen Flügen über eine Entfernung von 1500 km gem. Art. 7 Abs. 1 a)der Verordnung (EG) Nr. 261/2004</SimpleValue>
         </Value>
      </Row>
      <Row>
         <Value ColumnRef="Code">
            <SimpleValue>002</SimpleValue>
         </Value>
         <Value ColumnRef="Wert">
            <SimpleValue>entfernungmehrals1500inEU</SimpleValue>
         </Value>
         <Value ColumnRef="Beschreibung">
            <SimpleValue>Anspruch ist 400 EUR bei allen Flügen innerhalb EU über eine Entfernung von 1500 km gem. Art. 7 Abs. 1 b) der Verordnung (EG) Nr. 261/2004</SimpleValue>
         </Value>
      </Row>
      <Row>
         <Value ColumnRef="Code">
            <SimpleValue>003</SimpleValue>
         </Value>
         <Value ColumnRef="Wert">
            <SimpleValue>entfernungzwischen1500und3500</SimpleValue>
         </Value>
         <Value ColumnRef="Beschreibung">
            <SimpleValue>Anspruch ist 400 EUR bei allen Flügen von/nach außerhalb EU mit Entfernung zwischen 1500 km und 3500 km gem. Art. 7 Abs. 1 b) der Verordnung (EG) Nr. 261/2004</SimpleValue>
         </Value>
      </Row>
      <Row>
         <Value ColumnRef="Code">
            <SimpleValue>004</SimpleValue>
         </Value>
         <Value ColumnRef="Wert">
            <SimpleValue>entfernungueber3500</SimpleValue>
         </Value>
         <Value ColumnRef="Beschreibung">
            <SimpleValue>Anspruch ist 600 EUR bei Flügen nach außerhalb EU über eine Entfernung über 3500 km gem. Art. 7 Abs. 1 c) der Verordnung (EG) Nr. 261/2004</SimpleValue>
         </Value>
      </Row>
   </SimpleCodeList>
</gc:CodeList>