<?xml version="1.0" encoding="UTF-8"?>
<gc:CodeList xmlns:gc="http://docs.oasis-open.org/codelist/ns/genericode/1.0/"
             xmlns:xsi="http://www.w3.org/2001/XMLSchema-instance"
             xmlns:xoev-cl-3="http://xoev.de/schemata/genericode/3">
   <Annotation>
      <Description>
         <xoev-cl-3:nameKurz>MFKREG.Rechtsbelehrungen</xoev-cl-3:nameKurz>
         <xoev-cl-3:beschreibung-codeliste>Codeliste für die Vorlagen des BfJ für die Rechtsbelehrungen</xoev-cl-3:beschreibung-codeliste>
         <xoev-cl-3:herausgebernameKurz>AG IT-Standards</xoev-cl-3:herausgebernameKurz>
         <xoev-cl-3:datumGueltigkeitAb>2023-10-31</xoev-cl-3:datumGueltigkeitAb>
         <xoev-cl-3:versionCodelistenHandbuch>1.1</xoev-cl-3:versionCodelistenHandbuch>
      </Description>
   </Annotation>
   <Identification>
      <ShortName>mfkreg.rechtsbelehrungen</ShortName>
      <LongName>MFKREG.Rechtsbelehrungen</LongName>
      <Version>1.1</Version>
      <CanonicalUri>urn:xoev-de:xjustiz:codeliste:mfkreg.rechtsbelehrungen</CanonicalUri>
      <CanonicalVersionUri>urn:xoev-de:xjustiz:codeliste:mfkreg.rechtsbelehrungen_1.1</CanonicalVersionUri>
      <Agency>
         <LongName>BLK-AG IT-Standards in der Justiz</LongName>
      </Agency>
   </Identification>
   <ColumnSet>
      <Column Id="code" Use="required">
         <ShortName>code</ShortName>
         <LongName>Schlüssel</LongName>
         <Data Type="string"/>
      </Column>
      <Column Id="wert" Use="required">
         <ShortName>wert</ShortName>
         <LongName>Wert</LongName>
         <Data Type="string"/>
      </Column>
      <Key Id="codeKey">
         <Annotation>
            <AppInfo>
               <xoev-cl-3:empfohleneCodeSpalte/>
            </AppInfo>
         </Annotation>
         <ShortName>codeKey</ShortName>
         <ColumnRef Ref="code"/>
      </Key>
   </ColumnSet>
   <SimpleCodeList>
      <Row>
         <Value ColumnRef="code">
            <SimpleValue>03</SimpleValue>
         </Value>
         <Value ColumnRef="wert">
            <SimpleValue>Verbraucher sind befugt, Ansprüche oder Rechtsverhältnisse, die von den Feststellungszielen der Musterfeststellungsklage abhängen, zur Eintragung in das Klageregister anzumelden. Die Anmeldung ist nur wirksam, wenn sie fristgerecht und in Textform gegenüber dem Bundesamt für Justiz (BfJ) vorgenommen wird (§ 608 Absatz 1 Satz 1, Absatz 4 ZPO a.F.). Fristgerecht ist eine Anmeldung, wenn sie bis zum Ablauf des Tages vor Beginn des ersten Termins der erhobenen Musterfeststellungsklage beim BfJ eingeht (§ 608 Absatz 1 ZPO a.F.). Die Anmeldung muss den Namen und die Anschrift des Verbrauchers, die Bezeichnung des Gerichts und das Aktenzeichen der Musterfeststellungsklage, die Bezeichnung des Beklagten der Musterfeststellungsklage, den Gegenstand und den Grund des Anspruchs oder des Rechtsverhältnisses des Verbrauchers sowie die Versicherung der Richtigkeit und Vollständigkeit der Angaben enthalten (§ 608 Absatz 2 Satz 1 ZPO a.F.). Die wirksame Anmeldung zur Musterfeststellungsklage hat die folgende Wirkungen: Die Erhebung der Musterfeststellungsklage hemmt die Verjährung des angemeldeten Anspruchs, sofern diesem Anspruch derselbe Lebenssachverhalt zugrunde liegt wie den Feststellungszielen der Musterfeststellungsklage (§ 204 Absatz 1 Nummer 1a BGB). Während der Rechtshängigkeit der Musterfeststellungsklage kann der angemeldete Verbraucher gegen den Beklagten keine Klage erheben, deren Streitgegenstand denselben Lebenssachverhalt und dieselben Feststellungsziele betrifft (§ 610 Absatz 3 ZPO a.F.). Macht der Verbraucher nach rechtskräftigem Abschluss des Musterfeststellungsverfahrens seinen angemeldeten Anspruch gegen den Beklagten geltend, ist im Streitfall das zur Entscheidung über diesen Rechtsstreit berufene Gericht an das rechtskräftige Musterfeststellungsurteil gebunden, soweit dessen Entscheidung die Feststellungsziele und den Lebenssachverhalt der Musterfeststellungsklage betrifft (§ 613 Absatz 1 Satz 1 ZPO a.F.). Auf der Internetseite www.bundesjustizamt.de stellt das BfJ Formulare für die Anmeldung von Ansprüchen zur Eintragung in das Klageregister, für die Änderung der Anschrift oder des Namens, für die Rücknahme der Anmeldung und für den Antrag auf Auszug über die im Klageregister erfassten Angaben zur Verfügung. Es wird empfohlen, diese Formulare zu verwenden. Die Formulare können auch postalisch beim Bundesamt für Justiz, Klageregister, 53094 Bonn, angefordert werden.</SimpleValue>
         </Value>
      </Row>
      <Row>
         <Value ColumnRef="code">
            <SimpleValue>04</SimpleValue>
         </Value>
         <Value ColumnRef="wert">
            <SimpleValue>Der Verbraucher kann seine Anmeldung zum Klageregister bis zum Ablauf des Tages des Beginns der mündlichen Verhandlung in der ersten Instanz zurücknehmen (§ 608 Absatz 3 ZPO a.F.). Die Rücknahme ist in Textform gegenüber dem BfJ zu erklären (§ 604 Absatz 4 ZPO a.F.). Für die Rücknahme stellt das BfJ ein Formular auf seiner Internetseite www.bundesjustizamt.de zur Verfügung. Das Formular kann auch postalisch beim Bundesamt für Justiz, Klageregister, 53094 Bonn, angefordert werden. Mit der Rücknahme der Anmeldung entfällt ihre Wirkung. Die Hemmung der Verjährung nach § 204 Absatz 1 Nummer 1a BGB a.F. endet 6 Monate nach Rücknahme der Anmeldung zum Klageregister (§ 204 Absatz 2 Satz 2 BGB a.F.).</SimpleValue>
         </Value>
      </Row>
      <Row>
         <Value ColumnRef="code">
            <SimpleValue>05</SimpleValue>
         </Value>
         <Value ColumnRef="wert">
            <SimpleValue>Das Verfahren der Musterfeststellungsklage kann durch einen gerichtlichen Vergleich mit Wirkung für und gegen die angemeldeten Verbraucher beendet werden (§ 611 Absatz 1 ZPO a.F.). Der Vergleich bedarf der Genehmigung durch das Gericht (§ 611 Absatz 3 Satz 1 ZPO a.F.). Das Gericht stellt den Verbrauchern, die zum Zeitpunkt der Genehmigung im Klageregister angemeldet sind, den genehmigten Vergleich mit einer Belehrung über dessen Wirkung, über ihr Recht zum Austritt aus dem Vergleich sowie über die hierfür einzuhaltende Form und Frist zu (§ 611 Absatz 4 Satz 1 ZPO a.F.). Jeder Verbraucher kann innerhalb einer Frist von einem Monat nach Zustellung des genehmigten Vergleichs den Austritt aus dem Vergleich erklären (§ 611 Absatz 4 Satz 2 ZPO a.F.). Der Austritt muss bei dem Gericht schriftlich oder zu Protokoll der Geschäftsstelle erklärt werden (§ 611 Absatz 4 Satz 3 ZPO a.F.). Durch den Austritt wird die Wirksamkeit der Anmeldung zum Klageregister nicht berührt (§ 611 Absatz 4 Satz 4 ZPO a.F.). Der vom Gericht genehmigte Vergleich wird wirksam, wenn weniger als 30 Prozent der angemeldeten Verbraucher ihren Austritt aus dem Vergleich erklärt haben (§ 611 Absatz 5 Satz 1 ZPO a.F.). Das Gericht stellt durch unanfechtbaren Beschluss den Inhalt und die Wirksamkeit des genehmigten Vergleichs fest und veranlasst die öffentliche Bekanntmachung des Beschlusses im Klageregister (§ 611 Absatz 5 Sätze 2 und 3 ZPO a.F.). Mit der Bekanntmachung des Beschlusses wirkt der Vergleich für und gegen diejenigen angemeldeten Verbraucher, die nicht ihren Austritt erklärt haben (§ 611 Absatz 5 Satz 4 ZPO a.F.).</SimpleValue>
         </Value>
      </Row>
      <Row>
         <Value ColumnRef="code">
            <SimpleValue>06</SimpleValue>
         </Value>
         <Value ColumnRef="wert">
            <SimpleValue>Nach rechtskräftigem Abschluss des Musterfeststellungsverfahrens hat das BfJ einem angemeldeten Verbraucher auf Antrag einen schriftlichen Auszug über die Angaben zu erteilen, die im Klageregister zu ihm und seiner Anmeldung erfasst sind (§ 607 Absatz 1 Nummer 8 ZPO a.F.). Für den Antrag stellt das BfJ ein Formular auf seiner Internetseite www.bundesjustizamt.de zur Verfügung. Das Formular kann auch postalisch beim Bundesamt für Justiz, Klageregister, 53094 Bonn, angefordert werden.</SimpleValue>
         </Value>
      </Row>
   </SimpleCodeList>
</gc:CodeList>
