<?xml version="1.0" encoding="UTF-8"?>
<gc:CodeList xmlns:gc="http://docs.oasis-open.org/codelist/ns/genericode/1.0/"
             xmlns:xoev-cl-4="http://xoev.de/schemata/genericode/4"
             xmlns:xsi="http://www.w3.org/2001/XMLSchema-instance">
   <Annotation>
      <Description>
         <xoev-cl-4:shortName>MFKREG.ArtDerÖffentlichenBekanntmachung</xoev-cl-4:shortName>
         <xoev-cl-4:codelistDescription>Im Zusammenhang mit der Berichtigung oder Änderung einer Bekanntmachung soll das Gericht die Art der Bekanntmachung angeben. Diese Codeliste enthält alle vorgesehenen Bekanntmachungsarten.</xoev-cl-4:codelistDescription>
         <xoev-cl-4:agencyShortName>AG IT-Standards</xoev-cl-4:agencyShortName>
         <xoev-cl-4:versionDescription>Im Zusammenhang mit der Berichtigung oder Änderung einer Bekanntmachung soll das Gericht die Art der Bekanntmachung angeben. Diese Codeliste enthält alle vorgesehenen Bekanntmachungsarten.</xoev-cl-4:versionDescription>
         <xoev-cl-4:validFrom>2026-04-30</xoev-cl-4:validFrom>
         <xoev-cl-4:versionHandbook>1.2</xoev-cl-4:versionHandbook>
      </Description>
   </Annotation>
   <Identification>
      <ShortName>mfkreg.artderoeffentlichenbekanntmachung</ShortName>
      <LongName>MFKREG.ArtDerÖffentlichenBekanntmachung</LongName>
      <Version>1.0</Version>
      <CanonicalUri>urn:xoev-de:xjustiz:codeliste:mfkreg.artderoeffentlichenbekanntmachung</CanonicalUri>
      <CanonicalVersionUri>urn:xoev-de:xjustiz:codeliste:mfkreg.artderoeffentlichenbekanntmachung_1.0</CanonicalVersionUri>
      <Agency>
         <LongName>BLK-AG IT-Standards in der Justiz</LongName>
      </Agency>
   </Identification>
   <ColumnSet>
      <Column Id="Code" Use="required">
         <ShortName>Code</ShortName>
         <LongName>Code</LongName>
         <Data Type="string"/>
      </Column>
      <Column Id="Beschreibung" Use="optional">
         <ShortName>Beschreibung</ShortName>
         <LongName>Beschreibung</LongName>
         <Data Type="string"/>
      </Column>
      <Key Id="CodeKey">
         <Annotation>
            <AppInfo>
               <xoev-cl-4:recommendedKeyColumn/>
            </AppInfo>
         </Annotation>
         <ShortName>CodeKey</ShortName>
         <ColumnRef Ref="Code"/>
      </Key>
   </ColumnSet>
   <SimpleCodeList>
      <Row>
         <Value ColumnRef="Code">
            <SimpleValue>001</SimpleValue>
         </Value>
         <Value ColumnRef="Beschreibung">
            <SimpleValue>einer Verbandsklage gemäß § 44 Nummer 1 bis 8 VDuG</SimpleValue>
         </Value>
      </Row>
      <Row>
         <Value ColumnRef="Code">
            <SimpleValue>002</SimpleValue>
         </Value>
         <Value ColumnRef="Beschreibung">
            <SimpleValue>einer Terminbestimmung gemäß § 44 Nummer 9 VDuG</SimpleValue>
         </Value>
      </Row>
      <Row>
         <Value ColumnRef="Code">
            <SimpleValue>003</SimpleValue>
         </Value>
         <Value ColumnRef="Beschreibung">
            <SimpleValue>eines Hinweises gemäß § 44 Nummer 9 VDuG</SimpleValue>
         </Value>
      </Row>
      <Row>
         <Value ColumnRef="Code">
            <SimpleValue>004</SimpleValue>
         </Value>
         <Value ColumnRef="Beschreibung">
            <SimpleValue>einer Zwischenentscheidung gemäß § 44 Nummer 9 VDuG</SimpleValue>
         </Value>
      </Row>
      <Row>
         <Value ColumnRef="Code">
            <SimpleValue>005</SimpleValue>
         </Value>
         <Value ColumnRef="Beschreibung">
            <SimpleValue>eines gerichtlich genehmigten Vergleichs gemäß § 44 Nummer 10 VDuG</SimpleValue>
         </Value>
      </Row>
      <Row>
         <Value ColumnRef="Code">
            <SimpleValue>006</SimpleValue>
         </Value>
         <Value ColumnRef="Beschreibung">
            <SimpleValue>eines Urteils gemäß § 44 Nummer 11 VDuG</SimpleValue>
         </Value>
      </Row>
      <Row>
         <Value ColumnRef="Code">
            <SimpleValue>007</SimpleValue>
         </Value>
         <Value ColumnRef="Beschreibung">
            <SimpleValue>der Einlegung eines Rechtsmittels gegen ein Verbandsklageurteil gemäß § 44 Nummer 12 VDuG</SimpleValue>
         </Value>
      </Row>
      <Row>
         <Value ColumnRef="Code">
            <SimpleValue>008</SimpleValue>
         </Value>
         <Value ColumnRef="Beschreibung">
            <SimpleValue>der Rechtskraft eines Verbandsklageurteils gemäß § 44 Nummer 13 VDuG</SimpleValue>
         </Value>
      </Row>
      <Row>
         <Value ColumnRef="Code">
            <SimpleValue>009</SimpleValue>
         </Value>
         <Value ColumnRef="Beschreibung">
            <SimpleValue>eines Beschlusses über die Bestellung eines Sachwalters gemäß § 44 Nummer 14 VDuG</SimpleValue>
         </Value>
      </Row>
      <Row>
         <Value ColumnRef="Code">
            <SimpleValue>010</SimpleValue>
         </Value>
         <Value ColumnRef="Beschreibung">
            <SimpleValue>eines Beschlusses durch den die Ablehnung eines Sachwalters für begründet erklärt wird gemäß § 44 Nummer 14 VDuG</SimpleValue>
         </Value>
      </Row>
      <Row>
         <Value ColumnRef="Code">
            <SimpleValue>011</SimpleValue>
         </Value>
         <Value ColumnRef="Beschreibung">
            <SimpleValue>eines Beschluss über die Entlassung eines Sachwalters gemäß § 44 Nummer 14 VDuG</SimpleValue>
         </Value>
      </Row>
      <Row>
         <Value ColumnRef="Code">
            <SimpleValue>012</SimpleValue>
         </Value>
         <Value ColumnRef="Beschreibung">
            <SimpleValue>eines Beschlusses über die Eröffnung eines Umsetzungsverfahrens gemäß § 44 Nummer 15 VDuG</SimpleValue>
         </Value>
      </Row>
      <Row>
         <Value ColumnRef="Code">
            <SimpleValue>013</SimpleValue>
         </Value>
         <Value ColumnRef="Beschreibung">
            <SimpleValue>eines Beschlusses über die Feststellung der Beendigung des Umsetzungsverfahrens gemäß § 44 Nummer 16 VDuG</SimpleValue>
         </Value>
      </Row>
      <Row>
         <Value ColumnRef="Code">
            <SimpleValue>014</SimpleValue>
         </Value>
         <Value ColumnRef="Beschreibung">
            <SimpleValue>der sonstigen Beendigung eines Verbandsklageverfahrens gemäß § 44 Nummer 17 VDuG</SimpleValue>
         </Value>
      </Row>
      <Row>
         <Value ColumnRef="Code">
            <SimpleValue>015</SimpleValue>
         </Value>
         <Value ColumnRef="Beschreibung">
            <SimpleValue>der Eröffnung des Insolvenzverfahrens über das Vermögen des Unternehmers gemäß § 44 Nummer 18 VDuG</SimpleValue>
         </Value>
      </Row>
   </SimpleCodeList>
</gc:CodeList>
