<?xml version="1.0" encoding="UTF-8"?>
<gc:CodeList xmlns:gc="http://docs.oasis-open.org/codelist/ns/genericode/1.0/"
             xmlns:xsi="http://www.w3.org/2001/XMLSchema-instance"
             xmlns:xoev-cl-3="http://xoev.de/schemata/genericode/3">
   <Annotation>
      <Description>
         <xoev-cl-3:nameKurz>MFKREG.Gliederungspunkte</xoev-cl-3:nameKurz>
         <xoev-cl-3:beschreibung-codeliste>Codeliste der möglichen Überschriften der Bekanntmachungen.</xoev-cl-3:beschreibung-codeliste>
         <xoev-cl-3:herausgebernameKurz>AG IT-Standards</xoev-cl-3:herausgebernameKurz>
         <xoev-cl-3:datumGueltigkeitAb>2023-10-31</xoev-cl-3:datumGueltigkeitAb>
         <xoev-cl-3:versionCodelistenHandbuch>1.1</xoev-cl-3:versionCodelistenHandbuch>
      </Description>
   </Annotation>
   <Identification>
      <ShortName>mfkreg.gliederungspunkte</ShortName>
      <LongName>MFKREG.Gliederungspunkte</LongName>
      <Version>1.2</Version>
      <CanonicalUri>urn:xoev-de:xjustiz:codeliste:mfkreg.gliederungspunkte</CanonicalUri>
      <CanonicalVersionUri>urn:xoev-de:xjustiz:codeliste:mfkreg.gliederungspunkte_1.2</CanonicalVersionUri>
      <Agency>
         <LongName>BLK-AG IT-Standards in der Justiz</LongName>
      </Agency>
   </Identification>
   <ColumnSet>
      <Column Id="code" Use="required">
         <ShortName>code</ShortName>
         <LongName>Schlüssel</LongName>
         <Data Type="string"/>
      </Column>
      <Column Id="wert" Use="required">
         <ShortName>wert</ShortName>
         <LongName>Wert</LongName>
         <Data Type="string"/>
      </Column>
      <Key Id="codeKey">
         <Annotation>
            <AppInfo>
               <xoev-cl-3:empfohleneCodeSpalte/>
            </AppInfo>
         </Annotation>
         <ShortName>codeKey</ShortName>
         <ColumnRef Ref="code"/>
      </Key>
   </ColumnSet>
   <SimpleCodeList>
      <Row>
         <Value ColumnRef="code">
            <SimpleValue>01</SimpleValue>
         </Value>
         <Value ColumnRef="wert">
            <SimpleValue>Feststellungsziele</SimpleValue>
         </Value>
      </Row>
      <Row>
         <Value ColumnRef="code">
            <SimpleValue>02</SimpleValue>
         </Value>
         <Value ColumnRef="wert">
            <SimpleValue>Kurze Darstellung des vorgetragenen Lebenssachverhalts</SimpleValue>
         </Value>
      </Row>
      <Row>
         <Value ColumnRef="code">
            <SimpleValue>03</SimpleValue>
         </Value>
         <Value ColumnRef="wert">
            <SimpleValue>Befugnis der Verbraucher zur Anmeldung von Ansprüchen oder Rechtsverhältnissen (gemäß § 607 Abs. 1 Nr. 6 bis 8 ZPO a.F.)</SimpleValue>
         </Value>
      </Row>
      <Row>
         <Value ColumnRef="code">
            <SimpleValue>04</SimpleValue>
         </Value>
         <Value ColumnRef="wert">
            <SimpleValue>Befugnis der Verbraucher zur Rücknahme der Anmeldung (gemäß § 607 Abs. 1 Nr. 6 bis 8 ZPO a.F.)</SimpleValue>
         </Value>
      </Row>
      <Row>
         <Value ColumnRef="code">
            <SimpleValue>05</SimpleValue>
         </Value>
         <Value ColumnRef="wert">
            <SimpleValue>Mögliche Verfahrensbeendigung durch Vergleich (gemäß § 607 Abs. 1 Nr. 6 bis 8 ZPO a.F.)</SimpleValue>
         </Value>
      </Row>
      <Row>
         <Value ColumnRef="code">
            <SimpleValue>06</SimpleValue>
         </Value>
         <Value ColumnRef="wert">
            <SimpleValue>Anspruch der Verbraucher auf Erteilung eines Auszugs aus dem Klageregister nach § 607 Abs. 1 Nr. 8 ZPO a.F. und § 609 Abs. 4 Satz 2 ZPO a.F. (gemäß § 607 Abs. 1 Nr. 6 bis 8 ZPO a.F.)</SimpleValue>
         </Value>
      </Row>
      <Row>
         <Value ColumnRef="code">
            <SimpleValue>07</SimpleValue>
         </Value>
         <Value ColumnRef="wert">
            <SimpleValue>Hinweise zum Termin</SimpleValue>
         </Value>
      </Row>
      <Row>
         <Value ColumnRef="code">
            <SimpleValue>08</SimpleValue>
         </Value>
         <Value ColumnRef="wert">
            <SimpleValue>Beschlussinhalt</SimpleValue>
         </Value>
      </Row>
      <Row>
         <Value ColumnRef="code">
            <SimpleValue>09</SimpleValue>
         </Value>
         <Value ColumnRef="wert">
            <SimpleValue>Berichtigungsbeschluss</SimpleValue>
         </Value>
      </Row>
      <Row>
         <Value ColumnRef="code">
            <SimpleValue>10</SimpleValue>
         </Value>
         <Value ColumnRef="wert">
            <SimpleValue>Beendigung durch Urteil</SimpleValue>
         </Value>
      </Row>
      <Row>
         <Value ColumnRef="code">
            <SimpleValue>11</SimpleValue>
         </Value>
         <Value ColumnRef="wert">
            <SimpleValue>Beendigung durch Vergleichsbeschluss</SimpleValue>
         </Value>
      </Row>
      <Row>
         <Value ColumnRef="code">
            <SimpleValue>12</SimpleValue>
         </Value>
         <Value ColumnRef="wert">
            <SimpleValue>Beendigung durch Klagerücknahme</SimpleValue>
         </Value>
      </Row>
      <Row>
         <Value ColumnRef="code">
            <SimpleValue>13</SimpleValue>
         </Value>
         <Value ColumnRef="wert">
            <SimpleValue>Beendigung durch Rechtsmittelrücknahme</SimpleValue>
         </Value>
      </Row>
      <Row>
         <Value ColumnRef="code">
            <SimpleValue>14</SimpleValue>
         </Value>
         <Value ColumnRef="wert">
            <SimpleValue>Beendigung durch Erledigung des Rechtsstreits</SimpleValue>
         </Value>
      </Row>
      <Row>
         <Value ColumnRef="code">
            <SimpleValue>15</SimpleValue>
         </Value>
         <Value ColumnRef="wert">
            <SimpleValue>Beendigung durch Sonstiges</SimpleValue>
         </Value>
      </Row>
      <Row>
         <Value ColumnRef="code">
            <SimpleValue>16</SimpleValue>
         </Value>
         <Value ColumnRef="wert">
            <SimpleValue>Behauptete Zuwiderhandlung, gegen die die Unterlassungsklage gerichtet ist</SimpleValue>
         </Value>
      </Row>
      <Row>
         <Value ColumnRef="code">
            <SimpleValue>17</SimpleValue>
         </Value>
         <Value ColumnRef="wert">
            <SimpleValue>Behauptete Zuwiderhandlung, die Anlass des Antrags auf Erlass der einstweiligen Verfügung ist</SimpleValue>
         </Value>
      </Row>
      <Row>
         <Value ColumnRef="code">
            <SimpleValue>18</SimpleValue>
         </Value>
         <Value ColumnRef="wert">
            <SimpleValue>Beendigung durch Beschluss</SimpleValue>
         </Value>
      </Row>
   </SimpleCodeList>
</gc:CodeList>
