<?xml version="1.0" encoding="UTF-8"?>
<gc:CodeList xmlns:gc="http://docs.oasis-open.org/codelist/ns/genericode/1.0/"
             xmlns:xoev-cl-4="http://xoev.de/schemata/genericode/4"
             xmlns:xsi="http://www.w3.org/2001/XMLSchema-instance">
   <Annotation>
      <Description>
         <xoev-cl-4:shortName>RAST.Belastungsart</xoev-cl-4:shortName>
         <xoev-cl-4:codelistDescription>Diese Codeliste enhält Belastungsarten</xoev-cl-4:codelistDescription>
         <xoev-cl-4:agencyShortName>AG IT-Standards</xoev-cl-4:agencyShortName>
         <xoev-cl-4:versionDescription>Diese Codeliste enhält Belastungsarten</xoev-cl-4:versionDescription>
         <xoev-cl-4:validFrom>2026-04-30</xoev-cl-4:validFrom>
         <xoev-cl-4:versionHandbook>1.2</xoev-cl-4:versionHandbook>
      </Description>
   </Annotation>
   <Identification>
      <ShortName>RAST.Belastungsart</ShortName>
      <LongName>RAST.Belastungsart</LongName>
      <Version>1.0</Version>
      <CanonicalUri>urn:xoev-de:xjustiz:codeliste:rast.belastungsart</CanonicalUri>
      <CanonicalVersionUri>urn:xoev-de:xjustiz:codeliste:rast.belastungsart_1.0</CanonicalVersionUri>
      <Agency>
         <LongName>BLK-AG IT-Standards in der Justiz</LongName>
      </Agency>
   </Identification>
   <ColumnSet>
      <Column Id="Code" Use="required">
         <ShortName>Code</ShortName>
         <LongName>Code</LongName>
         <Data Type="string"/>
      </Column>
      <Column Id="Wert" Use="required">
         <ShortName>Wert</ShortName>
         <LongName>Wert</LongName>
         <Data Type="string"/>
      </Column>
      <Key Id="CodeKey">
         <Annotation>
            <AppInfo>
               <xoev-cl-4:recommendedKeyColumn/>
            </AppInfo>
         </Annotation>
         <ShortName>CodeKey</ShortName>
         <ColumnRef Ref="Code"/>
      </Key>
   </ColumnSet>
   <SimpleCodeList>
      <Row>
         <Value ColumnRef="Code">
            <SimpleValue>001</SimpleValue>
         </Value>
         <Value ColumnRef="Wert">
            <SimpleValue>Schwangerschaft</SimpleValue>
         </Value>
      </Row>
      <Row>
         <Value ColumnRef="Code">
            <SimpleValue>002</SimpleValue>
         </Value>
         <Value ColumnRef="Wert">
            <SimpleValue>Alleinerziehend</SimpleValue>
         </Value>
      </Row>
      <Row>
         <Value ColumnRef="Code">
            <SimpleValue>003</SimpleValue>
         </Value>
         <Value ColumnRef="Wert">
            <SimpleValue>Schwerbehinderung</SimpleValue>
         </Value>
      </Row>
      <Row>
         <Value ColumnRef="Code">
            <SimpleValue>004</SimpleValue>
         </Value>
         <Value ColumnRef="Wert">
            <SimpleValue>Kostenaufwändige Ernährung aus medizinischen Gründen</SimpleValue>
         </Value>
      </Row>
      <Row>
         <Value ColumnRef="Code">
            <SimpleValue>005</SimpleValue>
         </Value>
         <Value ColumnRef="Wert">
            <SimpleValue>Sonstiges</SimpleValue>
         </Value>
      </Row>
   </SimpleCodeList>
</gc:CodeList>
