<?xml version="1.0" encoding="UTF-8"?>
<gc:CodeList xmlns:gc="http://docs.oasis-open.org/codelist/ns/genericode/1.0/"
             xmlns:xoev-cl-4="http://xoev.de/schemata/genericode/4"
             xmlns:xsi="http://www.w3.org/2001/XMLSchema-instance">
   <Annotation>
      <Description>
         <xoev-cl-4:shortName>RAST.Inhaber.Eigentums.Verhältnis</xoev-cl-4:shortName>
         <xoev-cl-4:codelistDescription>Diese Codeliste enthält das Inhaber-Eigentums-Verhältnis</xoev-cl-4:codelistDescription>
         <xoev-cl-4:agencyShortName>AG IT-Standards</xoev-cl-4:agencyShortName>
         <xoev-cl-4:versionDescription>Diese Codeliste enthält das Inhaber-Eigentums-Verhältnis</xoev-cl-4:versionDescription>
         <xoev-cl-4:validFrom>2026-04-30</xoev-cl-4:validFrom>
         <xoev-cl-4:versionHandbook>1.2</xoev-cl-4:versionHandbook>
      </Description>
   </Annotation>
   <Identification>
      <ShortName>RAST.Inhaber.Eigentums.Verhaeltnis</ShortName>
      <LongName>RAST.Inhaber.Eigentums.Verhältnis</LongName>
      <Version>1.0</Version>
      <CanonicalUri>urn:xoev-de:xjustiz:codeliste:rast.inhaber.eigentums.verhaeltnis</CanonicalUri>
      <CanonicalVersionUri>urn:xoev-de:xjustiz:codeliste:rast.inhaber.eigentums.verhaeltnis_1.0</CanonicalVersionUri>
      <Agency>
         <LongName>BLK-AG IT-Standards in der Justiz</LongName>
      </Agency>
   </Identification>
   <ColumnSet>
      <Column Id="Code" Use="required">
         <ShortName>Code</ShortName>
         <LongName>Code</LongName>
         <Data Type="string"/>
      </Column>
      <Column Id="Wert" Use="required">
         <ShortName>Wert</ShortName>
         <LongName>Wert</LongName>
         <Data Type="string"/>
      </Column>
      <Key Id="CodeKey">
         <Annotation>
            <AppInfo>
               <xoev-cl-4:recommendedKeyColumn/>
            </AppInfo>
         </Annotation>
         <ShortName>CodeKey</ShortName>
         <ColumnRef Ref="Code"/>
      </Key>
   </ColumnSet>
   <SimpleCodeList>
      <Row>
         <Value ColumnRef="Code">
            <SimpleValue>A</SimpleValue>
         </Value>
         <Value ColumnRef="Wert">
            <SimpleValue>Antragsteller/Antragstellerin</SimpleValue>
         </Value>
      </Row>
      <Row>
         <Value ColumnRef="Code">
            <SimpleValue>B</SimpleValue>
         </Value>
         <Value ColumnRef="Wert">
            <SimpleValue>Ehegatte/Ehegattin oder Lebenspartner/Lebenspartnerin</SimpleValue>
         </Value>
      </Row>
      <Row>
         <Value ColumnRef="Code">
            <SimpleValue>C</SimpleValue>
         </Value>
         <Value ColumnRef="Wert">
            <SimpleValue>Antragsteller/Antragstellerin gemeinsam mit Ehegatte/Ehegattin oder Lebenspartner/Lebenspartnerin</SimpleValue>
         </Value>
      </Row>
   </SimpleCodeList>
</gc:CodeList>
