<?xml version="1.0" encoding="UTF-8"?>
<gc:CodeList xmlns:gc="http://docs.oasis-open.org/codelist/ns/genericode/1.0/"
             xmlns:xoev-cl-3="http://xoev.de/schemata/genericode/3"
             xmlns:xsi="http://www.w3.org/2001/XMLSchema-instance">
   <Annotation>
      <Description>
         <xoev-cl-3:nameKurz>REG.Registerzeichenwechselgrund</xoev-cl-3:nameKurz>
         <xoev-cl-3:beschreibung-codeliste>Mögliche Gründe dafür, dass sich das Registerzeichen eines Rechtsträgers geändert hat (häufig auch verbunden mit einer veränderten Zuständigkeit der Registerstelle).</xoev-cl-3:beschreibung-codeliste>
         <xoev-cl-3:herausgebernameKurz>AG-IT-Standards</xoev-cl-3:herausgebernameKurz>
         <xoev-cl-3:datumGueltigkeitAb>2022-10-31</xoev-cl-3:datumGueltigkeitAb>
         <xoev-cl-3:versionCodelistenHandbuch>1.1</xoev-cl-3:versionCodelistenHandbuch>
      </Description>
   </Annotation>
   <Identification>
      <ShortName>reg.registerzeichenwechselgrund</ShortName>
      <LongName>REG.Registerzeichenwechselgrund</LongName>
      <Version>1.0</Version>
      <CanonicalUri>urn:xoev-de:xjustiz:codeliste:reg.registerzeichenwechselgrund</CanonicalUri>
      <CanonicalVersionUri>urn:xoev-de:xjustiz:codeliste:reg.registerzeichenwechselgrund_1.0</CanonicalVersionUri>
      <Agency>
         <LongName>BLK-AG IT-Standards in der Justiz</LongName>
      </Agency>
   </Identification>
   <ColumnSet>
      <Column Id="Schluessel" Use="required">
         <ShortName>Schluessel</ShortName>
         <LongName>Schluessel</LongName>
         <Data Type="string"/>
      </Column>
      <Column Id="Wert" Use="required">
         <ShortName>Wert</ShortName>
         <LongName>Wert</LongName>
         <Data Type="string"/>
      </Column>
      <Key Id="SchluesselKey">
         <Annotation>
            <AppInfo>
               <xoev-cl-3:empfohleneCodeSpalte/>
            </AppInfo>
         </Annotation>
         <ShortName>SchluesselKey</ShortName>
         <ColumnRef Ref="Schluessel"/>
      </Key>
   </ColumnSet>
   <SimpleCodeList>
      <Row>
         <Value ColumnRef="Schluessel">
            <SimpleValue>001</SimpleValue>
         </Value>
         <Value ColumnRef="Wert">
            <SimpleValue>Sitzverlegung</SimpleValue>
         </Value>
      </Row>
      <Row>
         <Value ColumnRef="Schluessel">
            <SimpleValue>002</SimpleValue>
         </Value>
         <Value ColumnRef="Wert">
            <SimpleValue>Formwechsel</SimpleValue>
         </Value>
      </Row>
      <Row>
         <Value ColumnRef="Schluessel">
            <SimpleValue>003</SimpleValue>
         </Value>
         <Value ColumnRef="Wert">
            <SimpleValue>Statuswechsel</SimpleValue>
         </Value>
      </Row>
      <Row>
         <Value ColumnRef="Schluessel">
            <SimpleValue>004</SimpleValue>
         </Value>
         <Value ColumnRef="Wert">
            <SimpleValue>Verschmelzung</SimpleValue>
         </Value>
      </Row>
      <Row>
         <Value ColumnRef="Schluessel">
            <SimpleValue>005</SimpleValue>
         </Value>
         <Value ColumnRef="Wert">
            <SimpleValue>Spaltung</SimpleValue>
         </Value>
      </Row>
      <Row>
         <Value ColumnRef="Schluessel">
            <SimpleValue>006</SimpleValue>
         </Value>
         <Value ColumnRef="Wert">
            <SimpleValue>Umschreibung auf ein anderes Registerblatt</SimpleValue>
         </Value>
      </Row>
      <Row>
         <Value ColumnRef="Schluessel">
            <SimpleValue>007</SimpleValue>
         </Value>
         <Value ColumnRef="Wert">
            <SimpleValue>Konzentration</SimpleValue>
         </Value>
      </Row>
      <Row>
         <Value ColumnRef="Schluessel">
            <SimpleValue>008</SimpleValue>
         </Value>
         <Value ColumnRef="Wert">
            <SimpleValue>Gebietsneuordnung</SimpleValue>
         </Value>
      </Row>
   </SimpleCodeList>
</gc:CodeList>
