<?xml version="1.0" encoding="UTF-8"?>
<gc:CodeList xmlns:gc="http://docs.oasis-open.org/codelist/ns/genericode/1.0/"
             xmlns:xoev-cl="http://xoev.de/schemata/genericode/1_0"
             xmlns:xsi="http://www.w3.org/2001/XMLSchema-instance"
             xsi:schemaLocation="http://docs.oasis-open.org/codelist/ns/genericode/1.0/ http://docs.oasis-open.org/codelist/cs-genericode-1.0/xsd/genericode.xsd http://xoev.de/schemata/genericode/1_0 http://xoev.de/schemata/genericode/1_0/xoev-cl-attributes.xsd">
   <Annotation>
      <Description>
         <xoev-cl:beschreibung>Beschreibt den Status der beim Handels-, Genossenschafts-, Partnerschafts- und Vereinsregister vorhandenen Dokumente.</xoev-cl:beschreibung>
         <xoev-cl:datumgueltigkeitab>2016-12-31</xoev-cl:datumgueltigkeitab>
      </Description>
   </Annotation>
   <Identification>
      <ShortName>REG.Dokumentstatus</ShortName>
      <LongName xml:lang="en">REG.Dokumentstatus</LongName>
      <Version>2.0</Version>
      <CanonicalUri>urn:xoev-de:xjustiz:codeliste:reg.dokumentstatus</CanonicalUri>
      <CanonicalVersionUri>urn:xoev-de:xjustiz:codeliste:reg.dokumentstatus_2.0</CanonicalVersionUri>
      <Agency>
         <ShortName xml:lang="de">AG-IT-Standards</ShortName>
         <LongName xml:lang="de">BLK-AG IT-Standards in der Justiz</LongName>
      </Agency>
   </Identification>
   <ColumnSet>
      <Column Id="Schluessel" Use="required">
         <ShortName>Schluessel</ShortName>
         <LongName>Schluessel</LongName>
         <Data Type="string"/>
      </Column>
      <Column Id="Wert" Use="required">
         <ShortName>Wert</ShortName>
         <LongName>Wert</LongName>
         <Data Type="string"/>
      </Column>
      <Key Id="codeKey">
         <Annotation>
            <AppInfo>
               <xoev-cl:xoev-code/>
            </AppInfo>
         </Annotation>
         <ShortName>codeKey</ShortName>
         <ColumnRef Ref="Schluessel"/>
      </Key>
   </ColumnSet>
   <SimpleCodeList>
      <Row>
         <Value ColumnRef="Schluessel">
            <SimpleValue>001</SimpleValue>
         </Value>
         <Value ColumnRef="Wert">
            <SimpleValue>Erstellt</SimpleValue>
         </Value>
      </Row>
      <Row>
         <Value ColumnRef="Schluessel">
            <SimpleValue>002</SimpleValue>
         </Value>
         <Value ColumnRef="Wert">
            <SimpleValue>Freigegeben</SimpleValue>
         </Value>
      </Row>
      <Row>
         <Value ColumnRef="Schluessel">
            <SimpleValue>003</SimpleValue>
         </Value>
         <Value ColumnRef="Wert">
            <SimpleValue>Gelöscht</SimpleValue>
         </Value>
      </Row>
      <Row>
         <Value ColumnRef="Schluessel">
            <SimpleValue>004</SimpleValue>
         </Value>
         <Value ColumnRef="Wert">
            <SimpleValue>Keine Webfreigabe</SimpleValue>
         </Value>
      </Row>
      <Row>
         <Value ColumnRef="Schluessel">
            <SimpleValue>005</SimpleValue>
         </Value>
         <Value ColumnRef="Wert">
            <SimpleValue>Neu</SimpleValue>
         </Value>
      </Row>
      <Row>
         <Value ColumnRef="Schluessel">
            <SimpleValue>006</SimpleValue>
         </Value>
         <Value ColumnRef="Wert">
            <SimpleValue>Webfreigabe</SimpleValue>
         </Value>
      </Row>
   </SimpleCodeList>
</gc:CodeList>
