<?xml version="1.0" encoding="UTF-8"?>
<gc:CodeList xmlns:gc="http://docs.oasis-open.org/codelist/ns/genericode/1.0/"
             xmlns:xoev-cl-3="http://xoev.de/schemata/genericode/3"
             xmlns:xsi="http://www.w3.org/2001/XMLSchema-instance">
   <Annotation>
      <Description>
         <xoev-cl-3:nameKurz>REG.Vertragsart</xoev-cl-3:nameKurz>
         <xoev-cl-3:beschreibung-codeliste>In dieser Codeliste stehen Vertragsarten für Rechtsträger.</xoev-cl-3:beschreibung-codeliste>
         <xoev-cl-3:herausgebernameKurz>AG-IT-Standards</xoev-cl-3:herausgebernameKurz>
         <xoev-cl-3:datumGueltigkeitAb>2020-03-16</xoev-cl-3:datumGueltigkeitAb>
         <xoev-cl-3:versionCodelistenHandbuch>1.0</xoev-cl-3:versionCodelistenHandbuch>
      </Description>
   </Annotation>
   <Identification>
      <ShortName>reg.vertragsart</ShortName>
      <LongName xml:lang="de-DE">REG.Vertragsart</LongName>
      <Version>1.0</Version>
      <CanonicalUri>urn:xoev-de:xjustiz:codeliste:reg.vertragsart</CanonicalUri>
      <CanonicalVersionUri>urn:xoev-de:xjustiz:codeliste:reg.vertragsart_1.0</CanonicalVersionUri>
      <Agency>
         <LongName xml:lang="de-DE">BLK-AG IT-Standards in der Justiz</LongName>
      </Agency>
   </Identification>
   <ColumnSet>
      <Column Id="Schluessel" Use="required">
         <ShortName>Schluessel</ShortName>
         <LongName xml:lang="de-DE">Schluessel</LongName>
         <Data Type="string"/>
      </Column>
      <Column Id="Wert" Use="required">
         <ShortName>Wert</ShortName>
         <LongName xml:lang="de-DE">Wert</LongName>
         <Data Type="string"/>
      </Column>
      <Key Id="SchluesselKey">
         <Annotation>
            <AppInfo>
               <xoev-cl-3:empfohleneCodeSpalte/>
            </AppInfo>
         </Annotation>
         <ShortName>SchluesselKey</ShortName>
         <ColumnRef Ref="Schluessel"/>
      </Key>
   </ColumnSet>
   <SimpleCodeList>
      <Row>
         <Value ColumnRef="Schluessel">
            <SimpleValue>001</SimpleValue>
         </Value>
         <Value ColumnRef="Wert">
            <SimpleValue>Gesellschaftsvertrag</SimpleValue>
         </Value>
      </Row>
      <Row>
         <Value ColumnRef="Schluessel">
            <SimpleValue>002</SimpleValue>
         </Value>
         <Value ColumnRef="Wert">
            <SimpleValue>Satzung</SimpleValue>
         </Value>
      </Row>
      <Row>
         <Value ColumnRef="Schluessel">
            <SimpleValue>003</SimpleValue>
         </Value>
         <Value ColumnRef="Wert">
            <SimpleValue>Statut</SimpleValue>
         </Value>
      </Row>
   </SimpleCodeList>
</gc:CodeList>
