<?xml version="1.0" encoding="UTF-8"?>
<gc:CodeList xmlns:gc="http://docs.oasis-open.org/codelist/ns/genericode/1.0/"
             xmlns:xoev-cl-4="http://xoev.de/schemata/genericode/4"
             xmlns:xsi="http://www.w3.org/2001/XMLSchema-instance">
   <Annotation>
      <Description>
         <xoev-cl-4:shortName>REG.Besondere_Befreiung</xoev-cl-4:shortName>
         <xoev-cl-4:codelistDescription>Beschreibt die im Handels-, Genossenschafts-, Partnerschafts- und Vereinsregister einzutragenden Befreiungen von § 181 BGB zur besonderen Vertretungsregelung des jeweiligen Vertreters.</xoev-cl-4:codelistDescription>
         <xoev-cl-4:agencyShortName>AG IT-Standards</xoev-cl-4:agencyShortName>
         <xoev-cl-4:validFrom>2023-07-20</xoev-cl-4:validFrom>
         <xoev-cl-4:versionHandbook>1.2</xoev-cl-4:versionHandbook>
         <xoev-cl-4:changes>Drei neue Einträge '037|mit der Befugnis - auch für jeden organschaftlichen Vertreter -, im Namen der Gesellschaft mit sich im eigenen Namen oder als Vertreter eines Dritten Rechtsgeschäfte abzuschließen' und '038|mit der Befugnis - auch für jeden organschaftlichen Vertreter -, im Namen der Gesellschaft mit sich im eigenen Namen Rechtsgeschäfte abzuschließen', sowie '039|mit der Befugnis - auch für jeden organschaftlichen Vertreter -, im Namen der Gesellschaft mit sich als Vertreter eines Dritten Rechtsgeschäfte abzuschließen'. Außerdem wurde die Codeliste auf die Version 1.2 des Codelistenhandbuchs aktualisiert.</xoev-cl-4:changes>
      </Description>
   </Annotation>
   <Identification>
      <ShortName>reg.besondere-befreiung</ShortName>
      <LongName>REG.Besondere_Befreiung</LongName>
      <Version>2.2</Version>
      <CanonicalUri>urn:xoev-de:xjustiz:codeliste:reg.besondere-befreiung</CanonicalUri>
      <CanonicalVersionUri>urn:xoev-de:xjustiz:codeliste:reg.besondere-befreiung_2.2</CanonicalVersionUri>
      <Agency>
         <LongName>BLK-AG IT-Standards in der Justiz</LongName>
      </Agency>
   </Identification>
   <ColumnSet>
      <Column Id="code" Use="required">
         <ShortName>code</ShortName>
         <LongName>Schlüssel</LongName>
         <Data Type="string"/>
      </Column>
      <Column Id="wert" Use="required">
         <ShortName>wert</ShortName>
         <LongName>Wert</LongName>
         <Data Type="string"/>
      </Column>
      <Key Id="codeKey">
         <Annotation>
            <AppInfo>
               <xoev-cl-4:recommendedKeyColumn/>
            </AppInfo>
         </Annotation>
         <ShortName>codeKey</ShortName>
         <ColumnRef Ref="code"/>
      </Key>
   </ColumnSet>
   <SimpleCodeList>
      <Row>
         <Value ColumnRef="code">
            <SimpleValue>001</SimpleValue>
         </Value>
         <Value ColumnRef="wert">
            <SimpleValue>mit der Befugnis - auch für die jeweiligen Geschäftsführer -, im Namen der Gesellschaft mit sich als Vertreter eines Dritten Rechtsgeschäfte abzuschließen</SimpleValue>
         </Value>
      </Row>
      <Row>
         <Value ColumnRef="code">
            <SimpleValue>002</SimpleValue>
         </Value>
         <Value ColumnRef="wert">
            <SimpleValue>mit der Befugnis - auch für die jeweiligen Geschäftsführer -, im Namen der Gesellschaft mit sich im eigenen Namen oder als Vertreter eines Dritten Rechtsgeschäfte abzuschließen</SimpleValue>
         </Value>
      </Row>
      <Row>
         <Value ColumnRef="code">
            <SimpleValue>003</SimpleValue>
         </Value>
         <Value ColumnRef="wert">
            <SimpleValue>mit der Befugnis - auch für die jeweiligen Geschäftsführer -, im Namen der Gesellschaft mit sich im eigenen Namen Rechtsgeschäfte abzuschließen</SimpleValue>
         </Value>
      </Row>
      <Row>
         <Value ColumnRef="code">
            <SimpleValue>004</SimpleValue>
         </Value>
         <Value ColumnRef="wert">
            <SimpleValue>mit der Befugnis -auch für jeden Geschäftsführer-, im Namen der Gesellschaft mit sich als Vertreter eines Dritten Rechtsgeschäfte abzuschließen</SimpleValue>
         </Value>
      </Row>
      <Row>
         <Value ColumnRef="code">
            <SimpleValue>005</SimpleValue>
         </Value>
         <Value ColumnRef="wert">
            <SimpleValue>mit der Befugnis -auch für jeden Geschäftsführer-, im Namen der Gesellschaft mit sich im eigenen Namen oder als Vertreter eines Dritten Rechtsgeschäfte abzuschließen</SimpleValue>
         </Value>
      </Row>
      <Row>
         <Value ColumnRef="code">
            <SimpleValue>006</SimpleValue>
         </Value>
         <Value ColumnRef="wert">
            <SimpleValue>mit der Befugnis -auch für jeden Geschäftsführer-, im Namen der Gesellschaft mit sich im eigenen Namen Rechtsgeschäfte abzuschließen</SimpleValue>
         </Value>
      </Row>
      <Row>
         <Value ColumnRef="code">
            <SimpleValue>007</SimpleValue>
         </Value>
         <Value ColumnRef="wert">
            <SimpleValue>mit der Befugnis, im Namen der Genossenschaft mit sich als Vertreter eines Dritten Rechtsgeschäfte abzuschließen</SimpleValue>
         </Value>
      </Row>
      <Row>
         <Value ColumnRef="code">
            <SimpleValue>008</SimpleValue>
         </Value>
         <Value ColumnRef="wert">
            <SimpleValue>mit der Befugnis, im Namen der Genossenschaft mit sich im eigenen Namen oder als Vertreter eines Dritten Rechtsgeschäfte abzuschließen</SimpleValue>
         </Value>
      </Row>
      <Row>
         <Value ColumnRef="code">
            <SimpleValue>009</SimpleValue>
         </Value>
         <Value ColumnRef="wert">
            <SimpleValue>mit der Befugnis, im Namen der Genossenschaft mit sich im eigenen Namen Rechtsgeschäfte abzuschließen.</SimpleValue>
         </Value>
      </Row>
      <Row>
         <Value ColumnRef="code">
            <SimpleValue>010</SimpleValue>
         </Value>
         <Value ColumnRef="wert">
            <SimpleValue>mit der Befugnis, im Namen der Gesellschaft mit sich als Vertreter eines Dritten Rechtsgeschäfte abzuschließen</SimpleValue>
         </Value>
      </Row>
      <Row>
         <Value ColumnRef="code">
            <SimpleValue>011</SimpleValue>
         </Value>
         <Value ColumnRef="wert">
            <SimpleValue>mit der Befugnis, im Namen der Gesellschaft mit sich im eigenen Namen oder als Vertreter eines Dritten Rechtsgeschäfte abzuschließen</SimpleValue>
         </Value>
      </Row>
      <Row>
         <Value ColumnRef="code">
            <SimpleValue>012</SimpleValue>
         </Value>
         <Value ColumnRef="wert">
            <SimpleValue>mit der Befugnis, im Namen der Gesellschaft mit sich im eigenen Namen Rechtsgeschäfte abzuschließen</SimpleValue>
         </Value>
      </Row>
      <Row>
         <Value ColumnRef="code">
            <SimpleValue>013</SimpleValue>
         </Value>
         <Value ColumnRef="wert">
            <SimpleValue>mit der Befugnis, im Namen der Inhaberin mit sich als Vertreter eines Dritten Rechtsgeschäfte abzuschließen</SimpleValue>
         </Value>
      </Row>
      <Row>
         <Value ColumnRef="code">
            <SimpleValue>014</SimpleValue>
         </Value>
         <Value ColumnRef="wert">
            <SimpleValue>mit der Befugnis, im Namen der Inhaberin mit sich im eigenen Namen oder als Vertreter eines Dritten Rechtsgeschäfte abzuschließen</SimpleValue>
         </Value>
      </Row>
      <Row>
         <Value ColumnRef="code">
            <SimpleValue>015</SimpleValue>
         </Value>
         <Value ColumnRef="wert">
            <SimpleValue>mit der Befugnis, im Namen der Inhaberin mit sich im eigenen Namen Rechtsgeschäfte abzuschließen</SimpleValue>
         </Value>
      </Row>
      <Row>
         <Value ColumnRef="code">
            <SimpleValue>016</SimpleValue>
         </Value>
         <Value ColumnRef="wert">
            <SimpleValue>mit der Befugnis, im Namen der Partnerschaft mit sich als Vertreter eines Dritten Rechtsgeschäfte abzuschließen</SimpleValue>
         </Value>
      </Row>
      <Row>
         <Value ColumnRef="code">
            <SimpleValue>017</SimpleValue>
         </Value>
         <Value ColumnRef="wert">
            <SimpleValue>mit der Befugnis, im Namen der Partnerschaft mit sich im eigenen Namen oder als Vertreter eines Dritten Rechtsgeschäfte abzuschließen</SimpleValue>
         </Value>
      </Row>
      <Row>
         <Value ColumnRef="code">
            <SimpleValue>018</SimpleValue>
         </Value>
         <Value ColumnRef="wert">
            <SimpleValue>mit der Befugnis, im Namen der Partnerschaft mit sich im eigenen Namen Rechtsgeschäfte abzuschließen</SimpleValue>
         </Value>
      </Row>
      <Row>
         <Value ColumnRef="code">
            <SimpleValue>019</SimpleValue>
         </Value>
         <Value ColumnRef="wert">
            <SimpleValue>mit der Befugnis, im Namen der Vereinigung mit sich als Vertreter eines Dritten Rechtsgeschäfte abzuschließen</SimpleValue>
         </Value>
      </Row>
      <Row>
         <Value ColumnRef="code">
            <SimpleValue>020</SimpleValue>
         </Value>
         <Value ColumnRef="wert">
            <SimpleValue>mit der Befugnis, im Namen der Vereinigung mit sich im eigenen Namen oder als Vertreter eines Dritten Rechtsgeschäfte abzuschließen</SimpleValue>
         </Value>
      </Row>
      <Row>
         <Value ColumnRef="code">
            <SimpleValue>021</SimpleValue>
         </Value>
         <Value ColumnRef="wert">
            <SimpleValue>mit der Befugnis, im Namen der Vereinigung mit sich im eigenen Namen Rechtsgeschäfte abzuschließen</SimpleValue>
         </Value>
      </Row>
      <Row>
         <Value ColumnRef="code">
            <SimpleValue>022</SimpleValue>
         </Value>
         <Value ColumnRef="wert">
            <SimpleValue>mit der Befugnis, im Namen des Eigenbetriebs mit sich als Vertreter eines Dritten Rechtsgeschäfte abzuschließen</SimpleValue>
         </Value>
      </Row>
      <Row>
         <Value ColumnRef="code">
            <SimpleValue>023</SimpleValue>
         </Value>
         <Value ColumnRef="wert">
            <SimpleValue>mit der Befugnis, im Namen des Eigenbetriebs mit sich im eigenen Namen oder als Vertreter eines Dritten Rechtsgeschäfte abzuschließen</SimpleValue>
         </Value>
      </Row>
      <Row>
         <Value ColumnRef="code">
            <SimpleValue>024</SimpleValue>
         </Value>
         <Value ColumnRef="wert">
            <SimpleValue>mit der Befugnis, im Namen des Eigenbetriebs mit sich im eigenen Namen Rechtsgeschäfte abzuschließen</SimpleValue>
         </Value>
      </Row>
      <Row>
         <Value ColumnRef="code">
            <SimpleValue>025</SimpleValue>
         </Value>
         <Value ColumnRef="wert">
            <SimpleValue>mit der Befugnis, im Namen des Inhabers mit sich als Vertreter eines Dritten Rechtsgeschäfte abzuschließen</SimpleValue>
         </Value>
      </Row>
      <Row>
         <Value ColumnRef="code">
            <SimpleValue>026</SimpleValue>
         </Value>
         <Value ColumnRef="wert">
            <SimpleValue>mit der Befugnis, im Namen des Inhabers mit sich im eigenen Namen oder als Vertreter eines Dritten Rechtsgeschäfte abzuschließen</SimpleValue>
         </Value>
      </Row>
      <Row>
         <Value ColumnRef="code">
            <SimpleValue>027</SimpleValue>
         </Value>
         <Value ColumnRef="wert">
            <SimpleValue>mit der Befugnis, im Namen des Inhabers mit sich im eigenen Namen Rechtsgeschäfte abzuschließen</SimpleValue>
         </Value>
      </Row>
      <Row>
         <Value ColumnRef="code">
            <SimpleValue>028</SimpleValue>
         </Value>
         <Value ColumnRef="wert">
            <SimpleValue>mit der Befugnis, im Namen des Rechtsträgers mit sich als Vertreter eines Dritten Rechtsgeschäfte abzuschließen</SimpleValue>
         </Value>
      </Row>
      <Row>
         <Value ColumnRef="code">
            <SimpleValue>029</SimpleValue>
         </Value>
         <Value ColumnRef="wert">
            <SimpleValue>mit der Befugnis, im Namen des Rechtsträgers mit sich im eigenen Namen oder als Vertreter eines Dritten Rechtsgeschäfte abzuschließen</SimpleValue>
         </Value>
      </Row>
      <Row>
         <Value ColumnRef="code">
            <SimpleValue>030</SimpleValue>
         </Value>
         <Value ColumnRef="wert">
            <SimpleValue>mit der Befugnis, im Namen des Rechtsträgers mit sich im eigenen Namen Rechtsgeschäfte abzuschließen</SimpleValue>
         </Value>
      </Row>
      <Row>
         <Value ColumnRef="code">
            <SimpleValue>031</SimpleValue>
         </Value>
         <Value ColumnRef="wert">
            <SimpleValue>mit der Befugnis, im Namen des Vereins mit sich als Vertreter eines Dritten Rechtsgeschäfte abzuschließen</SimpleValue>
         </Value>
      </Row>
      <Row>
         <Value ColumnRef="code">
            <SimpleValue>032</SimpleValue>
         </Value>
         <Value ColumnRef="wert">
            <SimpleValue>mit der Befugnis, im Namen des Vereins mit sich im eigenen Namen oder als Vertreter eines Dritten Rechtsgeschäfte abzuschließen</SimpleValue>
         </Value>
      </Row>
      <Row>
         <Value ColumnRef="code">
            <SimpleValue>033</SimpleValue>
         </Value>
         <Value ColumnRef="wert">
            <SimpleValue>mit der Befugnis, im Namen des Vereins mit sich im eigenen Namen Rechtsgeschäfte abzuschließen</SimpleValue>
         </Value>
      </Row>
      <Row>
         <Value ColumnRef="code">
            <SimpleValue>034</SimpleValue>
         </Value>
         <Value ColumnRef="wert">
            <SimpleValue>mit der Befugnis, im Namen des Versicherungsvereins mit sich als Vertreter eines Dritten Rechtsgeschäfte abzuschließen</SimpleValue>
         </Value>
      </Row>
      <Row>
         <Value ColumnRef="code">
            <SimpleValue>035</SimpleValue>
         </Value>
         <Value ColumnRef="wert">
            <SimpleValue>mit der Befugnis, im Namen des Versicherungsvereins mit sich im eigenen Namen oder als Vertreter eines Dritten Rechtsgeschäfte abzuschließen</SimpleValue>
         </Value>
      </Row>
      <Row>
         <Value ColumnRef="code">
            <SimpleValue>036</SimpleValue>
         </Value>
         <Value ColumnRef="wert">
            <SimpleValue>mit der Befugnis, im Namen des Versicherungsvereins mit sich im eigenen Namen Rechtsgeschäfte abzuschließen</SimpleValue>
         </Value>
      </Row>
      <Row>
         <Value ColumnRef="code">
            <SimpleValue>037</SimpleValue>
         </Value>
         <Value ColumnRef="wert">
            <SimpleValue>mit der Befugnis - auch für jeden organschaftlichen Vertreter -, im Namen der Gesellschaft mit sich im eigenen Namen oder als Vertreter eines Dritten Rechtsgeschäfte abzuschließen</SimpleValue>
         </Value>
      </Row>
      <Row>
         <Value ColumnRef="code">
            <SimpleValue>038</SimpleValue>
         </Value>
         <Value ColumnRef="wert">
            <SimpleValue>mit der Befugnis - auch für jeden organschaftlichen Vertreter -, im Namen der Gesellschaft mit sich im eigenen Namen Rechtsgeschäfte abzuschließen</SimpleValue>
         </Value>
      </Row>
      <Row>
         <Value ColumnRef="code">
            <SimpleValue>039</SimpleValue>
         </Value>
         <Value ColumnRef="wert">
            <SimpleValue>mit der Befugnis - auch für jeden organschaftlichen Vertreter -, im Namen der Gesellschaft mit sich als Vertreter eines Dritten Rechtsgeschäfte abzuschließen</SimpleValue>
         </Value>
      </Row>
   </SimpleCodeList>
</gc:CodeList>
