<?xml version="1.0" encoding="UTF-8"?>
<gc:CodeList xmlns:gc="http://docs.oasis-open.org/codelist/ns/genericode/1.0/"
             xmlns:xsi="http://www.w3.org/2001/XMLSchema-instance"
             xmlns:xoev-cl-3="http://xoev.de/schemata/genericode/3">
   <Annotation>
      <Description>
         <xoev-cl-3:nameKurz>SCHIR.Schiffsgattung</xoev-cl-3:nameKurz>
         <xoev-cl-3:beschreibung-codeliste>Codeliste der verschiedenen Schiffsgattungen im Fachverfahren Schiffsregister.</xoev-cl-3:beschreibung-codeliste>
         <xoev-cl-3:herausgebernameKurz>AG IT-Standards</xoev-cl-3:herausgebernameKurz>
         <xoev-cl-3:datumGueltigkeitAb>2023-10-31</xoev-cl-3:datumGueltigkeitAb>
         <xoev-cl-3:versionCodelistenHandbuch>1.1</xoev-cl-3:versionCodelistenHandbuch>
      </Description>
   </Annotation>
   <Identification>
      <ShortName>schir.schiffsgattung</ShortName>
      <LongName>SCHIR.Schiffsgattung</LongName>
      <Version>1.0</Version>
      <CanonicalUri>urn:xoev-de:xjustiz:codeliste:schir.schiffsgattung</CanonicalUri>
      <CanonicalVersionUri>urn:xoev-de:xjustiz:codeliste:schir.schiffsgattung_1.0</CanonicalVersionUri>
      <Agency>
         <LongName>BLK-AG IT-Standards in der Justiz</LongName>
      </Agency>
   </Identification>
   <ColumnSet>
      <Column Id="code" Use="required">
         <ShortName>code</ShortName>
         <LongName>Schlüssel</LongName>
         <Data Type="string"/>
      </Column>
      <Column Id="wert" Use="required">
         <ShortName>wert</ShortName>
         <LongName>Wert</LongName>
         <Data Type="string"/>
      </Column>
      <Column Id="beschreibung" Use="optional">
         <ShortName>beschreibung</ShortName>
         <LongName>Beschreibung</LongName>
         <Data Type="string"/>
      </Column>
      <Key Id="codeKey">
         <Annotation>
            <AppInfo>
               <xoev-cl-3:empfohleneCodeSpalte/>
            </AppInfo>
         </Annotation>
         <ShortName>codeKey</ShortName>
         <ColumnRef Ref="code"/>
      </Key>
   </ColumnSet>
   <SimpleCodeList>
      <Row>
         <Value ColumnRef="code">
            <SimpleValue>001</SimpleValue>
         </Value>
         <Value ColumnRef="wert">
            <SimpleValue>Fahrgastschiff</SimpleValue>
         </Value>
         <Value ColumnRef="beschreibung">
            <SimpleValue>Passenger ship</SimpleValue>
         </Value>
      </Row>
      <Row>
         <Value ColumnRef="code">
            <SimpleValue>002</SimpleValue>
         </Value>
         <Value ColumnRef="wert">
            <SimpleValue>Traditionsschiff</SimpleValue>
         </Value>
         <Value ColumnRef="beschreibung">
            <SimpleValue>Traditional ship</SimpleValue>
         </Value>
      </Row>
      <Row>
         <Value ColumnRef="code">
            <SimpleValue>003</SimpleValue>
         </Value>
         <Value ColumnRef="wert">
            <SimpleValue>Ro-Ro-Schiff</SimpleValue>
         </Value>
         <Value ColumnRef="beschreibung">
            <SimpleValue>Ro-Ro-ship</SimpleValue>
         </Value>
      </Row>
      <Row>
         <Value ColumnRef="code">
            <SimpleValue>004</SimpleValue>
         </Value>
         <Value ColumnRef="wert">
            <SimpleValue>Frachtschiff</SimpleValue>
         </Value>
         <Value ColumnRef="beschreibung">
            <SimpleValue>Cargo ship</SimpleValue>
         </Value>
      </Row>
      <Row>
         <Value ColumnRef="code">
            <SimpleValue>005</SimpleValue>
         </Value>
         <Value ColumnRef="wert">
            <SimpleValue>Stückgutfrachter</SimpleValue>
         </Value>
         <Value ColumnRef="beschreibung">
            <SimpleValue>General cargo ship</SimpleValue>
         </Value>
      </Row>
      <Row>
         <Value ColumnRef="code">
            <SimpleValue>006</SimpleValue>
         </Value>
         <Value ColumnRef="wert">
            <SimpleValue>Kühlschiff</SimpleValue>
         </Value>
         <Value ColumnRef="beschreibung">
            <SimpleValue>Refrigerated cargo ship</SimpleValue>
         </Value>
      </Row>
      <Row>
         <Value ColumnRef="code">
            <SimpleValue>007</SimpleValue>
         </Value>
         <Value ColumnRef="wert">
            <SimpleValue>Vielzweckfrachtschiff</SimpleValue>
         </Value>
         <Value ColumnRef="beschreibung">
            <SimpleValue>Multi-purpose cargo ship</SimpleValue>
         </Value>
      </Row>
      <Row>
         <Value ColumnRef="code">
            <SimpleValue>008</SimpleValue>
         </Value>
         <Value ColumnRef="wert">
            <SimpleValue>Versorgungsschiff</SimpleValue>
         </Value>
         <Value ColumnRef="beschreibung">
            <SimpleValue>Supply vessel</SimpleValue>
         </Value>
      </Row>
      <Row>
         <Value ColumnRef="code">
            <SimpleValue>009</SimpleValue>
         </Value>
         <Value ColumnRef="wert">
            <SimpleValue>Autotransportschiff</SimpleValue>
         </Value>
         <Value ColumnRef="beschreibung">
            <SimpleValue>Car carrier</SimpleValue>
         </Value>
      </Row>
      <Row>
         <Value ColumnRef="code">
            <SimpleValue>010</SimpleValue>
         </Value>
         <Value ColumnRef="wert">
            <SimpleValue>Bohrinselversorgungsschiff</SimpleValue>
         </Value>
         <Value ColumnRef="beschreibung">
            <SimpleValue>Offshore supply vessel</SimpleValue>
         </Value>
      </Row>
      <Row>
         <Value ColumnRef="code">
            <SimpleValue>011</SimpleValue>
         </Value>
         <Value ColumnRef="wert">
            <SimpleValue>Massengutschiff</SimpleValue>
         </Value>
         <Value ColumnRef="beschreibung">
            <SimpleValue>Bulk carrier</SimpleValue>
         </Value>
      </Row>
      <Row>
         <Value ColumnRef="code">
            <SimpleValue>012</SimpleValue>
         </Value>
         <Value ColumnRef="wert">
            <SimpleValue>Öltanker</SimpleValue>
         </Value>
         <Value ColumnRef="beschreibung">
            <SimpleValue>Oil tanker</SimpleValue>
         </Value>
      </Row>
      <Row>
         <Value ColumnRef="code">
            <SimpleValue>013</SimpleValue>
         </Value>
         <Value ColumnRef="wert">
            <SimpleValue>Produktentankschiff</SimpleValue>
         </Value>
         <Value ColumnRef="beschreibung">
            <SimpleValue>Product tanker</SimpleValue>
         </Value>
      </Row>
      <Row>
         <Value ColumnRef="code">
            <SimpleValue>014</SimpleValue>
         </Value>
         <Value ColumnRef="wert">
            <SimpleValue>Tankschiff</SimpleValue>
         </Value>
         <Value ColumnRef="beschreibung">
            <SimpleValue>Tanker</SimpleValue>
         </Value>
      </Row>
      <Row>
         <Value ColumnRef="code">
            <SimpleValue>015</SimpleValue>
         </Value>
         <Value ColumnRef="wert">
            <SimpleValue>Flüssiggastanker</SimpleValue>
         </Value>
         <Value ColumnRef="beschreibung">
            <SimpleValue>Liquefied gas tanker</SimpleValue>
         </Value>
      </Row>
      <Row>
         <Value ColumnRef="code">
            <SimpleValue>016</SimpleValue>
         </Value>
         <Value ColumnRef="wert">
            <SimpleValue>Chemikalientankschiff</SimpleValue>
         </Value>
         <Value ColumnRef="beschreibung">
            <SimpleValue>Chemical tanker</SimpleValue>
         </Value>
      </Row>
      <Row>
         <Value ColumnRef="code">
            <SimpleValue>017</SimpleValue>
         </Value>
         <Value ColumnRef="wert">
            <SimpleValue>Fischereifahrzeug</SimpleValue>
         </Value>
         <Value ColumnRef="beschreibung">
            <SimpleValue>Fishing vessel</SimpleValue>
         </Value>
      </Row>
      <Row>
         <Value ColumnRef="code">
            <SimpleValue>018</SimpleValue>
         </Value>
         <Value ColumnRef="wert">
            <SimpleValue>Schlepper</SimpleValue>
         </Value>
         <Value ColumnRef="beschreibung">
            <SimpleValue>Tug</SimpleValue>
         </Value>
      </Row>
      <Row>
         <Value ColumnRef="code">
            <SimpleValue>019</SimpleValue>
         </Value>
         <Value ColumnRef="wert">
            <SimpleValue>Eisbrecher</SimpleValue>
         </Value>
         <Value ColumnRef="beschreibung">
            <SimpleValue>Ice-breaker</SimpleValue>
         </Value>
      </Row>
      <Row>
         <Value ColumnRef="code">
            <SimpleValue>020</SimpleValue>
         </Value>
         <Value ColumnRef="wert">
            <SimpleValue>Personenzubringerboot</SimpleValue>
         </Value>
         <Value ColumnRef="beschreibung">
            <SimpleValue>Crew boat</SimpleValue>
         </Value>
      </Row>
      <Row>
         <Value ColumnRef="code">
            <SimpleValue>021</SimpleValue>
         </Value>
         <Value ColumnRef="wert">
            <SimpleValue>Lotsenschiff</SimpleValue>
         </Value>
         <Value ColumnRef="beschreibung">
            <SimpleValue>Pilot vessel</SimpleValue>
         </Value>
      </Row>
      <Row>
         <Value ColumnRef="code">
            <SimpleValue>022</SimpleValue>
         </Value>
         <Value ColumnRef="wert">
            <SimpleValue>Leichter</SimpleValue>
         </Value>
         <Value ColumnRef="beschreibung">
            <SimpleValue>Barge</SimpleValue>
         </Value>
      </Row>
      <Row>
         <Value ColumnRef="code">
            <SimpleValue>023</SimpleValue>
         </Value>
         <Value ColumnRef="wert">
            <SimpleValue>Schute</SimpleValue>
         </Value>
         <Value ColumnRef="beschreibung">
            <SimpleValue>Barge</SimpleValue>
         </Value>
      </Row>
      <Row>
         <Value ColumnRef="code">
            <SimpleValue>024</SimpleValue>
         </Value>
         <Value ColumnRef="wert">
            <SimpleValue>Ponton</SimpleValue>
         </Value>
         <Value ColumnRef="beschreibung">
            <SimpleValue>Pontoon</SimpleValue>
         </Value>
      </Row>
      <Row>
         <Value ColumnRef="code">
            <SimpleValue>025</SimpleValue>
         </Value>
         <Value ColumnRef="wert">
            <SimpleValue>Sportboot</SimpleValue>
         </Value>
         <Value ColumnRef="beschreibung">
            <SimpleValue>Pleasure craft</SimpleValue>
         </Value>
      </Row>
      <Row>
         <Value ColumnRef="code">
            <SimpleValue>026</SimpleValue>
         </Value>
         <Value ColumnRef="wert">
            <SimpleValue>Segelyacht</SimpleValue>
         </Value>
         <Value ColumnRef="beschreibung">
            <SimpleValue>Sailing yacht</SimpleValue>
         </Value>
      </Row>
      <Row>
         <Value ColumnRef="code">
            <SimpleValue>027</SimpleValue>
         </Value>
         <Value ColumnRef="wert">
            <SimpleValue>Segelyacht (Katamaran)</SimpleValue>
         </Value>
         <Value ColumnRef="beschreibung">
            <SimpleValue>Sailing Yacht (Katamaran)</SimpleValue>
         </Value>
      </Row>
      <Row>
         <Value ColumnRef="code">
            <SimpleValue>028</SimpleValue>
         </Value>
         <Value ColumnRef="wert">
            <SimpleValue>Motoryacht</SimpleValue>
         </Value>
         <Value ColumnRef="beschreibung">
            <SimpleValue>Motor yacht</SimpleValue>
         </Value>
      </Row>
      <Row>
         <Value ColumnRef="code">
            <SimpleValue>029</SimpleValue>
         </Value>
         <Value ColumnRef="wert">
            <SimpleValue>Motorsegelyacht</SimpleValue>
         </Value>
         <Value ColumnRef="beschreibung">
            <SimpleValue>Motor sailer</SimpleValue>
         </Value>
      </Row>
      <Row>
         <Value ColumnRef="code">
            <SimpleValue>030</SimpleValue>
         </Value>
         <Value ColumnRef="wert">
            <SimpleValue>Containerschiff</SimpleValue>
         </Value>
         <Value ColumnRef="beschreibung">
            <SimpleValue>Container ship</SimpleValue>
         </Value>
      </Row>
      <Row>
         <Value ColumnRef="code">
            <SimpleValue>031</SimpleValue>
         </Value>
         <Value ColumnRef="wert">
            <SimpleValue>Kreuzfahrtschiff</SimpleValue>
         </Value>
         <Value ColumnRef="beschreibung">
            <SimpleValue>Cruise vessel</SimpleValue>
         </Value>
      </Row>
      <Row>
         <Value ColumnRef="code">
            <SimpleValue>032</SimpleValue>
         </Value>
         <Value ColumnRef="wert">
            <SimpleValue>Sonstige</SimpleValue>
         </Value>
         <Value ColumnRef="beschreibung">
            <SimpleValue>Other</SimpleValue>
         </Value>
      </Row>
   </SimpleCodeList>
</gc:CodeList>
