<?xml version="1.0" encoding="UTF-8"?>
<gc:CodeList xmlns:gc="http://docs.oasis-open.org/codelist/ns/genericode/1.0/"
             xmlns:xsi="http://www.w3.org/2001/XMLSchema-instance"
             xmlns:xoev-cl-3="http://xoev.de/schemata/genericode/3">
   <Annotation>
      <Description>
         <xoev-cl-3:nameKurz>SCHIR.Baustoff</xoev-cl-3:nameKurz>
         <xoev-cl-3:beschreibung-codeliste>Codeliste der verschiedenen Schiffsbaustoffe im Fachverfahren Schiffsregister.</xoev-cl-3:beschreibung-codeliste>
         <xoev-cl-3:herausgebernameKurz>AG IT-Standards</xoev-cl-3:herausgebernameKurz>
         <xoev-cl-3:datumGueltigkeitAb>2023-10-31</xoev-cl-3:datumGueltigkeitAb>
         <xoev-cl-3:versionCodelistenHandbuch>1.1</xoev-cl-3:versionCodelistenHandbuch>
      </Description>
   </Annotation>
   <Identification>
      <ShortName>schir.baustoff</ShortName>
      <LongName>SCHIR.Baustoff</LongName>
      <Version>1.0</Version>
      <CanonicalUri>urn:xoev-de:xjustiz:codeliste:schir.baustoff</CanonicalUri>
      <CanonicalVersionUri>urn:xoev-de:xjustiz:codeliste:schir.baustoff_1.0</CanonicalVersionUri>
      <Agency>
         <LongName>BLK-AG IT-Standards in der Justiz</LongName>
      </Agency>
   </Identification>
   <ColumnSet>
      <Column Id="code" Use="required">
         <ShortName>code</ShortName>
         <LongName>Schlüssel</LongName>
         <Data Type="string"/>
      </Column>
      <Column Id="wert" Use="required">
         <ShortName>wert</ShortName>
         <LongName>Wert</LongName>
         <Data Type="string"/>
      </Column>
      <Key Id="codeKey">
         <Annotation>
            <AppInfo>
               <xoev-cl-3:empfohleneCodeSpalte/>
            </AppInfo>
         </Annotation>
         <ShortName>codeKey</ShortName>
         <ColumnRef Ref="code"/>
      </Key>
   </ColumnSet>
   <SimpleCodeList>
      <Row>
         <Value ColumnRef="code">
            <SimpleValue>001</SimpleValue>
         </Value>
         <Value ColumnRef="wert">
            <SimpleValue>Stahl</SimpleValue>
         </Value>
      </Row>
      <Row>
         <Value ColumnRef="code">
            <SimpleValue>002</SimpleValue>
         </Value>
         <Value ColumnRef="wert">
            <SimpleValue>GFK (Glasfaserverstärkter Kunststoff)</SimpleValue>
         </Value>
      </Row>
      <Row>
         <Value ColumnRef="code">
            <SimpleValue>003</SimpleValue>
         </Value>
         <Value ColumnRef="wert">
            <SimpleValue>Kunststoff</SimpleValue>
         </Value>
      </Row>
      <Row>
         <Value ColumnRef="code">
            <SimpleValue>004</SimpleValue>
         </Value>
         <Value ColumnRef="wert">
            <SimpleValue>Holz</SimpleValue>
         </Value>
      </Row>
      <Row>
         <Value ColumnRef="code">
            <SimpleValue>005</SimpleValue>
         </Value>
         <Value ColumnRef="wert">
            <SimpleValue>Aluminium</SimpleValue>
         </Value>
      </Row>
      <Row>
         <Value ColumnRef="code">
            <SimpleValue>006</SimpleValue>
         </Value>
         <Value ColumnRef="wert">
            <SimpleValue>Zement</SimpleValue>
         </Value>
      </Row>
      <Row>
         <Value ColumnRef="code">
            <SimpleValue>007</SimpleValue>
         </Value>
         <Value ColumnRef="wert">
            <SimpleValue>Komposit</SimpleValue>
         </Value>
      </Row>
      <Row>
         <Value ColumnRef="code">
            <SimpleValue>008</SimpleValue>
         </Value>
         <Value ColumnRef="wert">
            <SimpleValue>Sonstiges</SimpleValue>
         </Value>
      </Row>
      <Row>
         <Value ColumnRef="code">
            <SimpleValue>009</SimpleValue>
         </Value>
         <Value ColumnRef="wert">
            <SimpleValue>Glasfaser</SimpleValue>
         </Value>
      </Row>
      <Row>
         <Value ColumnRef="code">
            <SimpleValue>010</SimpleValue>
         </Value>
         <Value ColumnRef="wert">
            <SimpleValue>Beton</SimpleValue>
         </Value>
      </Row>
      <Row>
         <Value ColumnRef="code">
            <SimpleValue>011</SimpleValue>
         </Value>
         <Value ColumnRef="wert">
            <SimpleValue>Eisen</SimpleValue>
         </Value>
      </Row>
   </SimpleCodeList>
</gc:CodeList>
