<?xml version="1.0" encoding="UTF-8"?>
<gc:CodeList xmlns:gc="http://docs.oasis-open.org/codelist/ns/genericode/1.0/"
             xmlns:xoev-cl-3="http://xoev.de/schemata/genericode/3"
             xmlns:xsi="http://www.w3.org/2001/XMLSchema-instance">
   <Annotation>
      <Description>
         <xoev-cl-3:nameKurz>STRAF.Strafverfolgungshindernis</xoev-cl-3:nameKurz>
         <xoev-cl-3:beschreibung-codeliste>Diese Codeliste ist vorgesehen für das Element Personendaten/Strafverfolgungshindernis.</xoev-cl-3:beschreibung-codeliste>
         <xoev-cl-3:herausgebernameKurz>AG-IT-Standards</xoev-cl-3:herausgebernameKurz>
         <xoev-cl-3:datumGueltigkeitAb>2020-03-16</xoev-cl-3:datumGueltigkeitAb>
         <xoev-cl-3:versionCodelistenHandbuch>1.0</xoev-cl-3:versionCodelistenHandbuch>
      </Description>
   </Annotation>
   <Identification>
      <ShortName>straf.strafverfolgungshindernis</ShortName>
      <LongName xml:lang="de-DE">STRAF.Strafverfolgungshindernis</LongName>
      <Version>2.0</Version>
      <CanonicalUri>urn:xoev-de:xjustiz:codeliste:straf.strafverfolgungshindernis</CanonicalUri>
      <CanonicalVersionUri>urn:xoev-de:xjustiz:codeliste:straf.strafverfolgungshindernis_2.0</CanonicalVersionUri>
      <Agency>
         <LongName xml:lang="de-DE">BLK-AG IT-Standards in der Justiz</LongName>
      </Agency>
   </Identification>
   <ColumnSet>
      <Column Id="code" Use="required">
         <ShortName>code</ShortName>
         <LongName xml:lang="de-DE">Schlüssel</LongName>
         <Data Type="string"/>
      </Column>
      <Column Id="wert" Use="required">
         <ShortName>wert</ShortName>
         <LongName xml:lang="de-DE">Wert</LongName>
         <Data Type="string"/>
      </Column>
      <Key Id="codeKey">
         <Annotation>
            <AppInfo>
               <xoev-cl-3:empfohleneCodeSpalte/>
            </AppInfo>
         </Annotation>
         <ShortName>codeKey</ShortName>
         <ColumnRef Ref="code"/>
      </Key>
   </ColumnSet>
   <SimpleCodeList>
      <Row>
         <Value ColumnRef="code">
            <SimpleValue>Abgeordneter</SimpleValue>
         </Value>
         <Value ColumnRef="wert">
            <SimpleValue>Immunität als Abgeordneter der Bundesversammlung, des Deutschen Bundestages oder eines Landesparlaments</SimpleValue>
         </Value>
      </Row>
      <Row>
         <Value ColumnRef="code">
            <SimpleValue>Diplomat</SimpleValue>
         </Value>
         <Value ColumnRef="wert">
            <SimpleValue>Diplomaten (einschließlich von Familienangehörigen und Personal) mit diplomatischer Immunität im Sinne des Wiener Übereinkommens über diplomatische Beziehungen vom 18. April 1961</SimpleValue>
         </Value>
      </Row>
      <Row>
         <Value ColumnRef="code">
            <SimpleValue>EU_TS</SimpleValue>
         </Value>
         <Value ColumnRef="wert">
            <SimpleValue>Soldat oder dessen Familienangehörige, auf die das EU-Truppenstatut vom 17. November 2003 anwendbar ist</SimpleValue>
         </Value>
      </Row>
      <Row>
         <Value ColumnRef="code">
            <SimpleValue>NTS</SimpleValue>
         </Value>
         <Value ColumnRef="wert">
            <SimpleValue>Soldat oder dessen Familienangehörige, auf die das NATO-Truppenstatut vom 19. Juni 1951 (einschließlich Zusatzübereinkommen und Unterzeichnungsprotokoll) anwendbar ist</SimpleValue>
         </Value>
      </Row>
   </SimpleCodeList>
</gc:CodeList>
