<?xml version="1.0" encoding="UTF-8"?>
<gc:CodeList xmlns:gc="http://docs.oasis-open.org/codelist/ns/genericode/1.0/"
             xmlns:xoev-cl-4="http://xoev.de/schemata/genericode/4"
             xmlns:xsi="http://www.w3.org/2001/XMLSchema-instance">
   <Annotation>
      <Description>
         <xoev-cl-4:shortName>STRAF.Asservat.Gegenstandsart</xoev-cl-4:shortName>
         <xoev-cl-4:codelistDescription>Diese Codeliste enthält die verschiedenen Arten von Asservaten.</xoev-cl-4:codelistDescription>
         <xoev-cl-4:agencyShortName>AG IT-Standards</xoev-cl-4:agencyShortName>
         <xoev-cl-4:validFrom>2025-04-30</xoev-cl-4:validFrom>
         <xoev-cl-4:versionHandbook>1.2</xoev-cl-4:versionHandbook>
      </Description>
   </Annotation>
   <Identification>
      <ShortName>straf.asservat.gegenstandsart</ShortName>
      <LongName>STRAF.Asservat.Gegenstandsart</LongName>
      <Version>1.0</Version>
      <CanonicalUri>urn:xoev-de:xjustiz:codeliste:straf.asservat.gegenstandsart</CanonicalUri>
      <CanonicalVersionUri>urn:xoev-de:xjustiz:codeliste:straf.asservat.gegenstandsart_1.0</CanonicalVersionUri>
      <Agency>
         <LongName>BLK-AG IT-Standards in der Justiz</LongName>
      </Agency>
   </Identification>
   <ColumnSet>
      <Column Id="Code" Use="required">
         <ShortName>Code</ShortName>
         <LongName>Code</LongName>
         <Data Type="string"/>
      </Column>
      <Column Id="Bezeichnung-kurz" Use="required">
         <ShortName>Bezeichnung-kurz</ShortName>
         <LongName>Bezeichnung-kurz</LongName>
         <Data Type="string"/>
      </Column>
      <Column Id="Bezeichnung-lang" Use="optional">
         <ShortName>Bezeichnung-lang</ShortName>
         <LongName>Bezeichnung-lang</LongName>
         <Data Type="string"/>
      </Column>
      <Key Id="CodeKey">
         <Annotation>
            <AppInfo>
               <xoev-cl-4:recommendedKeyColumn/>
            </AppInfo>
         </Annotation>
         <ShortName>CodeKey</ShortName>
         <ColumnRef Ref="Code"/>
      </Key>
   </ColumnSet>
   <SimpleCodeList>
      <Row>
         <Value ColumnRef="Code">
            <SimpleValue>001</SimpleValue>
         </Value>
         <Value ColumnRef="Bezeichnung-kurz">
            <SimpleValue>AMG</SimpleValue>
         </Value>
         <Value ColumnRef="Bezeichnung-lang">
            <SimpleValue>Arzneimittel nach AMG / AntiDopG</SimpleValue>
         </Value>
      </Row>
      <Row>
         <Value ColumnRef="Code">
            <SimpleValue>002</SimpleValue>
         </Value>
         <Value ColumnRef="Bezeichnung-kurz">
            <SimpleValue>MED</SimpleValue>
         </Value>
         <Value ColumnRef="Bezeichnung-lang">
            <SimpleValue>Medikamente</SimpleValue>
         </Value>
      </Row>
      <Row>
         <Value ColumnRef="Code">
            <SimpleValue>003</SimpleValue>
         </Value>
         <Value ColumnRef="Bezeichnung-kurz">
            <SimpleValue>GFT</SimpleValue>
         </Value>
         <Value ColumnRef="Bezeichnung-lang">
            <SimpleValue>Gift</SimpleValue>
         </Value>
      </Row>
      <Row>
         <Value ColumnRef="Code">
            <SimpleValue>004</SimpleValue>
         </Value>
         <Value ColumnRef="Bezeichnung-kurz">
            <SimpleValue>CR</SimpleValue>
         </Value>
         <Value ColumnRef="Bezeichnung-lang">
            <SimpleValue>Crack</SimpleValue>
         </Value>
      </Row>
      <Row>
         <Value ColumnRef="Code">
            <SimpleValue>005</SimpleValue>
         </Value>
         <Value ColumnRef="Bezeichnung-kurz">
            <SimpleValue>EC</SimpleValue>
         </Value>
         <Value ColumnRef="Bezeichnung-lang">
            <SimpleValue>Ecstasy</SimpleValue>
         </Value>
      </Row>
      <Row>
         <Value ColumnRef="Code">
            <SimpleValue>006</SimpleValue>
         </Value>
         <Value ColumnRef="Bezeichnung-kurz">
            <SimpleValue>HAS</SimpleValue>
         </Value>
         <Value ColumnRef="Bezeichnung-lang">
            <SimpleValue>Haschisch</SimpleValue>
         </Value>
      </Row>
      <Row>
         <Value ColumnRef="Code">
            <SimpleValue>007</SimpleValue>
         </Value>
         <Value ColumnRef="Bezeichnung-kurz">
            <SimpleValue>HER</SimpleValue>
         </Value>
         <Value ColumnRef="Bezeichnung-lang">
            <SimpleValue>Heroin</SimpleValue>
         </Value>
      </Row>
      <Row>
         <Value ColumnRef="Code">
            <SimpleValue>008</SimpleValue>
         </Value>
         <Value ColumnRef="Bezeichnung-kurz">
            <SimpleValue>KOK</SimpleValue>
         </Value>
         <Value ColumnRef="Bezeichnung-lang">
            <SimpleValue>Kokain</SimpleValue>
         </Value>
      </Row>
      <Row>
         <Value ColumnRef="Code">
            <SimpleValue>009</SimpleValue>
         </Value>
         <Value ColumnRef="Bezeichnung-kurz">
            <SimpleValue>MAR</SimpleValue>
         </Value>
         <Value ColumnRef="Bezeichnung-lang">
            <SimpleValue>Marihuana</SimpleValue>
         </Value>
      </Row>
      <Row>
         <Value ColumnRef="Code">
            <SimpleValue>010</SimpleValue>
         </Value>
         <Value ColumnRef="Bezeichnung-kurz">
            <SimpleValue>BTM</SimpleValue>
         </Value>
         <Value ColumnRef="Bezeichnung-lang">
            <SimpleValue>sonstige Betäubungsmittel</SimpleValue>
         </Value>
      </Row>
      <Row>
         <Value ColumnRef="Code">
            <SimpleValue>011</SimpleValue>
         </Value>
         <Value ColumnRef="Bezeichnung-kurz">
            <SimpleValue>BTU</SimpleValue>
         </Value>
         <Value ColumnRef="Bezeichnung-lang">
            <SimpleValue>BTM-Utensilien</SimpleValue>
         </Value>
      </Row>
      <Row>
         <Value ColumnRef="Code">
            <SimpleValue>012</SimpleValue>
         </Value>
         <Value ColumnRef="Bezeichnung-kurz">
            <SimpleValue>AUS</SimpleValue>
         </Value>
         <Value ColumnRef="Bezeichnung-lang">
            <SimpleValue>Ausweise/Identitätsdokumente</SimpleValue>
         </Value>
      </Row>
      <Row>
         <Value ColumnRef="Code">
            <SimpleValue>013</SimpleValue>
         </Value>
         <Value ColumnRef="Bezeichnung-kurz">
            <SimpleValue>FER</SimpleValue>
         </Value>
         <Value ColumnRef="Bezeichnung-lang">
            <SimpleValue>Fahrerlaubnis</SimpleValue>
         </Value>
      </Row>
      <Row>
         <Value ColumnRef="Code">
            <SimpleValue>014</SimpleValue>
         </Value>
         <Value ColumnRef="Bezeichnung-kurz">
            <SimpleValue>B</SimpleValue>
         </Value>
         <Value ColumnRef="Bezeichnung-lang">
            <SimpleValue>Boot</SimpleValue>
         </Value>
      </Row>
      <Row>
         <Value ColumnRef="Code">
            <SimpleValue>015</SimpleValue>
         </Value>
         <Value ColumnRef="Bezeichnung-kurz">
            <SimpleValue>FAH</SimpleValue>
         </Value>
         <Value ColumnRef="Bezeichnung-lang">
            <SimpleValue>Fahrrad</SimpleValue>
         </Value>
      </Row>
      <Row>
         <Value ColumnRef="Code">
            <SimpleValue>016</SimpleValue>
         </Value>
         <Value ColumnRef="Bezeichnung-kurz">
            <SimpleValue>FT</SimpleValue>
         </Value>
         <Value ColumnRef="Bezeichnung-lang">
            <SimpleValue>Fahrradteile</SimpleValue>
         </Value>
      </Row>
      <Row>
         <Value ColumnRef="Code">
            <SimpleValue>017</SimpleValue>
         </Value>
         <Value ColumnRef="Bezeichnung-kurz">
            <SimpleValue>K</SimpleValue>
         </Value>
         <Value ColumnRef="Bezeichnung-lang">
            <SimpleValue>Kfz-Kennzeichen</SimpleValue>
         </Value>
      </Row>
      <Row>
         <Value ColumnRef="Code">
            <SimpleValue>018</SimpleValue>
         </Value>
         <Value ColumnRef="Bezeichnung-kurz">
            <SimpleValue>KFZ</SimpleValue>
         </Value>
         <Value ColumnRef="Bezeichnung-lang">
            <SimpleValue>Kraftfahrzeug</SimpleValue>
         </Value>
      </Row>
      <Row>
         <Value ColumnRef="Code">
            <SimpleValue>019</SimpleValue>
         </Value>
         <Value ColumnRef="Bezeichnung-kurz">
            <SimpleValue>KFZD</SimpleValue>
         </Value>
         <Value ColumnRef="Bezeichnung-lang">
            <SimpleValue>KFZ-Dokumente</SimpleValue>
         </Value>
      </Row>
      <Row>
         <Value ColumnRef="Code">
            <SimpleValue>020</SimpleValue>
         </Value>
         <Value ColumnRef="Bezeichnung-kurz">
            <SimpleValue>KFZT</SimpleValue>
         </Value>
         <Value ColumnRef="Bezeichnung-lang">
            <SimpleValue>Kraftfahrzeugteile</SimpleValue>
         </Value>
      </Row>
      <Row>
         <Value ColumnRef="Code">
            <SimpleValue>021</SimpleValue>
         </Value>
         <Value ColumnRef="Bezeichnung-kurz">
            <SimpleValue>BAU</SimpleValue>
         </Value>
         <Value ColumnRef="Bezeichnung-lang">
            <SimpleValue>Baustoffe</SimpleValue>
         </Value>
      </Row>
      <Row>
         <Value ColumnRef="Code">
            <SimpleValue>022</SimpleValue>
         </Value>
         <Value ColumnRef="Bezeichnung-kurz">
            <SimpleValue>MET</SimpleValue>
         </Value>
         <Value ColumnRef="Bezeichnung-lang">
            <SimpleValue>Metalle und Alteisen</SimpleValue>
         </Value>
      </Row>
      <Row>
         <Value ColumnRef="Code">
            <SimpleValue>023</SimpleValue>
         </Value>
         <Value ColumnRef="Bezeichnung-kurz">
            <SimpleValue>WKZ</SimpleValue>
         </Value>
         <Value ColumnRef="Bezeichnung-lang">
            <SimpleValue>Werkzeug</SimpleValue>
         </Value>
      </Row>
      <Row>
         <Value ColumnRef="Code">
            <SimpleValue>024</SimpleValue>
         </Value>
         <Value ColumnRef="Bezeichnung-kurz">
            <SimpleValue>BEK</SimpleValue>
         </Value>
         <Value ColumnRef="Bezeichnung-lang">
            <SimpleValue>Bekleidung</SimpleValue>
         </Value>
      </Row>
      <Row>
         <Value ColumnRef="Code">
            <SimpleValue>025</SimpleValue>
         </Value>
         <Value ColumnRef="Bezeichnung-kurz">
            <SimpleValue>COM</SimpleValue>
         </Value>
         <Value ColumnRef="Bezeichnung-lang">
            <SimpleValue>Computer und Zubehör</SimpleValue>
         </Value>
      </Row>
      <Row>
         <Value ColumnRef="Code">
            <SimpleValue>026</SimpleValue>
         </Value>
         <Value ColumnRef="Bezeichnung-kurz">
            <SimpleValue>DAT</SimpleValue>
         </Value>
         <Value ColumnRef="Bezeichnung-lang">
            <SimpleValue>Datenträger</SimpleValue>
         </Value>
      </Row>
      <Row>
         <Value ColumnRef="Code">
            <SimpleValue>027</SimpleValue>
         </Value>
         <Value ColumnRef="Bezeichnung-kurz">
            <SimpleValue>DIA</SimpleValue>
         </Value>
         <Value ColumnRef="Bezeichnung-lang">
            <SimpleValue>Diagrammscheiben, Schaublätter, CDs in Verkehrsstrafsache</SimpleValue>
         </Value>
      </Row>
      <Row>
         <Value ColumnRef="Code">
            <SimpleValue>028</SimpleValue>
         </Value>
         <Value ColumnRef="Bezeichnung-kurz">
            <SimpleValue>EG</SimpleValue>
         </Value>
         <Value ColumnRef="Bezeichnung-lang">
            <SimpleValue>Elektrogeräte</SimpleValue>
         </Value>
      </Row>
      <Row>
         <Value ColumnRef="Code">
            <SimpleValue>029</SimpleValue>
         </Value>
         <Value ColumnRef="Bezeichnung-kurz">
            <SimpleValue>HAN</SimpleValue>
         </Value>
         <Value ColumnRef="Bezeichnung-lang">
            <SimpleValue>Handy/Smartphone etc.</SimpleValue>
         </Value>
      </Row>
      <Row>
         <Value ColumnRef="Code">
            <SimpleValue>030</SimpleValue>
         </Value>
         <Value ColumnRef="Bezeichnung-kurz">
            <SimpleValue>DNA</SimpleValue>
         </Value>
         <Value ColumnRef="Bezeichnung-lang">
            <SimpleValue>DNA/Spurenträger/chem. Behandeltes</SimpleValue>
         </Value>
      </Row>
      <Row>
         <Value ColumnRef="Code">
            <SimpleValue>031</SimpleValue>
         </Value>
         <Value ColumnRef="Bezeichnung-kurz">
            <SimpleValue>DOK</SimpleValue>
         </Value>
         <Value ColumnRef="Bezeichnung-lang">
            <SimpleValue>Dokumente</SimpleValue>
         </Value>
      </Row>
      <Row>
         <Value ColumnRef="Code">
            <SimpleValue>032</SimpleValue>
         </Value>
         <Value ColumnRef="Bezeichnung-kurz">
            <SimpleValue>TU </SimpleValue>
         </Value>
         <Value ColumnRef="Bezeichnung-lang">
            <SimpleValue>Transportutensilien</SimpleValue>
         </Value>
      </Row>
      <Row>
         <Value ColumnRef="Code">
            <SimpleValue>033</SimpleValue>
         </Value>
         <Value ColumnRef="Bezeichnung-kurz">
            <SimpleValue>DV</SimpleValue>
         </Value>
         <Value ColumnRef="Bezeichnung-lang">
            <SimpleValue>div. Verpackungsmaterial</SimpleValue>
         </Value>
      </Row>
      <Row>
         <Value ColumnRef="Code">
            <SimpleValue>034</SimpleValue>
         </Value>
         <Value ColumnRef="Bezeichnung-kurz">
            <SimpleValue>EIN</SimpleValue>
         </Value>
         <Value ColumnRef="Bezeichnung-lang">
            <SimpleValue>Einrichtungen (Möbel etc)</SimpleValue>
         </Value>
      </Row>
      <Row>
         <Value ColumnRef="Code">
            <SimpleValue>035</SimpleValue>
         </Value>
         <Value ColumnRef="Bezeichnung-kurz">
            <SimpleValue>GBM</SimpleValue>
         </Value>
         <Value ColumnRef="Bezeichnung-lang">
            <SimpleValue>Geld als Beweismittel</SimpleValue>
         </Value>
      </Row>
      <Row>
         <Value ColumnRef="Code">
            <SimpleValue>036</SimpleValue>
         </Value>
         <Value ColumnRef="Bezeichnung-kurz">
            <SimpleValue>GWZ</SimpleValue>
         </Value>
         <Value ColumnRef="Bezeichnung-lang">
            <SimpleValue>Geld/Wertpapiere/Zahlungsmittel</SimpleValue>
         </Value>
      </Row>
      <Row>
         <Value ColumnRef="Code">
            <SimpleValue>037</SimpleValue>
         </Value>
         <Value ColumnRef="Bezeichnung-kurz">
            <SimpleValue>WER</SimpleValue>
         </Value>
         <Value ColumnRef="Bezeichnung-lang">
            <SimpleValue>Wertgegenstände</SimpleValue>
         </Value>
      </Row>
      <Row>
         <Value ColumnRef="Code">
            <SimpleValue>038</SimpleValue>
         </Value>
         <Value ColumnRef="Bezeichnung-kurz">
            <SimpleValue>LEB</SimpleValue>
         </Value>
         <Value ColumnRef="Bezeichnung-lang">
            <SimpleValue>Lebensmittel</SimpleValue>
         </Value>
      </Row>
      <Row>
         <Value ColumnRef="Code">
            <SimpleValue>039</SimpleValue>
         </Value>
         <Value ColumnRef="Bezeichnung-kurz">
            <SimpleValue>DA</SimpleValue>
         </Value>
         <Value ColumnRef="Bezeichnung-lang">
            <SimpleValue>Drogerieartikel</SimpleValue>
         </Value>
      </Row>
      <Row>
         <Value ColumnRef="Code">
            <SimpleValue>040</SimpleValue>
         </Value>
         <Value ColumnRef="Bezeichnung-kurz">
            <SimpleValue>VER</SimpleValue>
         </Value>
         <Value ColumnRef="Bezeichnung-lang">
            <SimpleValue>Verderbliche Beweismittel</SimpleValue>
         </Value>
      </Row>
      <Row>
         <Value ColumnRef="Code">
            <SimpleValue>041</SimpleValue>
         </Value>
         <Value ColumnRef="Bezeichnung-kurz">
            <SimpleValue>MUN</SimpleValue>
         </Value>
         <Value ColumnRef="Bezeichnung-lang">
            <SimpleValue>Munition</SimpleValue>
         </Value>
      </Row>
      <Row>
         <Value ColumnRef="Code">
            <SimpleValue>042</SimpleValue>
         </Value>
         <Value ColumnRef="Bezeichnung-kurz">
            <SimpleValue>WAF</SimpleValue>
         </Value>
         <Value ColumnRef="Bezeichnung-lang">
            <SimpleValue>Waffen</SimpleValue>
         </Value>
      </Row>
      <Row>
         <Value ColumnRef="Code">
            <SimpleValue>043</SimpleValue>
         </Value>
         <Value ColumnRef="Bezeichnung-kurz">
            <SimpleValue>WZ</SimpleValue>
         </Value>
         <Value ColumnRef="Bezeichnung-lang">
            <SimpleValue>Waffenzubehör</SimpleValue>
         </Value>
      </Row>
      <Row>
         <Value ColumnRef="Code">
            <SimpleValue>044</SimpleValue>
         </Value>
         <Value ColumnRef="Bezeichnung-kurz">
            <SimpleValue>POR</SimpleValue>
         </Value>
         <Value ColumnRef="Bezeichnung-lang">
            <SimpleValue>pornographische Gegenstände</SimpleValue>
         </Value>
      </Row>
      <Row>
         <Value ColumnRef="Code">
            <SimpleValue>045</SimpleValue>
         </Value>
         <Value ColumnRef="Bezeichnung-kurz">
            <SimpleValue>PYR</SimpleValue>
         </Value>
         <Value ColumnRef="Bezeichnung-lang">
            <SimpleValue>Pyrotechnik/Feuerwehrskörper etc.</SimpleValue>
         </Value>
      </Row>
      <Row>
         <Value ColumnRef="Code">
            <SimpleValue>046</SimpleValue>
         </Value>
         <Value ColumnRef="Bezeichnung-kurz">
            <SimpleValue>SPS</SimpleValue>
         </Value>
         <Value ColumnRef="Bezeichnung-lang">
            <SimpleValue>Sprengstoff</SimpleValue>
         </Value>
      </Row>
      <Row>
         <Value ColumnRef="Code">
            <SimpleValue>047</SimpleValue>
         </Value>
         <Value ColumnRef="Bezeichnung-kurz">
            <SimpleValue>SCH</SimpleValue>
         </Value>
         <Value ColumnRef="Bezeichnung-lang">
            <SimpleValue>Schlüssel</SimpleValue>
         </Value>
      </Row>
      <Row>
         <Value ColumnRef="Code">
            <SimpleValue>048</SimpleValue>
         </Value>
         <Value ColumnRef="Bezeichnung-kurz">
            <SimpleValue>TIE</SimpleValue>
         </Value>
         <Value ColumnRef="Bezeichnung-lang">
            <SimpleValue>Tiere</SimpleValue>
         </Value>
      </Row>
      <Row>
         <Value ColumnRef="Code">
            <SimpleValue>049</SimpleValue>
         </Value>
         <Value ColumnRef="Bezeichnung-kurz">
            <SimpleValue>SON</SimpleValue>
         </Value>
         <Value ColumnRef="Bezeichnung-lang">
            <SimpleValue>Sonstiges</SimpleValue>
         </Value>
      </Row>
   </SimpleCodeList>
</gc:CodeList>
