<?xml version="1.0" encoding="UTF-8"?>
<gc:CodeList xmlns:gc="http://docs.oasis-open.org/codelist/ns/genericode/1.0/"
             xmlns:xoev-cl-4="http://xoev.de/schemata/genericode/4"
             xmlns:xsi="http://www.w3.org/2001/XMLSchema-instance">
   <Annotation>
      <Description>
         <xoev-cl-4:shortName>VAG.Fehler</xoev-cl-4:shortName>
         <xoev-cl-4:codelistDescription>Codeliste der verschiedenen Fehlerarten.</xoev-cl-4:codelistDescription>
         <xoev-cl-4:agencyShortName>AG IT-Standards</xoev-cl-4:agencyShortName>
         <xoev-cl-4:validFrom>2023-10-31</xoev-cl-4:validFrom>
         <xoev-cl-4:versionHandbook>1.2</xoev-cl-4:versionHandbook>
      </Description>
   </Annotation>
   <Identification>
      <ShortName>vag.fehler</ShortName>
      <LongName>VAG.Fehler</LongName>
      <Version>2.0</Version>
      <CanonicalUri>urn:xoev-de:xjustiz:codeliste:vag.fehler</CanonicalUri>
      <CanonicalVersionUri>urn:xoev-de:xjustiz:codeliste:vag.fehler_2.0</CanonicalVersionUri>
      <Agency>
         <LongName>BLK-AG IT-Standards in der Justiz</LongName>
      </Agency>
   </Identification>
   <ColumnSet>
      <Column Id="code" Use="required">
         <ShortName>code</ShortName>
         <LongName>Schlüssel</LongName>
         <Data Type="string"/>
      </Column>
      <Column Id="wert" Use="required">
         <ShortName>wert</ShortName>
         <LongName>Wert</LongName>
         <Data Type="string"/>
      </Column>
      <Key Id="codeKey">
         <Annotation>
            <AppInfo>
               <xoev-cl-4:recommendedKeyColumn/>
            </AppInfo>
         </Annotation>
         <ShortName>codeKey</ShortName>
         <ColumnRef Ref="code"/>
      </Key>
   </ColumnSet>
   <SimpleCodeList>
      <Row>
         <Value ColumnRef="code">
            <SimpleValue>FA00000</SimpleValue>
         </Value>
         <Value ColumnRef="wert">
            <SimpleValue>Allgemeiner Fehler</SimpleValue>
         </Value>
      </Row>
      <Row>
         <Value ColumnRef="code">
            <SimpleValue>FA00001</SimpleValue>
         </Value>
         <Value ColumnRef="wert">
            <SimpleValue>Erhaltener XJustiz-Datensatz ist nicht valide.</SimpleValue>
         </Value>
      </Row>
      <Row>
         <Value ColumnRef="code">
            <SimpleValue>FA00002</SimpleValue>
         </Value>
         <Value ColumnRef="wert">
            <SimpleValue>Es wurde ein ungültiges Absenderzertifikat verwendet.</SimpleValue>
         </Value>
      </Row>
      <Row>
         <Value ColumnRef="code">
            <SimpleValue>FE00001</SimpleValue>
         </Value>
         <Value ColumnRef="wert">
            <SimpleValue>Der Familienname fehlt.</SimpleValue>
         </Value>
      </Row>
      <Row>
         <Value ColumnRef="code">
            <SimpleValue>FE00002</SimpleValue>
         </Value>
         <Value ColumnRef="wert">
            <SimpleValue>Der Familienname enthält unzulässige Zeichen.</SimpleValue>
         </Value>
      </Row>
      <Row>
         <Value ColumnRef="code">
            <SimpleValue>FE00003</SimpleValue>
         </Value>
         <Value ColumnRef="wert">
            <SimpleValue>Der Familienname enthält in der 1. Stelle einen Bindestrich (-) oder einen Punkt (.).</SimpleValue>
         </Value>
      </Row>
      <Row>
         <Value ColumnRef="code">
            <SimpleValue>FE00004</SimpleValue>
         </Value>
         <Value ColumnRef="wert">
            <SimpleValue>Der Geburtsname enthält unzulässige Zeichen.</SimpleValue>
         </Value>
      </Row>
      <Row>
         <Value ColumnRef="code">
            <SimpleValue>FE00005</SimpleValue>
         </Value>
         <Value ColumnRef="wert">
            <SimpleValue>Der Vorname fehlt.</SimpleValue>
         </Value>
      </Row>
      <Row>
         <Value ColumnRef="code">
            <SimpleValue>FE00006</SimpleValue>
         </Value>
         <Value ColumnRef="wert">
            <SimpleValue>Der Vorname enthält unzulässige Zeichen.</SimpleValue>
         </Value>
      </Row>
      <Row>
         <Value ColumnRef="code">
            <SimpleValue>FE00007</SimpleValue>
         </Value>
         <Value ColumnRef="wert">
            <SimpleValue>Der Vorname enthält in der 1. Stelle einen Bindestrich (-).</SimpleValue>
         </Value>
      </Row>
      <Row>
         <Value ColumnRef="code">
            <SimpleValue>FE00021</SimpleValue>
         </Value>
         <Value ColumnRef="wert">
            <SimpleValue>Der Tag der Geburt enthält ein ungültiges Datum.</SimpleValue>
         </Value>
      </Row>
      <Row>
         <Value ColumnRef="code">
            <SimpleValue>FE00031</SimpleValue>
         </Value>
         <Value ColumnRef="wert">
            <SimpleValue>Der Geburtsort enthält unzulässige Zeichen.</SimpleValue>
         </Value>
      </Row>
      <Row>
         <Value ColumnRef="code">
            <SimpleValue>FE00042</SimpleValue>
         </Value>
         <Value ColumnRef="wert">
            <SimpleValue>Die Postleitzahl ist ungültig.</SimpleValue>
         </Value>
      </Row>
      <Row>
         <Value ColumnRef="code">
            <SimpleValue>FE00043</SimpleValue>
         </Value>
         <Value ColumnRef="wert">
            <SimpleValue>Der Wohnort fehlt.</SimpleValue>
         </Value>
      </Row>
      <Row>
         <Value ColumnRef="code">
            <SimpleValue>FE00044</SimpleValue>
         </Value>
         <Value ColumnRef="wert">
            <SimpleValue>Der Wohnort enthält unzulässige Zeichen.</SimpleValue>
         </Value>
      </Row>
      <Row>
         <Value ColumnRef="code">
            <SimpleValue>FE00045</SimpleValue>
         </Value>
         <Value ColumnRef="wert">
            <SimpleValue>Die Straße enthält unzulässige Zeichen.</SimpleValue>
         </Value>
      </Row>
      <Row>
         <Value ColumnRef="code">
            <SimpleValue>FE00046</SimpleValue>
         </Value>
         <Value ColumnRef="wert">
            <SimpleValue>Die Hausnummer enthält unzulässige Zeichen.</SimpleValue>
         </Value>
      </Row>
      <Row>
         <Value ColumnRef="code">
            <SimpleValue>FE00100</SimpleValue>
         </Value>
         <Value ColumnRef="wert">
            <SimpleValue>Die Datei "xjustiz_nachricht.xml" ist mit einem Virus infiziert! Eine weitere Verarbeitung ist nicht erfolgt!</SimpleValue>
         </Value>
      </Row>
      <Row>
         <Value ColumnRef="code">
            <SimpleValue>FE00110</SimpleValue>
         </Value>
         <Value ColumnRef="wert">
            <SimpleValue>Beim Validieren gegen das Schema ist ein Fehler aufgetreten! Details: "Fehlermeldung aus Parser".</SimpleValue>
         </Value>
      </Row>
      <Row>
         <Value ColumnRef="code">
            <SimpleValue>FE00120</SimpleValue>
         </Value>
         <Value ColumnRef="wert">
            <SimpleValue>Der Vorgang beim Versorgungsträger ist bereits abgeschlossen. Bitte neue Anfrage starten.</SimpleValue>
         </Value>
      </Row>
      <Row>
         <Value ColumnRef="code">
            <SimpleValue>FE01001</SimpleValue>
         </Value>
         <Value ColumnRef="wert">
            <SimpleValue>Die Transportsignatur konnte nicht erfolgreich geprüft werden.</SimpleValue>
         </Value>
      </Row>
      <Row>
         <Value ColumnRef="code">
            <SimpleValue>FE01002</SimpleValue>
         </Value>
         <Value ColumnRef="wert">
            <SimpleValue>Die Betriebsnummer des Familiengerichtes fehlt bzw. ist fehlerhaft.</SimpleValue>
         </Value>
      </Row>
      <Row>
         <Value ColumnRef="code">
            <SimpleValue>FE01003</SimpleValue>
         </Value>
         <Value ColumnRef="wert">
            <SimpleValue>Die im Datensatz verwendeten Aktenzeichen des Empfängers bzw. unseres Versicherten sind nicht konsistent.</SimpleValue>
         </Value>
      </Row>
      <Row>
         <Value ColumnRef="code">
            <SimpleValue>FE01101</SimpleValue>
         </Value>
         <Value ColumnRef="wert">
            <SimpleValue>Für die angegebene Person ist keine Versicherungsnummer vorhanden.</SimpleValue>
         </Value>
      </Row>
      <Row>
         <Value ColumnRef="code">
            <SimpleValue>FE02001</SimpleValue>
         </Value>
         <Value ColumnRef="wert">
            <SimpleValue>Das Ende der Ehe liegt nach dem Datum des Auskunftsersuchens.</SimpleValue>
         </Value>
      </Row>
      <Row>
         <Value ColumnRef="code">
            <SimpleValue>FE02002</SimpleValue>
         </Value>
         <Value ColumnRef="wert">
            <SimpleValue>Das Ende der Ehe liegt vor dem Beginn der Ehe.</SimpleValue>
         </Value>
      </Row>
      <Row>
         <Value ColumnRef="code">
            <SimpleValue>FE02003</SimpleValue>
         </Value>
         <Value ColumnRef="wert">
            <SimpleValue>Das Ende der Ehe liegt nach dem Datum der gerichtlichen Entscheidung.</SimpleValue>
         </Value>
      </Row>
      <Row>
         <Value ColumnRef="code">
            <SimpleValue>FE09999</SimpleValue>
         </Value>
         <Value ColumnRef="wert">
            <SimpleValue>Sonstiger Fehler.</SimpleValue>
         </Value>
      </Row>
   </SimpleCodeList>
</gc:CodeList>
