<?xml version="1.0" encoding="UTF-8"?>
<gc:CodeList xmlns:gc="http://docs.oasis-open.org/codelist/ns/genericode/1.0/"
             xmlns:xsi="http://www.w3.org/2001/XMLSchema-instance"
             xmlns:xoev-cl-3="http://xoev.de/schemata/genericode/3">
   <Annotation>
      <Description>
         <xoev-cl-3:nameKurz>VAG.Sachstandsmitteilung.Kurzmitteilung.VersorgungstraegerZuGericht</xoev-cl-3:nameKurz>
         <xoev-cl-3:beschreibung-codeliste>Diese Codeliste listet die Sachverhalte auf, die zum Versenden einer Sachstandsmitteilung führen.</xoev-cl-3:beschreibung-codeliste>
         <xoev-cl-3:herausgebernameKurz>AG IT-Standards</xoev-cl-3:herausgebernameKurz>
         <xoev-cl-3:datumGueltigkeitAb>2023-10-31</xoev-cl-3:datumGueltigkeitAb>
         <xoev-cl-3:versionCodelistenHandbuch>1.1</xoev-cl-3:versionCodelistenHandbuch>
      </Description>
   </Annotation>
   <Identification>
      <ShortName>vag.sachstandsmitteilung.kurzmitteilung.versorgungstraeger-zu-gericht</ShortName>
      <LongName>VAG.Sachstandsmitteilung.Kurzmitteilung.VersorgungstraegerZuGericht</LongName>
      <Version>2.0</Version>
      <CanonicalUri>urn:xoev-de:xjustiz:codeliste:vag.sachstandsmitteilung.kurzmitteilung.versorgungstraeger-zu-gericht</CanonicalUri>
      <CanonicalVersionUri>urn:xoev-de:xjustiz:codeliste:vag.sachstandsmitteilung.kurzmitteilung.versorgungstraeger-zu-gericht_2.0</CanonicalVersionUri>
      <Agency>
         <LongName>BLK-AG IT-Standards in der Justiz</LongName>
      </Agency>
   </Identification>
   <ColumnSet>
      <Column Id="code" Use="required">
         <ShortName>code</ShortName>
         <LongName>Schlüssel</LongName>
         <Data Type="string"/>
      </Column>
      <Column Id="wert" Use="required">
         <ShortName>wert</ShortName>
         <LongName>Wert</LongName>
         <Data Type="string"/>
      </Column>
      <Column Id="beschreibung" Use="optional">
         <ShortName>beschreibung</ShortName>
         <LongName>Beschreibung</LongName>
         <Data Type="string"/>
      </Column>
      <Key Id="codeKey">
         <Annotation>
            <AppInfo>
               <xoev-cl-3:empfohleneCodeSpalte/>
            </AppInfo>
         </Annotation>
         <ShortName>codeKey</ShortName>
         <ColumnRef Ref="code"/>
      </Key>
   </ColumnSet>
   <SimpleCodeList>
      <Row>
         <Value ColumnRef="code">
            <SimpleValue>01</SimpleValue>
         </Value>
         <Value ColumnRef="wert">
            <SimpleValue>fehlende Unterlagen</SimpleValue>
         </Value>
         <Value ColumnRef="beschreibung">
            <SimpleValue/>
         </Value>
      </Row>
      <Row>
         <Value ColumnRef="code">
            <SimpleValue>02</SimpleValue>
         </Value>
         <Value ColumnRef="wert">
            <SimpleValue>ungeklärte Versicherungszeiten</SimpleValue>
         </Value>
         <Value ColumnRef="beschreibung">
            <SimpleValue/>
         </Value>
      </Row>
      <Row>
         <Value ColumnRef="code">
            <SimpleValue>03</SimpleValue>
         </Value>
         <Value ColumnRef="wert">
            <SimpleValue>Kontenklärung dauert trotz Mitwirkung des Versicherten an</SimpleValue>
         </Value>
         <Value ColumnRef="beschreibung">
            <SimpleValue/>
         </Value>
      </Row>
      <Row>
         <Value ColumnRef="code">
            <SimpleValue>04</SimpleValue>
         </Value>
         <Value ColumnRef="wert">
            <SimpleValue>keine Mitwirkung des Versicherten</SimpleValue>
         </Value>
         <Value ColumnRef="beschreibung">
            <SimpleValue/>
         </Value>
      </Row>
      <Row>
         <Value ColumnRef="code">
            <SimpleValue>05</SimpleValue>
         </Value>
         <Value ColumnRef="wert">
            <SimpleValue>keine Mitwirkung des Versicherten trotz Erinnerung</SimpleValue>
         </Value>
         <Value ColumnRef="beschreibung">
            <SimpleValue/>
         </Value>
      </Row>
      <Row>
         <Value ColumnRef="code">
            <SimpleValue>06</SimpleValue>
         </Value>
         <Value ColumnRef="wert">
            <SimpleValue>Auslandsermittlung</SimpleValue>
         </Value>
         <Value ColumnRef="beschreibung">
            <SimpleValue/>
         </Value>
      </Row>
      <Row>
         <Value ColumnRef="code">
            <SimpleValue>07</SimpleValue>
         </Value>
         <Value ColumnRef="wert">
            <SimpleValue>Ankündigung einer berichtigten Auskunft</SimpleValue>
         </Value>
         <Value ColumnRef="beschreibung">
            <SimpleValue>Es wird eine erneute Auskunft ohne Aufforderung des Gerichts angekündigt. Neue Mitteilung kommt, zum Beispiel wenn die alte Auskunft gegenstandslos ist und eine neue Auskunft angekündigt wird, weil Auskunft aus einer zwischenzeitlich bewilligten Rente zu erteilen ist oder fehlerhaft war.</SimpleValue>
         </Value>
      </Row>
   </SimpleCodeList>
</gc:CodeList>
