<?xml version="1.0" encoding="UTF-8"?>
<gc:CodeList xmlns:gc="http://docs.oasis-open.org/codelist/ns/genericode/1.0/"
             xmlns:xsi="http://www.w3.org/2001/XMLSchema-instance"
             xmlns:xoev-cl-3="http://xoev.de/schemata/genericode/3">
   <Annotation>
      <Description>
         <xoev-cl-3:nameKurz>VSTR.Eintragungsgruende.Gerichtsvollzieher.Vollstreckungsbehoerde</xoev-cl-3:nameKurz>
         <xoev-cl-3:beschreibung-codeliste>Codeliste der verschiedenen Eintragungsgründe der Gerichtsvollzieher bei Vollstreckung.</xoev-cl-3:beschreibung-codeliste>
         <xoev-cl-3:herausgebernameKurz>AG IT-Standards</xoev-cl-3:herausgebernameKurz>
         <xoev-cl-3:datumGueltigkeitAb>2023-10-31</xoev-cl-3:datumGueltigkeitAb>
         <xoev-cl-3:versionCodelistenHandbuch>1.1</xoev-cl-3:versionCodelistenHandbuch>
      </Description>
   </Annotation>
   <Identification>
      <ShortName>vstr.eintragungsgruende.gerichtsvollzieher.vollstreckungsbehoerde</ShortName>
      <LongName>VSTR.Eintragungsgruende.Gerichtsvollzieher.Vollstreckungsbehoerde</LongName>
      <Version>2.0</Version>
      <CanonicalUri>urn:xoev-de:xjustiz:codeliste:vstr.eintragungsgruende.gerichtsvollzieher.vollstreckungsbehoerde</CanonicalUri>
      <CanonicalVersionUri>urn:xoev-de:xjustiz:codeliste:vstr.eintragungsgruende.gerichtsvollzieher.vollstreckungsbehoerde_2.0</CanonicalVersionUri>
      <Agency>
         <LongName>BLK-AG IT-Standards in der Justiz</LongName>
      </Agency>
   </Identification>
   <ColumnSet>
      <Column Id="code" Use="required">
         <ShortName>code</ShortName>
         <LongName>Schlüssel</LongName>
         <Data Type="string"/>
      </Column>
      <Column Id="wert" Use="required">
         <ShortName>wert</ShortName>
         <LongName>Wert</LongName>
         <Data Type="string"/>
      </Column>
      <Key Id="codeKey">
         <Annotation>
            <AppInfo>
               <xoev-cl-3:empfohleneCodeSpalte/>
            </AppInfo>
         </Annotation>
         <ShortName>codeKey</ShortName>
         <ColumnRef Ref="code"/>
      </Key>
   </ColumnSet>
   <SimpleCodeList>
      <Row>
         <Value ColumnRef="code">
            <SimpleValue>Gläubigerbefriedigung ausgeschlossen</SimpleValue>
         </Value>
         <Value ColumnRef="wert">
            <SimpleValue>§ 882c Abs. 1 Nr. 2 ZPO, § 284 Abs. 9 Nr. 2 AO</SimpleValue>
         </Value>
      </Row>
      <Row>
         <Value ColumnRef="code">
            <SimpleValue>Gläubigerbefriedigung nicht nachgewiesen</SimpleValue>
         </Value>
         <Value ColumnRef="wert">
            <SimpleValue>§ 882c Abs. 1 Nr. 3 ZPO, § 284 Abs. 9 Nr. 3 AO</SimpleValue>
         </Value>
      </Row>
      <Row>
         <Value ColumnRef="code">
            <SimpleValue>Nichtabgabe der Vermögensauskunft</SimpleValue>
         </Value>
         <Value ColumnRef="wert">
            <SimpleValue>§ 882c Abs. 1 Nr. 1 ZPO, § 284 Abs. 9 Nr. 1 AO</SimpleValue>
         </Value>
      </Row>
   </SimpleCodeList>
</gc:CodeList>
