<?xml version="1.0" encoding="UTF-8"?>
<gc:CodeList xmlns:gc="http://docs.oasis-open.org/codelist/ns/genericode/1.0/"
             xmlns:xsi="http://www.w3.org/2001/XMLSchema-instance"
             xmlns:xoev-cl-3="http://xoev.de/schemata/genericode/3">
   <Annotation>
      <Description>
         <xoev-cl-3:nameKurz>VSTR.Schuldnerverzeichnis.Loeschungsgruende</xoev-cl-3:nameKurz>
         <xoev-cl-3:beschreibung-codeliste>Codeliste der verschiedenen Löschungsgründe im Schuldnerverzeichnis.</xoev-cl-3:beschreibung-codeliste>
         <xoev-cl-3:herausgebernameKurz>AG IT-Standards</xoev-cl-3:herausgebernameKurz>
         <xoev-cl-3:datumGueltigkeitAb>2023-10-31</xoev-cl-3:datumGueltigkeitAb>
         <xoev-cl-3:versionCodelistenHandbuch>1.1</xoev-cl-3:versionCodelistenHandbuch>
      </Description>
   </Annotation>
   <Identification>
      <ShortName>vstr.schuldnerverzeichnis.loeschungsgruende</ShortName>
      <LongName>VSTR.Schuldnerverzeichnis.Loeschungsgruende</LongName>
      <Version>2.1</Version>
      <CanonicalUri>urn:xoev-de:xjustiz:codeliste:vstr.schuldnerverzeichnis.loeschungsgruende</CanonicalUri>
      <CanonicalVersionUri>urn:xoev-de:xjustiz:codeliste:vstr.schuldnerverzeichnis.loeschungsgruende_2.1</CanonicalVersionUri>
      <Agency>
         <LongName>BLK-AG IT-Standards in der Justiz</LongName>
      </Agency>
   </Identification>
   <ColumnSet>
      <Column Id="code" Use="required">
         <ShortName>code</ShortName>
         <LongName>Schlüssel</LongName>
         <Data Type="string"/>
      </Column>
      <Column Id="wert" Use="required">
         <ShortName>wert</ShortName>
         <LongName>Wert</LongName>
         <Data Type="string"/>
      </Column>
      <Key Id="codeKey">
         <Annotation>
            <AppInfo>
               <xoev-cl-3:empfohleneCodeSpalte/>
            </AppInfo>
         </Annotation>
         <ShortName>codeKey</ShortName>
         <ColumnRef Ref="code"/>
      </Key>
   </ColumnSet>
   <SimpleCodeList>
      <Row>
         <Value ColumnRef="code">
            <SimpleValue>Korrektur</SimpleValue>
         </Value>
         <Value ColumnRef="wert">
            <SimpleValue>Der ursprünglich übermittelte Datensatz ist aufgrund nachträglich eingetretener Umstände zu korrigieren. Der ursprüngliche Datensatz ist durch den Inhalt der Korrekturnachricht zu ersetzen.</SimpleValue>
         </Value>
      </Row>
      <Row>
         <Value ColumnRef="code">
            <SimpleValue>Korrektur irriger Eintrag</SimpleValue>
         </Value>
         <Value ColumnRef="wert">
            <SimpleValue>Der ursprünglich übermittelte Datensatz war von Anfang an fehlerhaft. Der ursprüngliche Datensatz ist durch den Inhalt der Korrekturnachricht zu ersetzen.</SimpleValue>
         </Value>
      </Row>
      <Row>
         <Value ColumnRef="code">
            <SimpleValue>Löschung</SimpleValue>
         </Value>
         <Value ColumnRef="wert">
            <SimpleValue>Der ursprünglich übermittelte Datensatz ist aufgrund nachträglich eingetretener Umstände vollständig zu löschen.</SimpleValue>
         </Value>
      </Row>
      <Row>
         <Value ColumnRef="code">
            <SimpleValue>Löschung der Eintragung wegen Fristablaufs</SimpleValue>
         </Value>
         <Value ColumnRef="wert">
            <SimpleValue>Die Eintragung im Schuldnerverzeichnis wurde aufgrund des Ablaufs der für die Dauer der Eintragung bestimmten Frist gelöscht.</SimpleValue>
         </Value>
      </Row>
      <Row>
         <Value ColumnRef="code">
            <SimpleValue>Löschung irriger Eintrag</SimpleValue>
         </Value>
         <Value ColumnRef="wert">
            <SimpleValue>Der ursprünglich übermittelte Datensatz war von Anfang an fehlerhaft. Der ursprüngliche Datensatz ist vollständig zu löschen.</SimpleValue>
         </Value>
      </Row>
      <Row>
         <Value ColumnRef="code">
            <SimpleValue>vorzeitige Löschung der Eintragung im Schuldnerverzeichnis</SimpleValue>
         </Value>
         <Value ColumnRef="wert">
            <SimpleValue>Die Eintragung im Schuldnerverzeichnis wurde durch Beschluss des zentralen Vollstreckungsgerichts gelöscht.</SimpleValue>
         </Value>
      </Row>
   </SimpleCodeList>
</gc:CodeList>
