<?xml version="1.0" encoding="UTF-8"?>
<gc:CodeList xmlns:gc="http://docs.oasis-open.org/codelist/ns/genericode/1.0/"
             xmlns:xsi="http://www.w3.org/2001/XMLSchema-instance"
             xmlns:xoev-cl-3="http://xoev.de/schemata/genericode/3">
   <Annotation>
      <Description>
         <xoev-cl-3:nameKurz>VSTR.Vermoegensverzeichnis.Art</xoev-cl-3:nameKurz>
         <xoev-cl-3:beschreibung-codeliste>Codeliste der verschiedenen Vermögensverzeichnisarten.</xoev-cl-3:beschreibung-codeliste>
         <xoev-cl-3:herausgebernameKurz>AG IT-Standards</xoev-cl-3:herausgebernameKurz>
         <xoev-cl-3:datumGueltigkeitAb>2023-10-31</xoev-cl-3:datumGueltigkeitAb>
         <xoev-cl-3:versionCodelistenHandbuch>1.1</xoev-cl-3:versionCodelistenHandbuch>
      </Description>
   </Annotation>
   <Identification>
      <ShortName>vstr.vermoegensverzeichnis.art</ShortName>
      <LongName>VSTR.Vermoegensverzeichnis.Art</LongName>
      <Version>2.1</Version>
      <CanonicalUri>urn:xoev-de:xjustiz:codeliste:vstr.vermoegensverzeichnis.art</CanonicalUri>
      <CanonicalVersionUri>urn:xoev-de:xjustiz:codeliste:vstr.vermoegensverzeichnis.art_2.1</CanonicalVersionUri>
      <Agency>
         <LongName>BLK-AG IT-Standards in der Justiz</LongName>
      </Agency>
   </Identification>
   <ColumnSet>
      <Column Id="code" Use="required">
         <ShortName>code</ShortName>
         <LongName>Schlüssel</LongName>
         <Data Type="string"/>
      </Column>
      <Column Id="wert" Use="required">
         <ShortName>wert</ShortName>
         <LongName>Wert</LongName>
         <Data Type="string"/>
      </Column>
      <Key Id="codeKey">
         <Annotation>
            <AppInfo>
               <xoev-cl-3:empfohleneCodeSpalte/>
            </AppInfo>
         </Annotation>
         <ShortName>codeKey</ShortName>
         <ColumnRef Ref="code"/>
      </Key>
   </ColumnSet>
   <SimpleCodeList>
      <Row>
         <Value ColumnRef="code">
            <SimpleValue>Erneute Vermögensauskunft</SimpleValue>
         </Value>
         <Value ColumnRef="wert">
            <SimpleValue>Erneute Vermögensauskunft, § 802d ZPO</SimpleValue>
         </Value>
      </Row>
      <Row>
         <Value ColumnRef="code">
            <SimpleValue>Nachbesserung der Vermögensauskunft</SimpleValue>
         </Value>
         <Value ColumnRef="wert">
            <SimpleValue>Das bereits vorliegende Vermögensverzeichnis ist nachzubessern, ohne dass die Voraussetzungen des § 802d ZPO gegeben sind, weil die im Vermögensverzeichnis enthaltenen Angaben lückenhaft, ungenau oder unklar sind.</SimpleValue>
         </Value>
      </Row>
      <Row>
         <Value ColumnRef="code">
            <SimpleValue>Neue Vermögensauskunft</SimpleValue>
         </Value>
         <Value ColumnRef="wert">
            <SimpleValue>Für den Schuldner liegt kein Vermögensverzeichnis vor, da er entweder bisher keine Vermögensauskunft abgegeben hat oder ein früher bereits errichtetes Vermögensverzeichnis gelöscht wurde.</SimpleValue>
         </Value>
      </Row>
   </SimpleCodeList>
</gc:CodeList>
