<?xml version="1.0" encoding="UTF-8"?>
<gc:CodeList xmlns:gc="http://docs.oasis-open.org/codelist/ns/genericode/1.0/"
             xmlns:xsi="http://www.w3.org/2001/XMLSchema-instance"
             xmlns:xoev-cl-3="http://xoev.de/schemata/genericode/3">
   <Annotation>
      <Description>
         <xoev-cl-3:nameKurz>VSTR.Verarbeitungsergebnis.Schuldnerverzeichnis</xoev-cl-3:nameKurz>
         <xoev-cl-3:beschreibung-codeliste>Codeliste der verschiedenen Verarbeitungsergebnisse im Schuldnerverzeichnis.</xoev-cl-3:beschreibung-codeliste>
         <xoev-cl-3:herausgebernameKurz>AG IT-Standards</xoev-cl-3:herausgebernameKurz>
         <xoev-cl-3:datumGueltigkeitAb>2023-10-31</xoev-cl-3:datumGueltigkeitAb>
         <xoev-cl-3:versionCodelistenHandbuch>1.1</xoev-cl-3:versionCodelistenHandbuch>
      </Description>
   </Annotation>
   <Identification>
      <ShortName>vstr.verarbeitungsergebnis.schuldnerverzeichnis</ShortName>
      <LongName>VSTR.Verarbeitungsergebnis.Schuldnerverzeichnis</LongName>
      <Version>2.2</Version>
      <CanonicalUri>urn:xoev-de:xjustiz:codeliste:vstr.verarbeitungsergebnis.schuldnerverzeichnis</CanonicalUri>
      <CanonicalVersionUri>urn:xoev-de:xjustiz:codeliste:vstr.verarbeitungsergebnis.schuldnerverzeichnis_2.2</CanonicalVersionUri>
      <Agency>
         <LongName>BLK-AG IT-Standards in der Justiz</LongName>
      </Agency>
   </Identification>
   <ColumnSet>
      <Column Id="code" Use="required">
         <ShortName>code</ShortName>
         <LongName>Schlüssel</LongName>
         <Data Type="string"/>
      </Column>
      <Column Id="wert" Use="required">
         <ShortName>wert</ShortName>
         <LongName>Wert</LongName>
         <Data Type="string"/>
      </Column>
      <Key Id="codeKey">
         <Annotation>
            <AppInfo>
               <xoev-cl-3:empfohleneCodeSpalte/>
            </AppInfo>
         </Annotation>
         <ShortName>codeKey</ShortName>
         <ColumnRef Ref="code"/>
      </Key>
   </ColumnSet>
   <SimpleCodeList>
      <Row>
         <Value ColumnRef="code">
            <SimpleValue>001 Eintragung erfolgt</SimpleValue>
         </Value>
         <Value ColumnRef="wert">
            <SimpleValue>Eintragung erfolgt</SimpleValue>
         </Value>
      </Row>
      <Row>
         <Value ColumnRef="code">
            <SimpleValue>002 Sonstiger Fehler</SimpleValue>
         </Value>
         <Value ColumnRef="wert">
            <SimpleValue>Sonstiger Fehler</SimpleValue>
         </Value>
      </Row>
      <Row>
         <Value ColumnRef="code">
            <SimpleValue>003 Verfahrensnummer nicht vorhanden</SimpleValue>
         </Value>
         <Value ColumnRef="wert">
            <SimpleValue>Zu der übermittelten Verfahrensnummer wurde kein Eintrag gefunden.</SimpleValue>
         </Value>
      </Row>
      <Row>
         <Value ColumnRef="code">
            <SimpleValue>004 Element 'korrekturLoeschung' fehlt</SimpleValue>
         </Value>
         <Value ColumnRef="wert">
            <SimpleValue>Es wurde nicht mitgeteilt, ob eine Korrektur oder Löschung des beim zentralen Vollstreckungsgerichts bereits vorhandenen Datensatzes erfolgen soll.</SimpleValue>
         </Value>
      </Row>
      <Row>
         <Value ColumnRef="code">
            <SimpleValue>005 Verfahrensnummer fehlt</SimpleValue>
         </Value>
         <Value ColumnRef="wert">
            <SimpleValue>Es wurde keine Verfahrensnummer angegeben, obwohl die eingegangene Nachricht das Element 'korrekturLoeschung' enthielt.</SimpleValue>
         </Value>
      </Row>
      <Row>
         <Value ColumnRef="code">
            <SimpleValue>006 Falsche Art des Vermögensverzeichnisses</SimpleValue>
         </Value>
         <Value ColumnRef="wert">
            <SimpleValue>Aufgrund der in der Nachricht vorhandenen Informationen kann kein Vermögensverzeichnis der Art "Neue Vermögensauskunft" eingereicht werden.</SimpleValue>
         </Value>
      </Row>
      <Row>
         <Value ColumnRef="code">
            <SimpleValue>007 Datensatz bereits vorhanden</SimpleValue>
         </Value>
         <Value ColumnRef="wert">
            <SimpleValue>Der übermittelte Datensatz ist bereits vorhanden.</SimpleValue>
         </Value>
      </Row>
      <Row>
         <Value ColumnRef="code">
            <SimpleValue>008 Eintragungshemmnis vorhanden</SimpleValue>
         </Value>
         <Value ColumnRef="wert">
            <SimpleValue>Der Vollzug der Eintragung wurde vom lokalen Vollstreckungsgericht untersagt.</SimpleValue>
         </Value>
      </Row>
      <Row>
         <Value ColumnRef="code">
            <SimpleValue>009 keine Korrektur / Löschung</SimpleValue>
         </Value>
         <Value ColumnRef="wert">
            <SimpleValue>Das zentrale Vollstreckungsgericht hat die Vornahme der gewünschten Korrektur / Löschung abgelehnt.</SimpleValue>
         </Value>
      </Row>
      <Row>
         <Value ColumnRef="code">
            <SimpleValue>010 Eingang Zurückweisung Schuldnerwiderspruch</SimpleValue>
         </Value>
         <Value ColumnRef="wert">
            <SimpleValue>Da keine vorhergehende Eintragung einer einstweiligen Aussetzung erfolgte, hat die Zurückweisung des Schuldnerwiderspruchs keine Auswirkungen auf das Schuldnerverzeichnis.</SimpleValue>
         </Value>
      </Row>
      <Row>
         <Value ColumnRef="code">
            <SimpleValue>020 Aktenzeichen inkonsistent</SimpleValue>
         </Value>
         <Value ColumnRef="wert">
            <SimpleValue>Das Aktenzeichen ist nicht in allen Nachrichtenteilen konsistent angegeben.</SimpleValue>
         </Value>
      </Row>
      <Row>
         <Value ColumnRef="code">
            <SimpleValue>021 Verfahrensnummer ungültig</SimpleValue>
         </Value>
         <Value ColumnRef="wert">
            <SimpleValue>Länge unzulässig, Prüfziffer fehlerhaft oder Verfahrensnummer nicht numerisch.</SimpleValue>
         </Value>
      </Row>
      <Row>
         <Value ColumnRef="code">
            <SimpleValue>022 Falsches ZenVG in Verfahrensnummer</SimpleValue>
         </Value>
         <Value ColumnRef="wert">
            <SimpleValue>ZenVG in Verfahrensnummer ungültig für Einlieferer.</SimpleValue>
         </Value>
      </Row>
      <Row>
         <Value ColumnRef="code">
            <SimpleValue>023 XJustiz Kode ZenVG ungültig</SimpleValue>
         </Value>
         <Value ColumnRef="wert">
            <SimpleValue>XJustiz Kode ZenVG ungültig</SimpleValue>
         </Value>
      </Row>
      <Row>
         <Value ColumnRef="code">
            <SimpleValue>024 Ereignis ungültig</SimpleValue>
         </Value>
         <Value ColumnRef="wert">
            <SimpleValue>Im Nachrichtenkopf wurde kein gültiges Nachrichtenereignis angegeben.</SimpleValue>
         </Value>
      </Row>
      <Row>
         <Value ColumnRef="code">
            <SimpleValue>025 Instanzdaten ungültig</SimpleValue>
         </Value>
         <Value ColumnRef="wert">
            <SimpleValue>Instanzdaten ungültig</SimpleValue>
         </Value>
      </Row>
      <Row>
         <Value ColumnRef="code">
            <SimpleValue>026 Rollennummer ungültig</SimpleValue>
         </Value>
         <Value ColumnRef="wert">
            <SimpleValue>Rollennummer ungültig</SimpleValue>
         </Value>
      </Row>
      <Row>
         <Value ColumnRef="code">
            <SimpleValue>027 Falsches Sachgebiet</SimpleValue>
         </Value>
         <Value ColumnRef="wert">
            <SimpleValue>Falsches Sachgebiet</SimpleValue>
         </Value>
      </Row>
      <Row>
         <Value ColumnRef="code">
            <SimpleValue>028 Vorname, Vorkommen ungültig</SimpleValue>
         </Value>
         <Value ColumnRef="wert">
            <SimpleValue>Das Element Vorname darf nur einmal übergeben werden.</SimpleValue>
         </Value>
      </Row>
      <Row>
         <Value ColumnRef="code">
            <SimpleValue>029 'weitererName', Vorkommen ungültig</SimpleValue>
         </Value>
         <Value ColumnRef="wert">
            <SimpleValue>Das Element 'weitererName' darf nur einmal übergeben werden.</SimpleValue>
         </Value>
      </Row>
      <Row>
         <Value ColumnRef="code">
            <SimpleValue>030 Rufname ungültig</SimpleValue>
         </Value>
         <Value ColumnRef="wert">
            <SimpleValue>Der angegebene Rufname ist nicht im Vornamen enthalten.</SimpleValue>
         </Value>
      </Row>
      <Row>
         <Value ColumnRef="code">
            <SimpleValue>031 'bezeichnung.alt', Vorkommen ungültig</SimpleValue>
         </Value>
         <Value ColumnRef="wert">
            <SimpleValue>Das Element 'bezeichnung.alt' darf nur einmal übergeben werden.</SimpleValue>
         </Value>
      </Row>
      <Row>
         <Value ColumnRef="code">
            <SimpleValue>032 Verfahrens-/Zustellanschrift, Vorkommen ungültig</SimpleValue>
         </Value>
         <Value ColumnRef="wert">
            <SimpleValue>Es darf nur eine Verfahrens-/Zustellanschrift übergeben werden.</SimpleValue>
         </Value>
      </Row>
      <Row>
         <Value ColumnRef="code">
            <SimpleValue>033 Eintragungsanordnung ungültig</SimpleValue>
         </Value>
         <Value ColumnRef="wert">
            <SimpleValue>Eintragungsanordnung ungültig</SimpleValue>
         </Value>
      </Row>
      <Row>
         <Value ColumnRef="code">
            <SimpleValue>035 Korrektur_Loeschung ungültig</SimpleValue>
         </Value>
         <Value ColumnRef="wert">
            <SimpleValue>Korrektur_Loeschung ungültig</SimpleValue>
         </Value>
      </Row>
      <Row>
         <Value ColumnRef="code">
            <SimpleValue>037 Sitz, Vorkommen ungültig</SimpleValue>
         </Value>
         <Value ColumnRef="wert">
            <SimpleValue>Das Element Sitz darf nur einmal übergeben werden.</SimpleValue>
         </Value>
      </Row>
      <Row>
         <Value ColumnRef="code">
            <SimpleValue>038 'handelndUnter', Vorkommen ungültig</SimpleValue>
         </Value>
         <Value ColumnRef="wert">
            <SimpleValue>Das Element 'handelndUnter' darf nur einmal übergeben werden.</SimpleValue>
         </Value>
      </Row>
      <Row>
         <Value ColumnRef="code">
            <SimpleValue>039 Vermögensverzeichnis fehlt</SimpleValue>
         </Value>
         <Value ColumnRef="wert">
            <SimpleValue>Der Nachricht wurde kein Anhang beigefügt, obwohl ein Vermögensverzeichnis übermittelt werden sollte.</SimpleValue>
         </Value>
      </Row>
      <Row>
         <Value ColumnRef="code">
            <SimpleValue>040 Falscher Dokumententyp im Anhang</SimpleValue>
         </Value>
         <Value ColumnRef="wert">
            <SimpleValue>Das Vermögensverzeichnis wurde nicht im PDF-Format übersandt.</SimpleValue>
         </Value>
      </Row>
      <Row>
         <Value ColumnRef="code">
            <SimpleValue>041 Mehr als ein Dokument übersandt</SimpleValue>
         </Value>
         <Value ColumnRef="wert">
            <SimpleValue>Es darf einer Nachricht nur ein PDF-Dokument als Anhang beigefügt werden.</SimpleValue>
         </Value>
      </Row>
      <Row>
         <Value ColumnRef="code">
            <SimpleValue>042 Absender INSO falsch</SimpleValue>
         </Value>
         <Value ColumnRef="wert">
            <SimpleValue>Bei einer INSO Eintragung stimmen Absender im Nachrichtenkopf und Gericht in der Eintragungsanordnung nicht überein.</SimpleValue>
         </Value>
      </Row>
      <Row>
         <Value ColumnRef="code">
            <SimpleValue>043 Kein Aktenzeichen angegeben</SimpleValue>
         </Value>
         <Value ColumnRef="wert">
            <SimpleValue>Es wurde in der Eintragungsanordnung kein Aktenzeichen mit Länge größer 0 angegeben.</SimpleValue>
         </Value>
      </Row>
      <Row>
         <Value ColumnRef="code">
            <SimpleValue>044 Anordnungsbehörde, fehlende / falsche Berechtigung Einlieferer</SimpleValue>
         </Value>
         <Value ColumnRef="wert">
            <SimpleValue>Der Einlieferer hat keine Berechtigung zur Einlieferung oder für diese Anordnung.</SimpleValue>
         </Value>
      </Row>
      <Row>
         <Value ColumnRef="code">
            <SimpleValue>045 Kein Name angegeben</SimpleValue>
         </Value>
         <Value ColumnRef="wert">
            <SimpleValue>Es wurde kein Name mit einer Länge größer 0 angegeben.</SimpleValue>
         </Value>
      </Row>
      <Row>
         <Value ColumnRef="code">
            <SimpleValue>046 Ungültige Zeitzone Datum</SimpleValue>
         </Value>
         <Value ColumnRef="wert">
            <SimpleValue>Für Datumsfelder wird implizit die deutsche Zeitzone angenommen.</SimpleValue>
         </Value>
      </Row>
      <Row>
         <Value ColumnRef="code">
            <SimpleValue>047 Registereintragung, Vorkommen ungültig</SimpleValue>
         </Value>
         <Value ColumnRef="wert">
            <SimpleValue>Das Element Registereintragung darf nur einmal übergeben werden.</SimpleValue>
         </Value>
      </Row>
      <Row>
         <Value ColumnRef="code">
            <SimpleValue>048 Korrektur / Löschung, Wert ungültig</SimpleValue>
         </Value>
         <Value ColumnRef="wert">
            <SimpleValue>Der Wert 'Vorzeitige Ersetzung einer Vermögensauskunft' darf hier nicht übergeben werden.</SimpleValue>
         </Value>
      </Row>
      <Row>
         <Value ColumnRef="code">
            <SimpleValue>049 Keine ausreichende Datenübereinstimmung</SimpleValue>
         </Value>
         <Value ColumnRef="wert">
            <SimpleValue>Dieser Return Code kann von einem Landesverfahren bei zusätzlichen Plausibilisierungen, die die Implementierung des Landesverfahrens vornimmt, zurückgeschickt werden.</SimpleValue>
         </Value>
      </Row>
      <Row>
         <Value ColumnRef="code">
            <SimpleValue>501 Eintragung erfolgt</SimpleValue>
         </Value>
         <Value ColumnRef="wert">
            <SimpleValue>Der XJustiz-Datensatz wurde vom Vollstreckungsportal ohne Fehler übernommen.</SimpleValue>
         </Value>
      </Row>
      <Row>
         <Value ColumnRef="code">
            <SimpleValue>502 Sonstiger Fehler</SimpleValue>
         </Value>
         <Value ColumnRef="wert">
            <SimpleValue>Sonstiger Fehler</SimpleValue>
         </Value>
      </Row>
      <Row>
         <Value ColumnRef="code">
            <SimpleValue>503 Syntaktischer Fehler im Datensatz</SimpleValue>
         </Value>
         <Value ColumnRef="wert">
            <SimpleValue>Syntaktischer Fehler im Datensatz</SimpleValue>
         </Value>
      </Row>
      <Row>
         <Value ColumnRef="code">
            <SimpleValue>504 Verfahrensnummer nicht vorhanden</SimpleValue>
         </Value>
         <Value ColumnRef="wert">
            <SimpleValue>Verfahrensnummer nicht vorhanden</SimpleValue>
         </Value>
      </Row>
      <Row>
         <Value ColumnRef="code">
            <SimpleValue>505 Keine Eintragung (Vollstreckungportal-interner Fehler)</SimpleValue>
         </Value>
         <Value ColumnRef="wert">
            <SimpleValue>Keine Eintragung (Vollstreckungportal-interner Fehler)</SimpleValue>
         </Value>
      </Row>
      <Row>
         <Value ColumnRef="code">
            <SimpleValue>506 Keine Korrektur (Vollstreckungportal-interner Fehler)</SimpleValue>
         </Value>
         <Value ColumnRef="wert">
            <SimpleValue>Keine Korrektur (Vollstreckungportal-interner Fehler)</SimpleValue>
         </Value>
      </Row>
      <Row>
         <Value ColumnRef="code">
            <SimpleValue>507 Keine Löschung (Vollstreckungportal-interner Fehler)</SimpleValue>
         </Value>
         <Value ColumnRef="wert">
            <SimpleValue>Keine Löschung (Vollstreckungportal-interner Fehler)</SimpleValue>
         </Value>
      </Row>
      <Row>
         <Value ColumnRef="code">
            <SimpleValue>508 Authentisierung Aufrufer fehlgeschlagen</SimpleValue>
         </Value>
         <Value ColumnRef="wert">
            <SimpleValue>Authentisierung Aufrufer fehlgeschlagen</SimpleValue>
         </Value>
      </Row>
      <Row>
         <Value ColumnRef="code">
            <SimpleValue>509 Aufrufer für die Nutzung des Web-Service nicht autorisiert</SimpleValue>
         </Value>
         <Value ColumnRef="wert">
            <SimpleValue>Aufrufer für die Nutzung des Web-Service nicht autorisiert</SimpleValue>
         </Value>
      </Row>
      <Row>
         <Value ColumnRef="code">
            <SimpleValue>510 Portal: Einlieferung Fachdaten abgeschaltet</SimpleValue>
         </Value>
         <Value ColumnRef="wert">
            <SimpleValue>Die Einlieferung von Fachdaten ist für diesen Mandanten zur Zeit im Portal abgeschaltet (Ampel rot)</SimpleValue>
         </Value>
      </Row>
   </SimpleCodeList>
</gc:CodeList>
