<?xml version="1.0" encoding="UTF-8"?>
<gc:CodeList xmlns:gc="http://docs.oasis-open.org/codelist/ns/genericode/1.0/"
             xmlns:xsi="http://www.w3.org/2001/XMLSchema-instance"
             xmlns:xoev-cl-3="http://xoev.de/schemata/genericode/3">
   <Annotation>
      <Description>
         <xoev-cl-3:nameKurz>ZPO.Fehlercode</xoev-cl-3:nameKurz>
         <xoev-cl-3:beschreibung-codeliste>Codeliste der verschiedenen Fehlercodes.</xoev-cl-3:beschreibung-codeliste>
         <xoev-cl-3:herausgebernameKurz>AG IT-Standards</xoev-cl-3:herausgebernameKurz>
         <xoev-cl-3:datumGueltigkeitAb>2023-10-31</xoev-cl-3:datumGueltigkeitAb>
         <xoev-cl-3:versionCodelistenHandbuch>1.1</xoev-cl-3:versionCodelistenHandbuch>
         <xoev-cl-3:aenderungZurVorversion>Die Codeliste wurde um die Fehlercodes 21 und 22 erweitert.</xoev-cl-3:aenderungZurVorversion>
      </Description>
   </Annotation>
   <Identification>
      <ShortName>zpo.fehlercode</ShortName>
      <LongName>ZPO.Fehlercode</LongName>
      <Version>2.2</Version>
      <CanonicalUri>urn:xoev-de:xjustiz:codeliste:zpo.fehlercode</CanonicalUri>
      <CanonicalVersionUri>urn:xoev-de:xjustiz:codeliste:zpo.fehlercode_2.2</CanonicalVersionUri>
      <Agency>
         <LongName>BLK-AG IT-Standards in der Justiz</LongName>
      </Agency>
   </Identification>
   <ColumnSet>
      <Column Id="code" Use="required">
         <ShortName>code</ShortName>
         <LongName>Schlüssel</LongName>
         <Data Type="string"/>
      </Column>
      <Column Id="wert" Use="required">
         <ShortName>wert</ShortName>
         <LongName>Wert</LongName>
         <Data Type="string"/>
      </Column>
      <Key Id="codeKey">
         <Annotation>
            <AppInfo>
               <xoev-cl-3:empfohleneCodeSpalte/>
            </AppInfo>
         </Annotation>
         <ShortName>codeKey</ShortName>
         <ColumnRef Ref="code"/>
      </Key>
   </ColumnSet>
   <SimpleCodeList>
      <Row>
         <Value ColumnRef="code">
            <SimpleValue>01</SimpleValue>
         </Value>
         <Value ColumnRef="wert">
            <SimpleValue>Strukturfehler (Parserfehler)</SimpleValue>
         </Value>
      </Row>
      <Row>
         <Value ColumnRef="code">
            <SimpleValue>02</SimpleValue>
         </Value>
         <Value ColumnRef="wert">
            <SimpleValue>falscher Nachrichtentyp</SimpleValue>
         </Value>
      </Row>
      <Row>
         <Value ColumnRef="code">
            <SimpleValue>03</SimpleValue>
         </Value>
         <Value ColumnRef="wert">
            <SimpleValue>fehlende Berechtigung</SimpleValue>
         </Value>
      </Row>
      <Row>
         <Value ColumnRef="code">
            <SimpleValue>04</SimpleValue>
         </Value>
         <Value ColumnRef="wert">
            <SimpleValue>Den in Ihrer Anfrage angegebenen Daten konnte keine Person eindeutig zugeordnet werden. Keine Treffer; Ihre Angaben haben zu keinem Treffer geführt bzw. die Person ist nicht im Bestand der DSRV. Ggf. ist die Anfrage mit optimierten Angaben erneut zu senden, z.B. unter Ergänzung des Geburtsnamens zu den Pflichtfeldern (Name, Vorname, Geburtsdatum) oder Angabe nur der Pflichtfelder. Diese Meldung ist kostenfrei.</SimpleValue>
         </Value>
      </Row>
      <Row>
         <Value ColumnRef="code">
            <SimpleValue>05</SimpleValue>
         </Value>
         <Value ColumnRef="wert">
            <SimpleValue>zu viele Treffer (&gt;100)</SimpleValue>
         </Value>
      </Row>
      <Row>
         <Value ColumnRef="code">
            <SimpleValue>06</SimpleValue>
         </Value>
         <Value ColumnRef="wert">
            <SimpleValue>Der Familienname muss gemeldet werden</SimpleValue>
         </Value>
      </Row>
      <Row>
         <Value ColumnRef="code">
            <SimpleValue>07</SimpleValue>
         </Value>
         <Value ColumnRef="wert">
            <SimpleValue>Der Vorname muss gemeldet werden</SimpleValue>
         </Value>
      </Row>
      <Row>
         <Value ColumnRef="code">
            <SimpleValue>08</SimpleValue>
         </Value>
         <Value ColumnRef="wert">
            <SimpleValue>Das Geburtsdatum enthält kein gültiges Datum</SimpleValue>
         </Value>
      </Row>
      <Row>
         <Value ColumnRef="code">
            <SimpleValue>09</SimpleValue>
         </Value>
         <Value ColumnRef="wert">
            <SimpleValue>Das Geburtsdatum ist nicht vorhanden</SimpleValue>
         </Value>
      </Row>
      <Row>
         <Value ColumnRef="code">
            <SimpleValue>10</SimpleValue>
         </Value>
         <Value ColumnRef="wert">
            <SimpleValue>Die Postleitzahl muss gemeldet werden</SimpleValue>
         </Value>
      </Row>
      <Row>
         <Value ColumnRef="code">
            <SimpleValue>11</SimpleValue>
         </Value>
         <Value ColumnRef="wert">
            <SimpleValue>Die Strasse muss gemeldet werden</SimpleValue>
         </Value>
      </Row>
      <Row>
         <Value ColumnRef="code">
            <SimpleValue>12</SimpleValue>
         </Value>
         <Value ColumnRef="wert">
            <SimpleValue>Der Ort muss gemeldet werden</SimpleValue>
         </Value>
      </Row>
      <Row>
         <Value ColumnRef="code">
            <SimpleValue>13</SimpleValue>
         </Value>
         <Value ColumnRef="wert">
            <SimpleValue>Versicherungsnummer ist nicht plausibel</SimpleValue>
         </Value>
      </Row>
      <Row>
         <Value ColumnRef="code">
            <SimpleValue>14</SimpleValue>
         </Value>
         <Value ColumnRef="wert">
            <SimpleValue>Voraussetzungen nach § 74a Absatz 2 SGB X sind nicht erfüllt</SimpleValue>
         </Value>
      </Row>
      <Row>
         <Value ColumnRef="code">
            <SimpleValue>15</SimpleValue>
         </Value>
         <Value ColumnRef="wert">
            <SimpleValue>mehr als 100 Fahrzeuge gefunden</SimpleValue>
         </Value>
      </Row>
      <Row>
         <Value ColumnRef="code">
            <SimpleValue>16</SimpleValue>
         </Value>
         <Value ColumnRef="wert">
            <SimpleValue>mehr als 20 Personen gefunden</SimpleValue>
         </Value>
      </Row>
      <Row>
         <Value ColumnRef="code">
            <SimpleValue>17</SimpleValue>
         </Value>
         <Value ColumnRef="wert">
            <SimpleValue>Die gesuchte Person ist verstorben. Diese Mitteilung ist kostenfrei.</SimpleValue>
         </Value>
      </Row>
      <Row>
         <Value ColumnRef="code">
            <SimpleValue>18</SimpleValue>
         </Value>
         <Value ColumnRef="wert">
            <SimpleValue>Ihr Auskunftersuchen kann nicht beantwortet werden, da eine aktuelle Anschrift in den Beständen der DSRV nicht gespeichert ist. Diese Auskunft ist kostenfrei.</SimpleValue>
         </Value>
      </Row>
      <Row>
         <Value ColumnRef="code">
            <SimpleValue>19</SimpleValue>
         </Value>
         <Value ColumnRef="wert">
            <SimpleValue>Ereignis enthält unzulässigen Wert.</SimpleValue>
         </Value>
      </Row>
      <Row>
         <Value ColumnRef="code">
            <SimpleValue>20</SimpleValue>
         </Value>
         <Value ColumnRef="wert">
            <SimpleValue>Rollenbezeichnung enthält unzulässigen Wert.</SimpleValue>
         </Value>
      </Row>
      <Row>
         <Value ColumnRef="code">
            <SimpleValue>21</SimpleValue>
         </Value>
         <Value ColumnRef="wert">
            <SimpleValue>Die angegebene VSNR stimmt nicht mit angegebenen persönlichen Daten überein. Dies ist eine abschließende, kostenfreie Rückmeldung.</SimpleValue>
         </Value>
      </Row>
      <Row>
         <Value ColumnRef="code">
            <SimpleValue>22</SimpleValue>
         </Value>
         <Value ColumnRef="wert">
            <SimpleValue>AnfrageID bereits vorhanden. Sie haben diese Anfrage bereits gestellt.</SimpleValue>
         </Value>
      </Row>
      <Row>
         <Value ColumnRef="code">
            <SimpleValue>99</SimpleValue>
         </Value>
         <Value ColumnRef="wert">
            <SimpleValue>sonstiger Fehler</SimpleValue>
         </Value>
      </Row>
   </SimpleCodeList>
</gc:CodeList>
