<?xml version="1.0" encoding="UTF-8"?>
<gc:CodeList xmlns:gc="http://docs.oasis-open.org/codelist/ns/genericode/1.0/"
             xmlns:xsi="http://www.w3.org/2001/XMLSchema-instance"
             xmlns:xoev-cl-3="http://xoev.de/schemata/genericode/3">
   <Annotation>
      <Description>
         <xoev-cl-3:nameKurz>ZVG.Objekt</xoev-cl-3:nameKurz>
         <xoev-cl-3:beschreibung-codeliste>Codeliste der verschiedenen Objekte.</xoev-cl-3:beschreibung-codeliste>
         <xoev-cl-3:herausgebernameKurz>AG IT-Standards</xoev-cl-3:herausgebernameKurz>
         <xoev-cl-3:datumGueltigkeitAb>2023-10-31</xoev-cl-3:datumGueltigkeitAb>
         <xoev-cl-3:versionCodelistenHandbuch>1.1</xoev-cl-3:versionCodelistenHandbuch>
      </Description>
   </Annotation>
   <Identification>
      <ShortName>zvg.objekt</ShortName>
      <LongName>ZVG.Objekt</LongName>
      <Version>2.0</Version>
      <CanonicalUri>urn:xoev-de:xjustiz:codeliste:zvg.objekt</CanonicalUri>
      <CanonicalVersionUri>urn:xoev-de:xjustiz:codeliste:zvg.objekt_2.0</CanonicalVersionUri>
      <Agency>
         <LongName>BLK-AG IT-Standards in der Justiz</LongName>
      </Agency>
   </Identification>
   <ColumnSet>
      <Column Id="code" Use="required">
         <ShortName>code</ShortName>
         <LongName>Schlüssel</LongName>
         <Data Type="string"/>
      </Column>
      <Column Id="wert" Use="required">
         <ShortName>wert</ShortName>
         <LongName>Wert</LongName>
         <Data Type="string"/>
      </Column>
      <Key Id="codeKey">
         <Annotation>
            <AppInfo>
               <xoev-cl-3:empfohleneCodeSpalte/>
            </AppInfo>
         </Annotation>
         <ShortName>codeKey</ShortName>
         <ColumnRef Ref="code"/>
      </Key>
   </ColumnSet>
   <SimpleCodeList>
      <Row>
         <Value ColumnRef="code">
            <SimpleValue>1</SimpleValue>
         </Value>
         <Value ColumnRef="wert">
            <SimpleValue>Reihenhaus</SimpleValue>
         </Value>
      </Row>
      <Row>
         <Value ColumnRef="code">
            <SimpleValue>10</SimpleValue>
         </Value>
         <Value ColumnRef="wert">
            <SimpleValue>Kfz-Stellplatz</SimpleValue>
         </Value>
      </Row>
      <Row>
         <Value ColumnRef="code">
            <SimpleValue>11</SimpleValue>
         </Value>
         <Value ColumnRef="wert">
            <SimpleValue>Kfz-Stellplatz (Tiefgarage)</SimpleValue>
         </Value>
      </Row>
      <Row>
         <Value ColumnRef="code">
            <SimpleValue>12</SimpleValue>
         </Value>
         <Value ColumnRef="wert">
            <SimpleValue>sonstiges Teileigentum (z.B. Keller, Hobbyraum)</SimpleValue>
         </Value>
      </Row>
      <Row>
         <Value ColumnRef="code">
            <SimpleValue>13</SimpleValue>
         </Value>
         <Value ColumnRef="wert">
            <SimpleValue>Wohn- / Geschäftshaus</SimpleValue>
         </Value>
      </Row>
      <Row>
         <Value ColumnRef="code">
            <SimpleValue>14</SimpleValue>
         </Value>
         <Value ColumnRef="wert">
            <SimpleValue>gewerblich genutztes Grundstück</SimpleValue>
         </Value>
      </Row>
      <Row>
         <Value ColumnRef="code">
            <SimpleValue>15</SimpleValue>
         </Value>
         <Value ColumnRef="wert">
            <SimpleValue>Baugrundstück</SimpleValue>
         </Value>
      </Row>
      <Row>
         <Value ColumnRef="code">
            <SimpleValue>16</SimpleValue>
         </Value>
         <Value ColumnRef="wert">
            <SimpleValue>unbebautes Grundstück</SimpleValue>
         </Value>
      </Row>
      <Row>
         <Value ColumnRef="code">
            <SimpleValue>17</SimpleValue>
         </Value>
         <Value ColumnRef="wert">
            <SimpleValue>land- und forstwirtschaftlich genutztes Grundstück</SimpleValue>
         </Value>
      </Row>
      <Row>
         <Value ColumnRef="code">
            <SimpleValue>18</SimpleValue>
         </Value>
         <Value ColumnRef="wert">
            <SimpleValue>Sonstiges</SimpleValue>
         </Value>
      </Row>
      <Row>
         <Value ColumnRef="code">
            <SimpleValue>19</SimpleValue>
         </Value>
         <Value ColumnRef="wert">
            <SimpleValue>Zweifamilienhaus</SimpleValue>
         </Value>
      </Row>
      <Row>
         <Value ColumnRef="code">
            <SimpleValue>2</SimpleValue>
         </Value>
         <Value ColumnRef="wert">
            <SimpleValue>Doppelhaushälfte</SimpleValue>
         </Value>
      </Row>
      <Row>
         <Value ColumnRef="code">
            <SimpleValue>3</SimpleValue>
         </Value>
         <Value ColumnRef="wert">
            <SimpleValue>Einfamilienhaus</SimpleValue>
         </Value>
      </Row>
      <Row>
         <Value ColumnRef="code">
            <SimpleValue>4</SimpleValue>
         </Value>
         <Value ColumnRef="wert">
            <SimpleValue>Mehrfamilienhaus</SimpleValue>
         </Value>
      </Row>
      <Row>
         <Value ColumnRef="code">
            <SimpleValue>5</SimpleValue>
         </Value>
         <Value ColumnRef="wert">
            <SimpleValue>Eigentumswohnung (1 bis 2 Zimmer)</SimpleValue>
         </Value>
      </Row>
      <Row>
         <Value ColumnRef="code">
            <SimpleValue>6</SimpleValue>
         </Value>
         <Value ColumnRef="wert">
            <SimpleValue>Eigentumswohnung (3 bis 4 Zimmer)</SimpleValue>
         </Value>
      </Row>
      <Row>
         <Value ColumnRef="code">
            <SimpleValue>7</SimpleValue>
         </Value>
         <Value ColumnRef="wert">
            <SimpleValue>Eigentumswohnung (ab 5 Zimmer)</SimpleValue>
         </Value>
      </Row>
      <Row>
         <Value ColumnRef="code">
            <SimpleValue>8</SimpleValue>
         </Value>
         <Value ColumnRef="wert">
            <SimpleValue>Gewerbeeinheit (z.B. Laden, Büro)</SimpleValue>
         </Value>
      </Row>
      <Row>
         <Value ColumnRef="code">
            <SimpleValue>9</SimpleValue>
         </Value>
         <Value ColumnRef="wert">
            <SimpleValue>Garage</SimpleValue>
         </Value>
      </Row>
   </SimpleCodeList>
</gc:CodeList>
