<?xml version="1.0" encoding="UTF-8"?>
<gc:CodeList xmlns:gc="http://docs.oasis-open.org/codelist/ns/genericode/1.0/"
             xmlns:xsi="http://www.w3.org/2001/XMLSchema-instance"
             xmlns:xoev-cl-3="http://xoev.de/schemata/genericode/3">
   <Annotation>
      <Description>
         <xoev-cl-3:nameKurz>ZVG.Nachrichtenart</xoev-cl-3:nameKurz>
         <xoev-cl-3:beschreibung-codeliste>Codeliste der verschiedenen verzinslichen Kosten.</xoev-cl-3:beschreibung-codeliste>
         <xoev-cl-3:herausgebernameKurz>AG IT-Standards</xoev-cl-3:herausgebernameKurz>
         <xoev-cl-3:datumGueltigkeitAb>2023-10-31</xoev-cl-3:datumGueltigkeitAb>
         <xoev-cl-3:versionCodelistenHandbuch>1.1</xoev-cl-3:versionCodelistenHandbuch>
      </Description>
   </Annotation>
   <Identification>
      <ShortName>zvg.nachrichtenart</ShortName>
      <LongName>ZVG.Nachrichtenart</LongName>
      <Version>1.0</Version>
      <CanonicalUri>urn:xoev-de:xjustiz:codeliste:zvg.nachrichtenart</CanonicalUri>
      <CanonicalVersionUri>urn:xoev-de:xjustiz:codeliste:zvg.nachrichtenart_1.0</CanonicalVersionUri>
      <Agency>
         <LongName>BLK-AG IT-Standards in der Justiz</LongName>
      </Agency>
   </Identification>
   <ColumnSet>
      <Column Id="code" Use="required">
         <ShortName>code</ShortName>
         <LongName>Schlüssel</LongName>
         <Data Type="string"/>
      </Column>
      <Column Id="wert" Use="required">
         <ShortName>wert</ShortName>
         <LongName>Wert</LongName>
         <Data Type="string"/>
      </Column>
      <Key Id="codeKey">
         <Annotation>
            <AppInfo>
               <xoev-cl-3:empfohleneCodeSpalte/>
            </AppInfo>
         </Annotation>
         <ShortName>codeKey</ShortName>
         <ColumnRef Ref="code"/>
      </Key>
   </ColumnSet>
   <SimpleCodeList>
      <Row>
         <Value ColumnRef="code">
            <SimpleValue>01</SimpleValue>
         </Value>
         <Value ColumnRef="wert">
            <SimpleValue>Nachricht gem. § 41 ZVG</SimpleValue>
         </Value>
      </Row>
      <Row>
         <Value ColumnRef="code">
            <SimpleValue>02</SimpleValue>
         </Value>
         <Value ColumnRef="wert">
            <SimpleValue>Auftrag an einen Sachverständigen</SimpleValue>
         </Value>
      </Row>
      <Row>
         <Value ColumnRef="code">
            <SimpleValue>03</SimpleValue>
         </Value>
         <Value ColumnRef="wert">
            <SimpleValue>Anordnung einer Zwangsverwaltung</SimpleValue>
         </Value>
      </Row>
      <Row>
         <Value ColumnRef="code">
            <SimpleValue>04</SimpleValue>
         </Value>
         <Value ColumnRef="wert">
            <SimpleValue>Bericht des Zwangsverwalters</SimpleValue>
         </Value>
      </Row>
      <Row>
         <Value ColumnRef="code">
            <SimpleValue>05</SimpleValue>
         </Value>
         <Value ColumnRef="wert">
            <SimpleValue>Antrag des Zwangsverwalters</SimpleValue>
         </Value>
      </Row>
      <Row>
         <Value ColumnRef="code">
            <SimpleValue>06</SimpleValue>
         </Value>
         <Value ColumnRef="wert">
            <SimpleValue>Vergütungsantrag des Zwangsverwalters</SimpleValue>
         </Value>
      </Row>
   </SimpleCodeList>
</gc:CodeList>
